{"version":1,"hash":{"type":"Buffer","data":"ZSY9M26Xm7iweIHn0WmaAGHMWyaXg5cW7Wr1s2U0tF9kAuKXtQqwP1FxVsWVvVL+ygSojpu9+ROjJyEudYAII9vLusCJRDdbvUgT/e7KyRDZ1JTwKzanYMLtuvAMaz9fmD2OQYaY7gKunMXLChB7IchzUAcjwtvlsrNkeJ6k4mc="},"indexValueMap":{"MKUIsxD1L52iBiHK380t18rr8VTmh7xlMKf8gLoyI/8=":{"valueMac":{"type":"Buffer","data":"xjK8acIXJunrRgizdwwT+T7NWuMVQQhFUMBYzyNGMXM="}},"l7kOxVeqznFye6q1WQZqpo/spDl750cOSZxl4sOJZC8=":{"valueMac":{"type":"Buffer","data":"U9WrddGtP+1ypZCOFWmjps21FM1rJbXwpXPTAxPjAfY="}},"e0EdYQmAanQyrK8siHrglzsnWtv3+j7b43m1jZRuBrE=":{"valueMac":{"type":"Buffer","data":"SyU2seIxWCgGHS2gObFcWKKBLSgTfjTmH86JZ36gUXs="}},"JfuJ3WCM9DZGsHxIzn6iqNcpMcfJSXB/zx0SQkThEtM=":{"valueMac":{"type":"Buffer","data":"n+w2ndDfmkFRo6I3xB+V5SZWQ0tMtOn05TPSkw4kzRo="}}}}