{"version":1,"hash":{"type":"Buffer","data":"hV+YuBqSSP51GKdBv6k8zJrbv5M7OccgJqC4gax7SbvJA29p33z1kTZ/5BIogw2hM231Ty680i3f4xdqoLXxbOO28Cx5RW6RAA3zUwmJ7B9xQGxzEUCXTYxj6nNNrz7EqdVwYN2FvjBNG/PIl8ztuVvsEzn/gyQdO6+IKZXLY+g="},"indexValueMap":{"8su6+fzDORTkepg9aAKCRVuCug25U1H4hOWGWvfts8I=":{"valueMac":{"type":"Buffer","data":"e/l6djTdpwUhGoXQ/mrAMDVkaz7W9m60773mnTn4iqs="}},"xAGwi+rcZf5RadxcPoVqzXiJo3H9GrCUHgxdPZUSFe8=":{"valueMac":{"type":"Buffer","data":"kUkXDX+sWJtERyK8/ENY4X4bF6MmQxfy/X0CJ9TmUD4="}},"1R5vj3+m9PUe2JwRQ8hRIUBZkvmfXmgimLz3IHBdIXg=":{"valueMac":{"type":"Buffer","data":"wMqpmmm6n/JtW044qNBCUZPOM190FuGk3v4w1ThWsOI="}},"Rt4Nlb+WYKJt2a9R7MGvC84ZZsrDoi+rl6OuhYCVZsw=":{"valueMac":{"type":"Buffer","data":"qWxeGXUMdVpSCRdNtvxfKsnmP1e44yaLG8SiTiuOEJQ="}},"GED3qpDPlpGY5G3tWVJ3Kr0fJWdb0O7TE/4tjPw3Om4=":{"valueMac":{"type":"Buffer","data":"idQFyTH1n1ovryEIsgejgoTwVT7yrkI46U+Ug60rUCg="}},"MepCA5xcLAiLB4NIPKUHe9j/qmkfESKkIm6AnLk0p4Q=":{"valueMac":{"type":"Buffer","data":"2vSTa1Y5WSHIobYK0R+vYRc4ECXfTq92Ar5LW3rjaCQ="}},"58yXnnv0a9kg02ZDwhAwN263lvYgEmyvVAJcrDq5ZUU=":{"valueMac":{"type":"Buffer","data":"uL+ZqbPGlNnwHqBHZAciHR8lSCcc3ydgwnh/IP65z8M="}},"1BuACZMrPCOgVUicW7hsKGZ25u2sdNJungAkYGq9ddg=":{"valueMac":{"type":"Buffer","data":"4HM+l5femnNeuc//xLB6AnaK4SG0nI1PkyrO5Nj2VTg="}},"vm/iKtEX9SApKZ1snThCBUZ8wCCZsF6PLdHzlNBcT8I=":{"valueMac":{"type":"Buffer","data":"Iz2pMO6KP2Pq1vTBOOt9BU+/vRl5YvjXyXxwyXtv2Lc="}},"yMNWgfZw3aa/QBhoj+1EQXwdukw/22D5kzJ6aql342Q=":{"valueMac":{"type":"Buffer","data":"8qa234YVuQwB4wKFrymBx9VvfkzbI1FFVAyk4Z5UWE8="}},"zjau3ewUzkZ3vPE+zB01wFjoB2oOnfm09s9xfs94uaw=":{"valueMac":{"type":"Buffer","data":"C1jCl9HfKickI7GOyXL1RmNUWNzq/mKGlRkD2ECvtac="}},"3+Z73BjxS7IWjuUe0RVXILOdE4mCoIvhyNsPNnWhS04=":{"valueMac":{"type":"Buffer","data":"Vf3uzYoGpYD5ipBBE8gG+9JHP50rfDvpbpvLfcmvkRM="}},"PX95DrxbsuZ2lTVA6DXSb8dvYngeCWexLABEIDbtXo0=":{"valueMac":{"type":"Buffer","data":"vfzDYdVPea7oF+dUhZzr2dvH8A2GAS2IplsPfalbcDk="}},"5xWnUg72iXrVGYLGX94vWlI+tN7RfxsBIPDjvKCOqOc=":{"valueMac":{"type":"Buffer","data":"HJnm+iT1RwJtCRJ/Qyc8crc+jjCXoNA1lZuoc3WNa3g="}},"Gq+LBN0S0rTeQqsg6h/tgQD7dK2Mb3ROF2lDL6T8O3w=":{"valueMac":{"type":"Buffer","data":"Beuj/dqDBIVpGCWlUSO/Ex2ueuH0DjlP9JGH0ET/xJk="}},"IYH3ctUgM2vZUZR9Im5qus/aAzhduMXZMrs/74eMOJ8=":{"valueMac":{"type":"Buffer","data":"CW2/wDRjpjB1EfnvxzmdrMhYiBScBYZ2mn0B4VFrvKI="}},"Fh+busOjAAl5tG+Yvam0gQ81J/e7Ni2j4J3lQaQPuwY=":{"valueMac":{"type":"Buffer","data":"WfoG/+ve0bidZ3cVVlvjU8Wl+ZBlc7QzfP7p42QKsxk="}},"MWy80mF22T13ehja8mKjaNJ5NTzFClZZ/sKhpugn8tY=":{"valueMac":{"type":"Buffer","data":"ux12Nct+lF0BpHdQaZNF5p3KV/jt2Bcm2xtG7ioMyqw="}},"tLs3gRDBhN8CRok5IlFi4fXT7xPfULtVkBJJ+BaMbcQ=":{"valueMac":{"type":"Buffer","data":"GgVB9sdOS2tNT94exMqyBI8qPTRC6BHPrXoX1tMJzhA="}},"xiLfw9ZMgF6OCn5Rm7VYV5XiPcsaWE7Ozb5qa6E9c/4=":{"valueMac":{"type":"Buffer","data":"0yAt99qlXgP3V5Bf04XxGQ4gvsCkUGQoEGC7gSZPg5s="}},"CUAVHTWEiM4nTc+schWgvDZ7sJukbc83u/EJS3taCtY=":{"valueMac":{"type":"Buffer","data":"QGXU/v4K2XqQgSWD/U/gZ7ycdD0vZOX8WaD7/58O+VA="}},"qBpO0LxlVfi8xZBR73cyyvCjNmZFdO98Tg2y9TP4Yqk=":{"valueMac":{"type":"Buffer","data":"Xt4IdWQg/zc0KYxL/1C1k3D1D6TcZzwdc9DxVW32rfE="}},"Inn2a76ndMlBwPG7sJVfZ4DMfKgQKaci3RMBeX42IVI=":{"valueMac":{"type":"Buffer","data":"vwSeyVhK+4aMiauPJfH6dmWlBCkecQFxmkGAvoIkDO8="}},"db2wMARFhWCCcBmmxkWUVLMTdGJzG8BhRQ9f20GYlXQ=":{"valueMac":{"type":"Buffer","data":"06Jze5KS7wHrQNQrrJdxlQ0bEr1fbf77sr+CRpF2XpA="}},"GEQcZbB3JcVQAxjtmrBotfBLtlRluG8/2DwLnYiVkE8=":{"valueMac":{"type":"Buffer","data":"LTju6Yab5C5xUdcXO2kD7/IVVJb+kyUZ2cy64ZxPBqA="}},"3ovg5v22T6W7REgd/hPTrcsniA+YNkJpig5Onz9Ms4U=":{"valueMac":{"type":"Buffer","data":"b/81plv+VYmX60RqTaRQgmh5SJc6Bih5+COEHUl7dms="}},"N4nGB5ExdERSvO+PwcetuF3xFvUzFqTc9xiE+bJijb8=":{"valueMac":{"type":"Buffer","data":"0TRQwScGDKDim9SDkuFFn16WsQvd4Kaw02SjeVDYZHc="}},"hGL647k/MCbNrusaKf1ecoJUFQ0Y8EI7YJ+sAvXVEyU=":{"valueMac":{"type":"Buffer","data":"7IyaT8+vFfBBSQQT22htPh70I/xRbPHCkLjE3dsOBlM="}},"RdDvx4Gasbkt2dXCWZqEhxHoCR7n7+mAkr9bjOb5OYc=":{"valueMac":{"type":"Buffer","data":"Hms61xvpjoq5d7r5YvO/bc3PfI1oW3A5AnF2GfBmykg="}},"0qnHj8gIGsVjeWCUZkIe+J1WzqR8BD42rw2hLU8YIMk=":{"valueMac":{"type":"Buffer","data":"qqzHTeGsafx51MZyrh09Bc3l/FjakTfMnIPJM5fKZgw="}},"Rzq27SHTcXA7pE4G0WtfiKri0peIJi7gd2Uu6vSnzFo=":{"valueMac":{"type":"Buffer","data":"hijnrnE7eY3UWIH5ZIvK+YXJbsZAsNXrtKpSkO6UAq4="}},"V5fKnkYzm4tVyP7a1PSsYmwIoAarcxCkv7mSPLdsfPU=":{"valueMac":{"type":"Buffer","data":"ah1JowPWwMSRZ8ZCfxOHAV6pLd+Dr+AVDbHr/eGCxSQ="}},"gG+C0m9XSNrwxGZFxUWpRW9FUsXrdb5tb0Rt2ga4L6Q=":{"valueMac":{"type":"Buffer","data":"NMhHMCjTq4Nb8dsrbhhxeKmXjb6S67jqEs29OxLwozg="}},"wfLn+FuOfDH2PAvn2Hep9u/4U5utsxAJNwItnf0fUv8=":{"valueMac":{"type":"Buffer","data":"go0+kn34U0lb0vm4IhzeFP7fGV1q3Kzjuu3rLB2b34c="}},"foiq2ndTcsW6rPRFUTmWTuoMGGysEqSA4r5fvPOgmNY=":{"valueMac":{"type":"Buffer","data":"sPk94mrgwV8pw8KPKG2vmjVXYOYdTM4zdtiqjwzlMrA="}},"/sTH5a40JRagF9/2Pz09PgjBFkrzn76E3tp0gnfGra8=":{"valueMac":{"type":"Buffer","data":"ugEPClwW5qczhKDRZvy92Y3W5kE0Ppo9GSf5KryYGQg="}},"VfCJJyUicExwi6N4Fyl+2fD6+FbqPMx5qmxOp64mPwQ=":{"valueMac":{"type":"Buffer","data":"tzT/42sjku/ljzUVG1FMD6TvNgHiWXV4FVePm/T+21Q="}},"X3zLi1ZyOLpNDb75q4fXIwv5UDp3YnDkkXwn+JKJP0w=":{"valueMac":{"type":"Buffer","data":"xIm790tHLNCJb2dT3Wb/LMvVn+ZUnhvTcnSY7bWHQto="}},"waOZ0wwwRZx0uXWJbpLVETBvIzWhBWCNXQuJpuY45l8=":{"valueMac":{"type":"Buffer","data":"BsobvB0ueZCveZUw9d6i6LpeHrS5B5AL8hMWRZjIKDs="}}}}