{"noiseKey":{"private":{"type":"Buffer","data":"OMDXCdR+01PW++QMNCv+uWes0HsrmUOW0TgjuhUrYmw="},"public":{"type":"Buffer","data":"z4L/RgE0vDCL1DiHl7FQ7OTsg7VTlOkcrQwYLLdCNBc="}},"signedIdentityKey":{"private":{"type":"Buffer","data":"wDi078KH/jGiNJiKr/1ORh6PuEYQbLv1CABRe3/I7nA="},"public":{"type":"Buffer","data":"M12GDshPjyeau5ENa1mQUClNk1OTS2mH69jZjZiosFI="}},"signedPreKey":{"keyPair":{"private":{"type":"Buffer","data":"iHuvEWdoKtZ5JsN8ChnSP43j7aO9qk0IrPHvIEFTxVc="},"public":{"type":"Buffer","data":"K7/KQiQmzhfh0l1weoRDD6acmFb92b0oFf8KVDA5gHo="}},"signature":{"type":"Buffer","data":"Lapj6GP7qmzHad9M7SM8YcD3szFm0OrfRHK6NC/6fe4dhN+9SWAsn/FRNk9mzAHrdu2Ux0ZwVgI6XUbXCqfEjA=="},"keyId":1},"registrationId":38,"advSecretKey":"kINezDZGemMNJeHx6qp2bI8o9cXN3M6ULzcJDjtVX6M=","processedHistoryMessages":[{"key":{"remoteJid":"6285606953470@s.whatsapp.net","fromMe":true,"id":"EE1802E2E3025CC71BEC42DFAB03B05F"},"messageTimestamp":1689261696},{"key":{"remoteJid":"6285606953470@s.whatsapp.net","fromMe":true,"id":"43F4C71069617D40C560203691E8C3C4"},"messageTimestamp":1689261701},{"key":{"remoteJid":"6285606953470@s.whatsapp.net","fromMe":true,"id":"F8131FD988AE59A691BF5AF203D2DD65"},"messageTimestamp":1689261712},{"key":{"remoteJid":"6285606953470@s.whatsapp.net","fromMe":true,"id":"C8023975D17C7C72EABB63BFA0C4F2C7"},"messageTimestamp":1689261836}],"nextPreKeyId":31,"firstUnuploadedPreKeyId":31,"accountSyncCounter":1,"accountSettings":{"unarchiveChats":false},"account":{"details":"CJjk1MUBEPiswKUGGAE=","accountSignatureKey":"Bq6b5kkDH+g6+HlzQ1yRV0eQHf46t64+H0JeelMasVk=","accountSignature":"e6AaauP5jX5lkdHcsm53uRJOa927Dh6X2UjM5E7JAb9cX/Uyk1ot/TwhSxC60KVjLWwWBC4V5BrBq4PJFkVpAw==","deviceSignature":"RzqDPZVLkflq9HKPpuNuSy1yS1FITF4mI5sN6ZNjVA/p+VWJ2xSYeQUVYevBAq/ptV7ccoQ9YKw9nFwe+ClIiQ=="},"me":{"id":"6285606953470:10@s.whatsapp.net","name":"DARK GNG"},"signalIdentities":[{"identifier":{"name":"6285606953470:10@s.whatsapp.net","deviceId":0},"identifierKey":{"type":"Buffer","data":"BQaum+ZJAx/oOvh5c0NckVdHkB3+OreuPh9CXnpTGrFZ"}}],"platform":"android","lastAccountSyncTimestamp":1689261801,"myAppStateKeyId":"AAAAAAsG"}