[{"senderKeyId":1593918947,"senderChainKey":{"iteration":377,"seed":"cDJ9XI0X7DCbjew2aqnAe4Q45aTNpP/yRj4tkJYRsbo="},"senderSigningKey":{"public":"BdEnuaSCnoYvIe6LPpgMAqkIHQNFcxpBnxd0cM0dpWw0"},"senderMessageKeys":[{},{},{},{},{},{},{},{},{},{},{},{},{},{},{},{},{},{},{},{},{},{},{},{},{},{},{},{},{},{},{},{},{},{},{},{},{},{},{}]},{"senderKeyId":1593918947,"senderChainKey":{"iteration":333,"seed":"o5O+D6yx+ExRdFU4QDTPUmjIXTQN2YxuES/HO+FjRcA="},"senderSigningKey":{"public":"BdEnuaSCnoYvIe6LPpgMAqkIHQNFcxpBnxd0cM0dpWw0"},"senderMessageKeys":[]},{"senderKeyId":1593918947,"senderChainKey":{"iteration":335,"seed":"kbarLBn1e2ezPCLHvmxhXmM4mx1gPtzCVOK+mihXixE="},"senderSigningKey":{"public":"BdEnuaSCnoYvIe6LPpgMAqkIHQNFcxpBnxd0cM0dpWw0"},"senderMessageKeys":[]},{"senderKeyId":1593918947,"senderChainKey":{"iteration":337,"seed":"DgLOILzRsM262elgS8z2qCy/+SuG0o93Sz/iOBMuJTk="},"senderSigningKey":{"public":"BdEnuaSCnoYvIe6LPpgMAqkIHQNFcxpBnxd0cM0dpWw0"},"senderMessageKeys":[]},{"senderKeyId":1593918947,"senderChainKey":{"iteration":371,"seed":"zfp8rfKEKjFgncdJtteLVpWIhdpDuKCWQSVi/J45Zu0="},"senderSigningKey":{"public":"BdEnuaSCnoYvIe6LPpgMAqkIHQNFcxpBnxd0cM0dpWw0"},"senderMessageKeys":[]},{"senderKeyId":1593918947,"senderChainKey":{"iteration":373,"seed":"ij4oJIKzdS+8mbSEC8be8NBLq28kkCGXgdnPbsBgg4U="},"senderSigningKey":{"public":"BdEnuaSCnoYvIe6LPpgMAqkIHQNFcxpBnxd0cM0dpWw0"},"senderMessageKeys":[]},{"senderKeyId":1593918947,"senderChainKey":{"iteration":375,"seed":"0FuwCdviZ5z5eXTNEJZZXhjFLzvkQDidUvex6yoKsvM="},"senderSigningKey":{"public":"BdEnuaSCnoYvIe6LPpgMAqkIHQNFcxpBnxd0cM0dpWw0"},"senderMessageKeys":[]}]