[{"senderKeyId":1520158275,"senderChainKey":{"iteration":3,"seed":"ENyIN0WAua5ajAFsyqNH10Rmdag0kUF7ugZy2l3krbg="},"senderSigningKey":{"public":"BYgpuB0HS84a3i2qXqlZxfOcjWsdUl9P860BAvQx7b1P"},"senderMessageKeys":[]},{"senderKeyId":1520158275,"senderChainKey":{"iteration":1,"seed":"iTwNTxVu7LijKuwHSBxyAPFOegFSRfWhvG0n+ZhVj3M="},"senderSigningKey":{"public":"BYgpuB0HS84a3i2qXqlZxfOcjWsdUl9P860BAvQx7b1P"},"senderMessageKeys":[]},{"senderKeyId":1520158275,"senderChainKey":{"iteration":2,"seed":"4OMZtUlG90Ug4O82FoMTQfgVTAixz6rbnbcMHcaipZA="},"senderSigningKey":{"public":"BYgpuB0HS84a3i2qXqlZxfOcjWsdUl9P860BAvQx7b1P"}}]