[{"senderKeyId":1998166818,"senderChainKey":{"iteration":3,"seed":"4/MDd2giDU1lQSMNTDm/MXDEQQnUkT6IMwGMu0Klhks="},"senderSigningKey":{"public":"BTDGeZQZw2n5MCDVXDINrw+6hgUdpEGdjC3WbZXAHPZo"},"senderMessageKeys":[]},{"senderKeyId":1998166818,"senderChainKey":{"iteration":1,"seed":"u3Fi/mlNSDogD6M7dC1c3oDvMIQd4H9UxVfIFUbFMUM="},"senderSigningKey":{"public":"BTDGeZQZw2n5MCDVXDINrw+6hgUdpEGdjC3WbZXAHPZo"},"senderMessageKeys":[]},{"senderKeyId":1998166818,"senderChainKey":{"iteration":2,"seed":"23qUKj4c3YSc+hzuyHitAsGJ3cca5K0ou6Z1JXapuZc="},"senderSigningKey":{"public":"BTDGeZQZw2n5MCDVXDINrw+6hgUdpEGdjC3WbZXAHPZo"}}]