[{"senderKeyId":1519903737,"senderChainKey":{"iteration":273,"seed":"a1qDiHXgC8BbIGXVeg/vnwH4asgvGoUtPqtQkHSR1mo="},"senderSigningKey":{"public":"BQ8qUT0z/UojAWEsxoO2yAD2dKN1PBQ9RcRZUumZX0oH"},"senderMessageKeys":[{},{},{},{},{},{},{},{},{},{},{},{},{},{},{},{},{},{},{},{},{},{},{},{},{},{},{},{},{},{},{},{},{},{},{},{},{},{},{},{},{},{},{},{},{},{},{},{},{},{},{},{},{},{},{},{},{},{},{},{},{},{},{},{},{},{},{},{},{},{},{},{},{},{},{},{},{},{},{},{},{},{},{},{},{},{},{},{},{},{},{},{},{},{},{},{},{},{},{},{},{},{},{},{},{},{},{},{},{},{},{},{},{},{},{},{},{},{},{},{},{},{},{},{},{},{},{},{},{},{},{},{},{},{}]},{"senderKeyId":1519903737,"senderChainKey":{"iteration":45,"seed":"1nrHLcFPhNUAyn9eQXKPD0flJ7Krg7dajizULM8NBrk="},"senderSigningKey":{"public":"BQ8qUT0z/UojAWEsxoO2yAD2dKN1PBQ9RcRZUumZX0oH"},"senderMessageKeys":[]},{"senderKeyId":1519903737,"senderChainKey":{"iteration":47,"seed":"5sMtkNUcB59gCT22As1w95FNRGgvk9P3seFp+yuvQWk="},"senderSigningKey":{"public":"BQ8qUT0z/UojAWEsxoO2yAD2dKN1PBQ9RcRZUumZX0oH"},"senderMessageKeys":[]},{"senderKeyId":1519903737,"senderChainKey":{"iteration":51,"seed":"e+Wk7P8fZmf1RTezhUBmg85zniOGi8MZ/hrxKloFdK0="},"senderSigningKey":{"public":"BQ8qUT0z/UojAWEsxoO2yAD2dKN1PBQ9RcRZUumZX0oH"},"senderMessageKeys":[]},{"senderKeyId":1519903737,"senderChainKey":{"iteration":53,"seed":"3cqTb9CmIYy78clAyIBTe2N9qgdjW8S0iBvvWS+3/Pk="},"senderSigningKey":{"public":"BQ8qUT0z/UojAWEsxoO2yAD2dKN1PBQ9RcRZUumZX0oH"},"senderMessageKeys":[]},{"senderKeyId":1519903737,"senderChainKey":{"iteration":55,"seed":"IPQwy/yNr+RdJci6odswkCwIUAB99vvpeJ0LqBGH5As="},"senderSigningKey":{"public":"BQ8qUT0z/UojAWEsxoO2yAD2dKN1PBQ9RcRZUumZX0oH"},"senderMessageKeys":[]},{"senderKeyId":1519903737,"senderChainKey":{"iteration":57,"seed":"63ZyK6A5Qzq1EOwFio0v7FaikjyKRNvp2eM1IRkDiGY="},"senderSigningKey":{"public":"BQ8qUT0z/UojAWEsxoO2yAD2dKN1PBQ9RcRZUumZX0oH"},"senderMessageKeys":[]},{"senderKeyId":1519903737,"senderChainKey":{"iteration":59,"seed":"AsF+34Il31f0GnNIJ491DyNnQ09mLcz3GcvccariOiI="},"senderSigningKey":{"public":"BQ8qUT0z/UojAWEsxoO2yAD2dKN1PBQ9RcRZUumZX0oH"},"senderMessageKeys":[]},{"senderKeyId":1519903737,"senderChainKey":{"iteration":61,"seed":"WpYMPlC6qwpPKnuGEqnKtjCqRpWJ1Ni+kjWydkGwap0="},"senderSigningKey":{"public":"BQ8qUT0z/UojAWEsxoO2yAD2dKN1PBQ9RcRZUumZX0oH"},"senderMessageKeys":[]},{"senderKeyId":1519903737,"senderChainKey":{"iteration":63,"seed":"JUIuFdMQuWD9/td7wlthnxfczJ6Q9LT+QVnSHR01qfc="},"senderSigningKey":{"public":"BQ8qUT0z/UojAWEsxoO2yAD2dKN1PBQ9RcRZUumZX0oH"},"senderMessageKeys":[]},{"senderKeyId":1519903737,"senderChainKey":{"iteration":65,"seed":"Xq2vIGj9jroqx56S6itb+KUMnq8DsKS/b79iejFcO2s="},"senderSigningKey":{"public":"BQ8qUT0z/UojAWEsxoO2yAD2dKN1PBQ9RcRZUumZX0oH"},"senderMessageKeys":[]},{"senderKeyId":1519903737,"senderChainKey":{"iteration":67,"seed":"uSu8PgOUXsx0LWiryShq4Jv1g38G9FJPy5BgVlScjD4="},"senderSigningKey":{"public":"BQ8qUT0z/UojAWEsxoO2yAD2dKN1PBQ9RcRZUumZX0oH"},"senderMessageKeys":[]},{"senderKeyId":1519903737,"senderChainKey":{"iteration":69,"seed":"XW8bQ7gKqdQHaMqIfP9acg/qs5hT5NF67efoZPlPpg0="},"senderSigningKey":{"public":"BQ8qUT0z/UojAWEsxoO2yAD2dKN1PBQ9RcRZUumZX0oH"},"senderMessageKeys":[]},{"senderKeyId":1519903737,"senderChainKey":{"iteration":71,"seed":"Yq4wJBmNXZ7euEElwi3PcSfUXbhdmoR2OQaNN8H9Wis="},"senderSigningKey":{"public":"BQ8qUT0z/UojAWEsxoO2yAD2dKN1PBQ9RcRZUumZX0oH"},"senderMessageKeys":[]},{"senderKeyId":1519903737,"senderChainKey":{"iteration":73,"seed":"OGC9c+yitHQiTrBOW4DEbKDGGBIcbPFCvKg6KO6gSaI="},"senderSigningKey":{"public":"BQ8qUT0z/UojAWEsxoO2yAD2dKN1PBQ9RcRZUumZX0oH"},"senderMessageKeys":[]},{"senderKeyId":1519903737,"senderChainKey":{"iteration":75,"seed":"p5A6QzJtPNNpFVN0DDAVYXxp41gAVpvI2oOp1leoITw="},"senderSigningKey":{"public":"BQ8qUT0z/UojAWEsxoO2yAD2dKN1PBQ9RcRZUumZX0oH"},"senderMessageKeys":[]},{"senderKeyId":1519903737,"senderChainKey":{"iteration":77,"seed":"bD+ryW2wH3AyyW5JgXC89Q8WSKVNXDj7jIGxbM+2BsY="},"senderSigningKey":{"public":"BQ8qUT0z/UojAWEsxoO2yAD2dKN1PBQ9RcRZUumZX0oH"},"senderMessageKeys":[]},{"senderKeyId":1519903737,"senderChainKey":{"iteration":83,"seed":"IaBdH0OcE8KjmA8gnSmyxHBGTRQKKxYyw6zMGuwAyFE="},"senderSigningKey":{"public":"BQ8qUT0z/UojAWEsxoO2yAD2dKN1PBQ9RcRZUumZX0oH"},"senderMessageKeys":[]},{"senderKeyId":1519903737,"senderChainKey":{"iteration":99,"seed":"GOQge5m40t33Xzfu49sr1OCt7rrO13wj5u8wNGwIh7Y="},"senderSigningKey":{"public":"BQ8qUT0z/UojAWEsxoO2yAD2dKN1PBQ9RcRZUumZX0oH"},"senderMessageKeys":[]},{"senderKeyId":1519903737,"senderChainKey":{"iteration":101,"seed":"tckgi7VAzIKDl0ZPr/xDeBI8I2+rMNRkOnUQZwj8EDs="},"senderSigningKey":{"public":"BQ8qUT0z/UojAWEsxoO2yAD2dKN1PBQ9RcRZUumZX0oH"},"senderMessageKeys":[]},{"senderKeyId":1519903737,"senderChainKey":{"iteration":103,"seed":"SM9B+p9m6e2V21+SKcFQsK76WfKZ5X7sp+SlSGoVnok="},"senderSigningKey":{"public":"BQ8qUT0z/UojAWEsxoO2yAD2dKN1PBQ9RcRZUumZX0oH"},"senderMessageKeys":[]},{"senderKeyId":1519903737,"senderChainKey":{"iteration":105,"seed":"3f/Ty5m4GMSLxIdU6+suKJ+KqajvSk9h1gn4lHNv7KM="},"senderSigningKey":{"public":"BQ8qUT0z/UojAWEsxoO2yAD2dKN1PBQ9RcRZUumZX0oH"},"senderMessageKeys":[]},{"senderKeyId":1519903737,"senderChainKey":{"iteration":107,"seed":"mnwYXWazwyknLXmFPONDdzOUeO1PutxkKHUpIVPltdM="},"senderSigningKey":{"public":"BQ8qUT0z/UojAWEsxoO2yAD2dKN1PBQ9RcRZUumZX0oH"},"senderMessageKeys":[]},{"senderKeyId":1519903737,"senderChainKey":{"iteration":109,"seed":"2zqzUaBr/m1Hi/+YEWyL/d9VxTu6X092nm//ltjQ9xE="},"senderSigningKey":{"public":"BQ8qUT0z/UojAWEsxoO2yAD2dKN1PBQ9RcRZUumZX0oH"},"senderMessageKeys":[]},{"senderKeyId":1519903737,"senderChainKey":{"iteration":111,"seed":"Dgg3nw6wKsabQyTDKj3TFqs7oIPMq2pDx2Z2sghj8HM="},"senderSigningKey":{"public":"BQ8qUT0z/UojAWEsxoO2yAD2dKN1PBQ9RcRZUumZX0oH"},"senderMessageKeys":[]},{"senderKeyId":1519903737,"senderChainKey":{"iteration":113,"seed":"KvGOk0Xg/7TnE9EqJ1BFxunBgVV2uL22MT9z8231oDk="},"senderSigningKey":{"public":"BQ8qUT0z/UojAWEsxoO2yAD2dKN1PBQ9RcRZUumZX0oH"},"senderMessageKeys":[]},{"senderKeyId":1519903737,"senderChainKey":{"iteration":115,"seed":"1yKxSD2P3GVW0ImzxpouEcPRWNn1lr+v9DNtHbJSnqE="},"senderSigningKey":{"public":"BQ8qUT0z/UojAWEsxoO2yAD2dKN1PBQ9RcRZUumZX0oH"},"senderMessageKeys":[]},{"senderKeyId":1519903737,"senderChainKey":{"iteration":117,"seed":"IGpcQ6Ebu0lRqdzXN8R9u9MoSxB7OVEDgStRicA2COY="},"senderSigningKey":{"public":"BQ8qUT0z/UojAWEsxoO2yAD2dKN1PBQ9RcRZUumZX0oH"},"senderMessageKeys":[]},{"senderKeyId":1519903737,"senderChainKey":{"iteration":119,"seed":"2GVaT1tdvtBUFy679CQ2w69g2GEYliuHCnxHoFPyvgs="},"senderSigningKey":{"public":"BQ8qUT0z/UojAWEsxoO2yAD2dKN1PBQ9RcRZUumZX0oH"},"senderMessageKeys":[]},{"senderKeyId":1519903737,"senderChainKey":{"iteration":121,"seed":"bL+MHkqpCdr9trGPzmL+E07w/xcny0QQc+D1jMlcgg4="},"senderSigningKey":{"public":"BQ8qUT0z/UojAWEsxoO2yAD2dKN1PBQ9RcRZUumZX0oH"},"senderMessageKeys":[]},{"senderKeyId":1519903737,"senderChainKey":{"iteration":123,"seed":"EBb8YKA/beQo3BtNv6zFViFZOIQgU5oJRt3/DnKd3aE="},"senderSigningKey":{"public":"BQ8qUT0z/UojAWEsxoO2yAD2dKN1PBQ9RcRZUumZX0oH"},"senderMessageKeys":[]},{"senderKeyId":1519903737,"senderChainKey":{"iteration":125,"seed":"+mgaagVVwtb8QhRs/+QbaG7iYxLhGeWKTHRylbjaz2Y="},"senderSigningKey":{"public":"BQ8qUT0z/UojAWEsxoO2yAD2dKN1PBQ9RcRZUumZX0oH"},"senderMessageKeys":[]},{"senderKeyId":1519903737,"senderChainKey":{"iteration":129,"seed":"qKgbKekY3hnHJfVvpD4A5BOHiBKzwz4HrDi3pRAJwHw="},"senderSigningKey":{"public":"BQ8qUT0z/UojAWEsxoO2yAD2dKN1PBQ9RcRZUumZX0oH"},"senderMessageKeys":[]},{"senderKeyId":1519903737,"senderChainKey":{"iteration":131,"seed":"UwwGj1XvtFC0zcJy0tcEVMxWfZNJED5APPMeNZ3LGpQ="},"senderSigningKey":{"public":"BQ8qUT0z/UojAWEsxoO2yAD2dKN1PBQ9RcRZUumZX0oH"},"senderMessageKeys":[]},{"senderKeyId":1519903737,"senderChainKey":{"iteration":133,"seed":"cnft2EYNZod91CjDl2+cEgjmlwndDMoNrorE+8XGKYg="},"senderSigningKey":{"public":"BQ8qUT0z/UojAWEsxoO2yAD2dKN1PBQ9RcRZUumZX0oH"},"senderMessageKeys":[]},{"senderKeyId":1519903737,"senderChainKey":{"iteration":135,"seed":"GjxDobL9/EWWKRlq+TZDjiiFablnYM69vP8v9E98FAQ="},"senderSigningKey":{"public":"BQ8qUT0z/UojAWEsxoO2yAD2dKN1PBQ9RcRZUumZX0oH"},"senderMessageKeys":[]},{"senderKeyId":1519903737,"senderChainKey":{"iteration":137,"seed":"yVIQCdzJQjFMzpIbPsghcOutIiY/ku+xzCyfZgcgGtw="},"senderSigningKey":{"public":"BQ8qUT0z/UojAWEsxoO2yAD2dKN1PBQ9RcRZUumZX0oH"},"senderMessageKeys":[]},{"senderKeyId":1519903737,"senderChainKey":{"iteration":139,"seed":"i7bGhklVEC8IbRBHapTSq5k+MbUEZoa16Xui19bdwAY="},"senderSigningKey":{"public":"BQ8qUT0z/UojAWEsxoO2yAD2dKN1PBQ9RcRZUumZX0oH"},"senderMessageKeys":[]},{"senderKeyId":1519903737,"senderChainKey":{"iteration":143,"seed":"5TbNTbMVw6EbUihl6g5HpIoD41o7N/fXHEM7wHXo6D4="},"senderSigningKey":{"public":"BQ8qUT0z/UojAWEsxoO2yAD2dKN1PBQ9RcRZUumZX0oH"},"senderMessageKeys":[]},{"senderKeyId":1519903737,"senderChainKey":{"iteration":145,"seed":"1PjIh/k1qg7CgSvgb193CeW7/Rqdl88xlM8ra70VN9w="},"senderSigningKey":{"public":"BQ8qUT0z/UojAWEsxoO2yAD2dKN1PBQ9RcRZUumZX0oH"},"senderMessageKeys":[]},{"senderKeyId":1519903737,"senderChainKey":{"iteration":147,"seed":"HglzygKeVDVK2LKO6Qg+UByvwhv111JtV51dcZt9YWQ="},"senderSigningKey":{"public":"BQ8qUT0z/UojAWEsxoO2yAD2dKN1PBQ9RcRZUumZX0oH"},"senderMessageKeys":[]},{"senderKeyId":1519903737,"senderChainKey":{"iteration":151,"seed":"WOny9PCAWANf/vFcx5mxNZKrdJjkd/B/CKyW90JfdXU="},"senderSigningKey":{"public":"BQ8qUT0z/UojAWEsxoO2yAD2dKN1PBQ9RcRZUumZX0oH"},"senderMessageKeys":[]},{"senderKeyId":1519903737,"senderChainKey":{"iteration":153,"seed":"i1P1734jRFFqnubvREWHiCYqEiRk+CfPPVFD3RkiGKQ="},"senderSigningKey":{"public":"BQ8qUT0z/UojAWEsxoO2yAD2dKN1PBQ9RcRZUumZX0oH"},"senderMessageKeys":[]},{"senderKeyId":1519903737,"senderChainKey":{"iteration":155,"seed":"3DpW8PQtIqbUNNlnZdn2JxRL5wI9TN+Z/u8U94cocuE="},"senderSigningKey":{"public":"BQ8qUT0z/UojAWEsxoO2yAD2dKN1PBQ9RcRZUumZX0oH"},"senderMessageKeys":[]},{"senderKeyId":1519903737,"senderChainKey":{"iteration":157,"seed":"P0nCU2hh3EJYoL3BgHaJ2bhHCjhaMcPmMHQGLn1EL1g="},"senderSigningKey":{"public":"BQ8qUT0z/UojAWEsxoO2yAD2dKN1PBQ9RcRZUumZX0oH"},"senderMessageKeys":[]},{"senderKeyId":1519903737,"senderChainKey":{"iteration":159,"seed":"oM7v2KWKh1GfW3mxMhaZdNWg2EARxZ/YHzMTxERJy+s="},"senderSigningKey":{"public":"BQ8qUT0z/UojAWEsxoO2yAD2dKN1PBQ9RcRZUumZX0oH"},"senderMessageKeys":[]},{"senderKeyId":1519903737,"senderChainKey":{"iteration":161,"seed":"LNEDV1wpUTJ8/fxqByuJ4kJFeKPaVSjz76ZLmtiZK4M="},"senderSigningKey":{"public":"BQ8qUT0z/UojAWEsxoO2yAD2dKN1PBQ9RcRZUumZX0oH"},"senderMessageKeys":[]},{"senderKeyId":1519903737,"senderChainKey":{"iteration":163,"seed":"TDtxT4VyF3ddGserql2P+/Jcb/T8gtC5VAL9ddshhc4="},"senderSigningKey":{"public":"BQ8qUT0z/UojAWEsxoO2yAD2dKN1PBQ9RcRZUumZX0oH"},"senderMessageKeys":[]},{"senderKeyId":1519903737,"senderChainKey":{"iteration":165,"seed":"/CUGR44zTtmVGFGDWFXvH7/sze/GfjdCU1lY55OMV6Q="},"senderSigningKey":{"public":"BQ8qUT0z/UojAWEsxoO2yAD2dKN1PBQ9RcRZUumZX0oH"},"senderMessageKeys":[]},{"senderKeyId":1519903737,"senderChainKey":{"iteration":167,"seed":"t/Z8xXpMnKyzSKQoEvnOxOh+mH4/bhCjZzBB7YnzxeE="},"senderSigningKey":{"public":"BQ8qUT0z/UojAWEsxoO2yAD2dKN1PBQ9RcRZUumZX0oH"},"senderMessageKeys":[]},{"senderKeyId":1519903737,"senderChainKey":{"iteration":169,"seed":"NkSfsNXG6xc6HWvP8GgZ8jbgqAIMuREeNh11uiPpGPM="},"senderSigningKey":{"public":"BQ8qUT0z/UojAWEsxoO2yAD2dKN1PBQ9RcRZUumZX0oH"},"senderMessageKeys":[]},{"senderKeyId":1519903737,"senderChainKey":{"iteration":173,"seed":"jGFU31rsON/m+IYa/lJB3+oru/La/Ajb5jW+Tw4iSVQ="},"senderSigningKey":{"public":"BQ8qUT0z/UojAWEsxoO2yAD2dKN1PBQ9RcRZUumZX0oH"},"senderMessageKeys":[]},{"senderKeyId":1519903737,"senderChainKey":{"iteration":175,"seed":"nNpDuHEd+W7ZbBu1NSGfX3jvc1NHJWN+1ugLB/yaVIo="},"senderSigningKey":{"public":"BQ8qUT0z/UojAWEsxoO2yAD2dKN1PBQ9RcRZUumZX0oH"},"senderMessageKeys":[]},{"senderKeyId":1519903737,"senderChainKey":{"iteration":177,"seed":"1MbtXyqPMuxeCMuNrGMDpdCLAseqhjKNn7JJVKgrE3Q="},"senderSigningKey":{"public":"BQ8qUT0z/UojAWEsxoO2yAD2dKN1PBQ9RcRZUumZX0oH"},"senderMessageKeys":[]},{"senderKeyId":1519903737,"senderChainKey":{"iteration":179,"seed":"O/NMkjZMhXfABuciAz/ZLcYflgQZ3EwC7rTc2w69t/0="},"senderSigningKey":{"public":"BQ8qUT0z/UojAWEsxoO2yAD2dKN1PBQ9RcRZUumZX0oH"},"senderMessageKeys":[]},{"senderKeyId":1519903737,"senderChainKey":{"iteration":181,"seed":"jfqg7Lp5DiNenkbqerZxkamOrrO9LLmLpriu8IZdPhI="},"senderSigningKey":{"public":"BQ8qUT0z/UojAWEsxoO2yAD2dKN1PBQ9RcRZUumZX0oH"},"senderMessageKeys":[]},{"senderKeyId":1519903737,"senderChainKey":{"iteration":183,"seed":"H1vxj5EZuT6nDK7657Z1OG+AWCM5fZgmuNEyAYihI6A="},"senderSigningKey":{"public":"BQ8qUT0z/UojAWEsxoO2yAD2dKN1PBQ9RcRZUumZX0oH"},"senderMessageKeys":[]},{"senderKeyId":1519903737,"senderChainKey":{"iteration":185,"seed":"+9OBX8ynPeepEUWSYqNazHn+u1mu0oecd+yjiiZ+PNs="},"senderSigningKey":{"public":"BQ8qUT0z/UojAWEsxoO2yAD2dKN1PBQ9RcRZUumZX0oH"},"senderMessageKeys":[]},{"senderKeyId":1519903737,"senderChainKey":{"iteration":187,"seed":"DpkeyI2JVvziNQ7lc2Zk7VraKEJ8oDwoiZJjvLzcjvc="},"senderSigningKey":{"public":"BQ8qUT0z/UojAWEsxoO2yAD2dKN1PBQ9RcRZUumZX0oH"},"senderMessageKeys":[]},{"senderKeyId":1519903737,"senderChainKey":{"iteration":189,"seed":"UjNTD8rhBfFD3zQARmC3URvl9reaTNt4CfPm4hcfvuI="},"senderSigningKey":{"public":"BQ8qUT0z/UojAWEsxoO2yAD2dKN1PBQ9RcRZUumZX0oH"},"senderMessageKeys":[]},{"senderKeyId":1519903737,"senderChainKey":{"iteration":191,"seed":"CcPFat8sXKIFOa/x0/K+eFYzq/9OiieCN1ht6BXpT60="},"senderSigningKey":{"public":"BQ8qUT0z/UojAWEsxoO2yAD2dKN1PBQ9RcRZUumZX0oH"},"senderMessageKeys":[]},{"senderKeyId":1519903737,"senderChainKey":{"iteration":193,"seed":"hXRS02LfGqrulTci+ywUap0DWfAG9aPaVSTsjb8ayeQ="},"senderSigningKey":{"public":"BQ8qUT0z/UojAWEsxoO2yAD2dKN1PBQ9RcRZUumZX0oH"},"senderMessageKeys":[]},{"senderKeyId":1519903737,"senderChainKey":{"iteration":195,"seed":"ieB3Eju6QuxZu1jF7w16pVsmK8HSfDtMXU6+3Fn3hzQ="},"senderSigningKey":{"public":"BQ8qUT0z/UojAWEsxoO2yAD2dKN1PBQ9RcRZUumZX0oH"},"senderMessageKeys":[]},{"senderKeyId":1519903737,"senderChainKey":{"iteration":197,"seed":"LpeZO245jhGBCN/vATIbwGsM6ZxCvfs2x02fEJqkBJg="},"senderSigningKey":{"public":"BQ8qUT0z/UojAWEsxoO2yAD2dKN1PBQ9RcRZUumZX0oH"},"senderMessageKeys":[]},{"senderKeyId":1519903737,"senderChainKey":{"iteration":199,"seed":"s+4Mdmyh6/BaUosJK1PzPl1SJD/v50twe9T6C95aA6M="},"senderSigningKey":{"public":"BQ8qUT0z/UojAWEsxoO2yAD2dKN1PBQ9RcRZUumZX0oH"},"senderMessageKeys":[]},{"senderKeyId":1519903737,"senderChainKey":{"iteration":201,"seed":"ee9Npp3T5Gmy6JvF+UGiuRceepvuuVb1BS/5AXLdmDM="},"senderSigningKey":{"public":"BQ8qUT0z/UojAWEsxoO2yAD2dKN1PBQ9RcRZUumZX0oH"},"senderMessageKeys":[]},{"senderKeyId":1519903737,"senderChainKey":{"iteration":203,"seed":"tPIy3KQ4uVkwn5ONO3PwA+jkx/2NbaqbdL0ptzt+iM4="},"senderSigningKey":{"public":"BQ8qUT0z/UojAWEsxoO2yAD2dKN1PBQ9RcRZUumZX0oH"},"senderMessageKeys":[]},{"senderKeyId":1519903737,"senderChainKey":{"iteration":205,"seed":"UoJqUKMaM6e9B/aR5Jb7zFirN0TN6pg0oIP6l5nx8AE="},"senderSigningKey":{"public":"BQ8qUT0z/UojAWEsxoO2yAD2dKN1PBQ9RcRZUumZX0oH"},"senderMessageKeys":[]},{"senderKeyId":1519903737,"senderChainKey":{"iteration":207,"seed":"zTs2NhSiZW9mZsRUcGkZeWMt1WM7UivSv0OWYdispTc="},"senderSigningKey":{"public":"BQ8qUT0z/UojAWEsxoO2yAD2dKN1PBQ9RcRZUumZX0oH"},"senderMessageKeys":[]},{"senderKeyId":1519903737,"senderChainKey":{"iteration":209,"seed":"VLUZD45/GWR/l4RmCtPnrYzOrkHSOLO45N60zgr6fXI="},"senderSigningKey":{"public":"BQ8qUT0z/UojAWEsxoO2yAD2dKN1PBQ9RcRZUumZX0oH"},"senderMessageKeys":[]},{"senderKeyId":1519903737,"senderChainKey":{"iteration":211,"seed":"Y1ZP5NAKZbxnXtrnjZLJrTVHx5VvnIAarQj5r9/p1v8="},"senderSigningKey":{"public":"BQ8qUT0z/UojAWEsxoO2yAD2dKN1PBQ9RcRZUumZX0oH"},"senderMessageKeys":[]},{"senderKeyId":1519903737,"senderChainKey":{"iteration":213,"seed":"5rzoJkmT13YhNInFz8iuWgnmVxQmo9mEhtX4ygWGhNk="},"senderSigningKey":{"public":"BQ8qUT0z/UojAWEsxoO2yAD2dKN1PBQ9RcRZUumZX0oH"},"senderMessageKeys":[]},{"senderKeyId":1519903737,"senderChainKey":{"iteration":215,"seed":"SwHyj7C0rL+KhwR6WjfDlgGLIf/qHbLFmE0gteJGZAU="},"senderSigningKey":{"public":"BQ8qUT0z/UojAWEsxoO2yAD2dKN1PBQ9RcRZUumZX0oH"},"senderMessageKeys":[]},{"senderKeyId":1519903737,"senderChainKey":{"iteration":219,"seed":"bRC7vh+nfESrwUkXPKqBjvmxrUcSxkPnOkqE+gxbKmg="},"senderSigningKey":{"public":"BQ8qUT0z/UojAWEsxoO2yAD2dKN1PBQ9RcRZUumZX0oH"},"senderMessageKeys":[]},{"senderKeyId":1519903737,"senderChainKey":{"iteration":221,"seed":"sO7fywnGlz2GcBxO0GZnOZjBFckQ45CskhujRIr2ddA="},"senderSigningKey":{"public":"BQ8qUT0z/UojAWEsxoO2yAD2dKN1PBQ9RcRZUumZX0oH"},"senderMessageKeys":[]},{"senderKeyId":1519903737,"senderChainKey":{"iteration":223,"seed":"l+jaxb90D+KmLIPkMMyY/OWC2/WR6+853GZGKxc4vQs="},"senderSigningKey":{"public":"BQ8qUT0z/UojAWEsxoO2yAD2dKN1PBQ9RcRZUumZX0oH"},"senderMessageKeys":[]},{"senderKeyId":1519903737,"senderChainKey":{"iteration":225,"seed":"iLKhIT1vFt/d4CqEPUWnAQE+NpjGJZkdij1H/BSiMPo="},"senderSigningKey":{"public":"BQ8qUT0z/UojAWEsxoO2yAD2dKN1PBQ9RcRZUumZX0oH"},"senderMessageKeys":[]},{"senderKeyId":1519903737,"senderChainKey":{"iteration":227,"seed":"PWbkNMXznMVQGtY/oL+lmBoCQeOrHaiBzWs/PZOxUFo="},"senderSigningKey":{"public":"BQ8qUT0z/UojAWEsxoO2yAD2dKN1PBQ9RcRZUumZX0oH"},"senderMessageKeys":[]},{"senderKeyId":1519903737,"senderChainKey":{"iteration":229,"seed":"HDBGoDAEiVMC5CiTLMZZQmhHQGj5qBPMaiKLGAcm5bw="},"senderSigningKey":{"public":"BQ8qUT0z/UojAWEsxoO2yAD2dKN1PBQ9RcRZUumZX0oH"},"senderMessageKeys":[]},{"senderKeyId":1519903737,"senderChainKey":{"iteration":231,"seed":"MHYj8U8fivk7hxbfhB578YV4GrlEJytPgx+IRZQ20s0="},"senderSigningKey":{"public":"BQ8qUT0z/UojAWEsxoO2yAD2dKN1PBQ9RcRZUumZX0oH"},"senderMessageKeys":[]},{"senderKeyId":1519903737,"senderChainKey":{"iteration":233,"seed":"lcHjPO816ChFwAMOymk5Lc1Yfl7AF77TW3EX0ePNcxU="},"senderSigningKey":{"public":"BQ8qUT0z/UojAWEsxoO2yAD2dKN1PBQ9RcRZUumZX0oH"},"senderMessageKeys":[]},{"senderKeyId":1519903737,"senderChainKey":{"iteration":235,"seed":"j3l5XLynllXRfC8Sxgnne2KztECS+aVH3XXb9zkQHvo="},"senderSigningKey":{"public":"BQ8qUT0z/UojAWEsxoO2yAD2dKN1PBQ9RcRZUumZX0oH"},"senderMessageKeys":[]},{"senderKeyId":1519903737,"senderChainKey":{"iteration":237,"seed":"898v3/k1cII5B6CiCMDkHILE1y/TkDjJHykHX1hkzuU="},"senderSigningKey":{"public":"BQ8qUT0z/UojAWEsxoO2yAD2dKN1PBQ9RcRZUumZX0oH"},"senderMessageKeys":[]},{"senderKeyId":1519903737,"senderChainKey":{"iteration":241,"seed":"0T3kMPyUmNS9gPbKB+5YONpMfxHuK0QnDYzg225bxKk="},"senderSigningKey":{"public":"BQ8qUT0z/UojAWEsxoO2yAD2dKN1PBQ9RcRZUumZX0oH"},"senderMessageKeys":[]},{"senderKeyId":1519903737,"senderChainKey":{"iteration":243,"seed":"OmgpPKeVf8TcrdTwhhnQytpAHAIS0YzDyTdEEJ2cqTc="},"senderSigningKey":{"public":"BQ8qUT0z/UojAWEsxoO2yAD2dKN1PBQ9RcRZUumZX0oH"},"senderMessageKeys":[]},{"senderKeyId":1519903737,"senderChainKey":{"iteration":245,"seed":"xSuCACLgeUbhZ3SGgFXHD50ihix8hZQfubud6bn+3O0="},"senderSigningKey":{"public":"BQ8qUT0z/UojAWEsxoO2yAD2dKN1PBQ9RcRZUumZX0oH"},"senderMessageKeys":[]},{"senderKeyId":1519903737,"senderChainKey":{"iteration":247,"seed":"6mLxkPSytao3CUtrhBFWuNUQ94nAnSUSjj+8wElq3wE="},"senderSigningKey":{"public":"BQ8qUT0z/UojAWEsxoO2yAD2dKN1PBQ9RcRZUumZX0oH"},"senderMessageKeys":[]},{"senderKeyId":1519903737,"senderChainKey":{"iteration":249,"seed":"nwlVwMI4Wg2ssuQSjF0vEIJyR7rYV8evwP6ycouThuE="},"senderSigningKey":{"public":"BQ8qUT0z/UojAWEsxoO2yAD2dKN1PBQ9RcRZUumZX0oH"},"senderMessageKeys":[]},{"senderKeyId":1519903737,"senderChainKey":{"iteration":251,"seed":"sFGIskH/Bz7KMUlr+GdzoG053h3T1D7hyP81GuC7Le8="},"senderSigningKey":{"public":"BQ8qUT0z/UojAWEsxoO2yAD2dKN1PBQ9RcRZUumZX0oH"},"senderMessageKeys":[]},{"senderKeyId":1519903737,"senderChainKey":{"iteration":255,"seed":"oF4WAEdPiipgpXyEtAZ1Fqpz2oNsx9+ZG8aawgMu0e0="},"senderSigningKey":{"public":"BQ8qUT0z/UojAWEsxoO2yAD2dKN1PBQ9RcRZUumZX0oH"},"senderMessageKeys":[]},{"senderKeyId":1519903737,"senderChainKey":{"iteration":257,"seed":"lNHs5mtieYK5RzbO+KC3jlCNXP0FS9wQZLuo98PTqig="},"senderSigningKey":{"public":"BQ8qUT0z/UojAWEsxoO2yAD2dKN1PBQ9RcRZUumZX0oH"},"senderMessageKeys":[]},{"senderKeyId":1519903737,"senderChainKey":{"iteration":259,"seed":"YOzqvvwNShJWm8IRcj0r7AvZi7HjWKV3XHXf+JwntEA="},"senderSigningKey":{"public":"BQ8qUT0z/UojAWEsxoO2yAD2dKN1PBQ9RcRZUumZX0oH"},"senderMessageKeys":[]},{"senderKeyId":1519903737,"senderChainKey":{"iteration":261,"seed":"nlE4H2E9zGDqB4QQfxs/f/andPnmbmu92Zqs7yoC+lg="},"senderSigningKey":{"public":"BQ8qUT0z/UojAWEsxoO2yAD2dKN1PBQ9RcRZUumZX0oH"},"senderMessageKeys":[]},{"senderKeyId":1519903737,"senderChainKey":{"iteration":265,"seed":"fj/0ZSzHPXJND9GqASvDnO6HB99C7c6R7ZJ0qoEDfbw="},"senderSigningKey":{"public":"BQ8qUT0z/UojAWEsxoO2yAD2dKN1PBQ9RcRZUumZX0oH"},"senderMessageKeys":[]},{"senderKeyId":1519903737,"senderChainKey":{"iteration":267,"seed":"MCDYHkCRZw7c6YM0vR/V1Aiwv2RrPzu46bBZ2FOXwss="},"senderSigningKey":{"public":"BQ8qUT0z/UojAWEsxoO2yAD2dKN1PBQ9RcRZUumZX0oH"},"senderMessageKeys":[]},{"senderKeyId":1519903737,"senderChainKey":{"iteration":271,"seed":"kOCrzVZ5bkA0fScuciD+LGSesOCM6fjnLPc51C3DvtI="},"senderSigningKey":{"public":"BQ8qUT0z/UojAWEsxoO2yAD2dKN1PBQ9RcRZUumZX0oH"},"senderMessageKeys":[]}]