{"_sessions":{"Baqpyuf7p8yOamlDV9xxyCMiTetdY3nnr98lryrRY4Qx":{"registrationId":2133639419,"currentRatchet":{"ephemeralKeyPair":{"pubKey":"BcrlNtlN/93EzSdIeV6kVt2/Jel6K67TkQHVIU+AjDg7","privKey":"gBo91IoVAhw3aqI0DYeZ1pfDoVWWzda0tACtqgsqg2k="},"lastRemoteEphemeralKey":"BSbsw4Ia3/LAMlwYsf15ge50CNS2pf5u9nUQRkSRKtp0","previousCounter":0,"rootKey":"MCqPzG/O9N7rCPRFbvI5JbkeJMfBIunfPGpcGpbymrU="},"indexInfo":{"baseKey":"Baqpyuf7p8yOamlDV9xxyCMiTetdY3nnr98lryrRY4Qx","baseKeyType":1,"closed":-1,"used":1689261767894,"created":1689261767894,"remoteIdentityKey":"BcDaYEl2XolTqAizrJmzXi/DwEjWU+X8duzyFcxnPjN9"},"_chains":{"BcrlNtlN/93EzSdIeV6kVt2/Jel6K67TkQHVIU+AjDg7":{"chainKey":{"counter":0,"key":"ybXeLxWvkN6vdCt3jbao4aBguZNZsQigmjXTF5dVvZE="},"chainType":1,"messageKeys":{}}},"pendingPreKey":{"signedKeyId":0,"baseKey":"Baqpyuf7p8yOamlDV9xxyCMiTetdY3nnr98lryrRY4Qx","preKeyId":7082949}}},"version":"v1"}