{"_sessions":{"Bd752HB1e7fTd0dLBueVRoCtVpaSH/sh/dJvubxL/Fw6":{"registrationId":2112810429,"currentRatchet":{"ephemeralKeyPair":{"pubKey":"BXHC+CXbPAOh2UAANn5ZnnlcbQEZuLlaVh4FvV1NcjdW","privKey":"YCTM06JozoL8+0yXJAr7oFJlJkfKA2OFGKDskt55EXQ="},"lastRemoteEphemeralKey":"BdGZR8jKurOHovhCB2dPKTsi2chWnZDrx1uW/bCLWNYI","previousCounter":0,"rootKey":"HQlVy20PA4phQ9ClBm1oiBNIKcMFadAEwhxmNO8daAs="},"indexInfo":{"baseKey":"Bd752HB1e7fTd0dLBueVRoCtVpaSH/sh/dJvubxL/Fw6","baseKeyType":1,"closed":-1,"used":1689261925954,"created":1689261925954,"remoteIdentityKey":"BcwevdmSU1axxlZ/koldmLq90d14xsJKqt/lyOlzThoZ"},"_chains":{"BXHC+CXbPAOh2UAANn5ZnnlcbQEZuLlaVh4FvV1NcjdW":{"chainKey":{"counter":1,"key":"jtea5/bxOSMXUWBtp5YrLwk7qdL/1OwlbU2nY40RXzY="},"chainType":1,"messageKeys":{}}},"pendingPreKey":{"signedKeyId":3,"baseKey":"Bd752HB1e7fTd0dLBueVRoCtVpaSH/sh/dJvubxL/Fw6","preKeyId":14975871}}},"version":"v1"}