{"_sessions":{"BR+buBe1clQIFjLs8wq/+9JMuV71Hg5/lU5nBv1vAUgh":{"registrationId":111,"currentRatchet":{"ephemeralKeyPair":{"pubKey":"BceIN6WuZi/ChkNhTK3nedt4GalGdtyrEdv/ZCw7Z+lk","privKey":"OP697GW+gWkJXmrWh5JOrN7CdUcSbtsOGqLLCJ+qVHc="},"lastRemoteEphemeralKey":"BX+I9ysUZg/3KVKaxQR8zR5P3lD/KCc0XvMGveZEiuZB","previousCounter":0,"rootKey":"P9U9nIRoTV363c6j8yTHaaxK1DlAM9ii5hQVikvlKvo="},"indexInfo":{"baseKey":"BR+buBe1clQIFjLs8wq/+9JMuV71Hg5/lU5nBv1vAUgh","baseKeyType":1,"closed":-1,"used":1689261925313,"created":1689261925313,"remoteIdentityKey":"BeovqgLvR0Qq9yF975WlXt1gYS7Z/ATuoc40Q5B6G9xw"},"_chains":{"BceIN6WuZi/ChkNhTK3nedt4GalGdtyrEdv/ZCw7Z+lk":{"chainKey":{"counter":1,"key":"lh0gmhWB1ix32mJMIusejNSE79iMyj+1mV0En5I/Kb8="},"chainType":1,"messageKeys":{}}},"pendingPreKey":{"signedKeyId":1,"baseKey":"BR+buBe1clQIFjLs8wq/+9JMuV71Hg5/lU5nBv1vAUgh"}}},"version":"v1"}