{"_sessions":{"BeB5aAlWIa+eb/PCX4jC9YXOesviROCLg+QOKoQK2EE/":{"registrationId":1598890811,"currentRatchet":{"ephemeralKeyPair":{"pubKey":"BSFkK5YnfscBzw45rjDDAyDVre9kQN70VlFk3zc/0UQJ","privKey":"6PtcweOZTyQZU4mHPpxXFLPBpsXiYDjXxRfNzOCfwkA="},"lastRemoteEphemeralKey":"BTLc1nmW7AbzG+Gw6UYEPDVmmY/Tbn4lQQseQO4OwqYe","previousCounter":0,"rootKey":"UKks8V0UOxOYRJPp58pR6APE929hdQG59kMH1ByukZ0="},"indexInfo":{"baseKey":"BeB5aAlWIa+eb/PCX4jC9YXOesviROCLg+QOKoQK2EE/","baseKeyType":1,"closed":-1,"used":1689261926152,"created":1689261926152,"remoteIdentityKey":"BRS1IBTfIA6FBEpUgUTFDqzNgGUulilpPP6fdk7V3rNx"},"_chains":{"BSFkK5YnfscBzw45rjDDAyDVre9kQN70VlFk3zc/0UQJ":{"chainKey":{"counter":1,"key":"URhQUGDDykY9E9fZ8J8PZSQ+l7K53mzMfydQBkTi9dg="},"chainType":1,"messageKeys":{}}},"pendingPreKey":{"signedKeyId":1,"baseKey":"BeB5aAlWIa+eb/PCX4jC9YXOesviROCLg+QOKoQK2EE/","preKeyId":11485544}}},"version":"v1"}