{"_sessions":{"BZ+mVwtPLY+eFabj1kQCGBK8nB8pNY8qAJzljkrAHcJP":{"registrationId":399039065,"currentRatchet":{"ephemeralKeyPair":{"pubKey":"BVeqmc+glvhBD43rTYbdcBmfNprwZAD1XEN/DgwlQMsA","privKey":"AAqrtn5A+MhO6V3kSNPhgLfBNQo/vWfA0A4zut6jukA="},"lastRemoteEphemeralKey":"BQd79HXSa4CZywkVbspwmWqGjUCQ26Cw4PGYl8AS7nlm","previousCounter":0,"rootKey":"o2kBRrLxqgHW7+OoY+/JtBVurgf2eGAIVTRlPcVuweY="},"indexInfo":{"baseKey":"BZ+mVwtPLY+eFabj1kQCGBK8nB8pNY8qAJzljkrAHcJP","baseKeyType":1,"closed":-1,"used":1689261768271,"created":1689261768271,"remoteIdentityKey":"BTKbdqjloZy+s4Mk3FfPidM4ncRxowPeUPLjHdh90YpB"},"_chains":{"BVeqmc+glvhBD43rTYbdcBmfNprwZAD1XEN/DgwlQMsA":{"chainKey":{"counter":0,"key":"+Zlm/R5r0k1N+0OTGihn4SRLI+CSSjKQvddFMBAcwxw="},"chainType":1,"messageKeys":{}}},"pendingPreKey":{"signedKeyId":0,"baseKey":"BZ+mVwtPLY+eFabj1kQCGBK8nB8pNY8qAJzljkrAHcJP","preKeyId":1512907}}},"version":"v1"}