{"_sessions":{"BVYMtRtn9L4EtDS0FXFMHXnH/UZV5fidQ8rVMwM9MXET":{"registrationId":1325511088,"currentRatchet":{"ephemeralKeyPair":{"pubKey":"BWwsVV+FajVvaVC8ePeQzTtVC7Ydquq6iDWhRp7ysd5R","privKey":"gPHlElCgYuoaZIE1Obil8cWiwSl8kb4tvYGLoIwcXlI="},"lastRemoteEphemeralKey":"BYS7WGgnplBF+Spb41Xr+YCZRf+7bKJWsgjBKPsROigV","previousCounter":0,"rootKey":"0zxJYjZnXbmcmhN9qZtBxQtTTpkmqRxavZIgo3HjglQ="},"indexInfo":{"baseKey":"BVYMtRtn9L4EtDS0FXFMHXnH/UZV5fidQ8rVMwM9MXET","baseKeyType":1,"closed":-1,"used":1689261767779,"created":1689261767779,"remoteIdentityKey":"BUOCQrqoFMQlWIAXuqJdguGMp6oqruZknboMiqL2Iv1g"},"_chains":{"BWwsVV+FajVvaVC8ePeQzTtVC7Ydquq6iDWhRp7ysd5R":{"chainKey":{"counter":0,"key":"EHhhRByL9cspcIx5bgTMBc+wFOAv834zh65yKbhn4hc="},"chainType":1,"messageKeys":{}}},"pendingPreKey":{"signedKeyId":6,"baseKey":"BVYMtRtn9L4EtDS0FXFMHXnH/UZV5fidQ8rVMwM9MXET","preKeyId":16470336}}},"version":"v1"}