{"_sessions":{"BYToXK873lt4yNW4E4kOsoc8YMxy/m2klbo7/zQkIXpn":{"registrationId":382570751,"currentRatchet":{"ephemeralKeyPair":{"pubKey":"BXo8YeJGReP7g8Mn1yHeSQ9sjChk8vwrsqH16A7jOq8J","privKey":"SFJEkc5BCEvBDGV8+YCtogWO5YQIMEbe1WQsuJi7V3A="},"lastRemoteEphemeralKey":"BaxZfQoIrD9nVeZ0Vj0ezTyBwZ7irCMMmLa0ycBBUXpD","previousCounter":0,"rootKey":"H8ZoUhAH4vavfjNmUqhO2IPWXMrEzQWZOgB8PFCuH4U="},"indexInfo":{"baseKey":"BYToXK873lt4yNW4E4kOsoc8YMxy/m2klbo7/zQkIXpn","baseKeyType":1,"closed":-1,"used":1689261768152,"created":1689261768152,"remoteIdentityKey":"Bf4VQk9ZhSQFRVl8JnHXg/XuVNYHJQhm+9HX8WNpk+xo"},"_chains":{"BXo8YeJGReP7g8Mn1yHeSQ9sjChk8vwrsqH16A7jOq8J":{"chainKey":{"counter":0,"key":"++e5yzoO8QXB3MRo1biAY16of3E9cuP0iszbH0eq7ic="},"chainType":1,"messageKeys":{}}},"pendingPreKey":{"signedKeyId":1,"baseKey":"BYToXK873lt4yNW4E4kOsoc8YMxy/m2klbo7/zQkIXpn"}}},"version":"v1"}