{"_sessions":{"BYYKPCvP012eDKA94CmFGl1c0fpJyY0THl6M709f275r":{"registrationId":1050267146,"currentRatchet":{"ephemeralKeyPair":{"pubKey":"BRaTUep2P3KYvFTqMAEQknjSD8QvafoP6m/KRhg2yI88","privKey":"aIkSKOhNbVnvVMiU6zJbViStg3S9kAHBtm6FORM8rXw="},"lastRemoteEphemeralKey":"BQANAb6dOWsneYymFZFHV1Di1nGu1rRdQSmiLrhTBSMQ","previousCounter":0,"rootKey":"baPw/KOJfJmSXBwaVlsYTo+NvGUoQy4uKVkrRoWSugM="},"indexInfo":{"baseKey":"BYYKPCvP012eDKA94CmFGl1c0fpJyY0THl6M709f275r","baseKeyType":1,"closed":-1,"used":1689261926191,"created":1689261926191,"remoteIdentityKey":"BWlG0e6XiYkpIuhKMAadWvKLhKyzB02XOmgXkX/Bv5oR"},"_chains":{"BRaTUep2P3KYvFTqMAEQknjSD8QvafoP6m/KRhg2yI88":{"chainKey":{"counter":1,"key":"4x+bGXs9U9PbpVWEeQ04Ugu/hLtwnHXpzsC8W6eq/4w="},"chainType":1,"messageKeys":{}}},"pendingPreKey":{"signedKeyId":0,"baseKey":"BYYKPCvP012eDKA94CmFGl1c0fpJyY0THl6M709f275r","preKeyId":8654845}}},"version":"v1"}