{"_sessions":{"BaU7kEoLnA/pplLSu5eQ72B9jNzMZv7xovWCd08EdNRD":{"registrationId":144559831,"currentRatchet":{"ephemeralKeyPair":{"pubKey":"BbKnwTJwuPl8anZs7Wr2nA8FARTHaRbipbStF+4enPh5","privKey":"mGKvQ0XPQaIp8TycFbNav6C7LvryBgBCAxxkU+6L308="},"lastRemoteEphemeralKey":"BT2kd0mDa1JsAAWHmVp3XQvIbi2PW166QpGoPM3bRhV7","previousCounter":0,"rootKey":"rAT+AvGlWYP593MxAU/xpIvF4usjJ9gZB0cJ1oDYzKs="},"indexInfo":{"baseKey":"BaU7kEoLnA/pplLSu5eQ72B9jNzMZv7xovWCd08EdNRD","baseKeyType":1,"closed":-1,"used":1689261925569,"created":1689261925569,"remoteIdentityKey":"BdJj6rQgCXGHj6iElPvQCGlwEXxC+sn+JEg7uACqs5IZ"},"_chains":{"BbKnwTJwuPl8anZs7Wr2nA8FARTHaRbipbStF+4enPh5":{"chainKey":{"counter":1,"key":"VeMlkW/fseeK6H1fO8IiSXVyVoNPw/yu4hE2wnj97tQ="},"chainType":1,"messageKeys":{}}},"pendingPreKey":{"signedKeyId":0,"baseKey":"BaU7kEoLnA/pplLSu5eQ72B9jNzMZv7xovWCd08EdNRD"}}},"version":"v1"}