{"_sessions":{"BekypUHJmXYzLmgj3FW/oyH5Kj3MWdtxNyrSm4GybzlY":{"registrationId":1997825655,"currentRatchet":{"ephemeralKeyPair":{"pubKey":"BQFIXkzvoMWeNyvbsFvvfJu1wMdyuqp9jjo0sJ6UgCsf","privKey":"eL2bxQ2HAkAOa/7t/+Q6lpd+1bliCK5XFZtUBJTydkY="},"lastRemoteEphemeralKey":"BXf/6Cagd7TCtwLHms0H+WLHCkSYd+9cGr8qX4lB7XU+","previousCounter":0,"rootKey":"ppBsyqBiPum6186o5b78Srdk9ImvsTDdGaTFLdPj3I4="},"indexInfo":{"baseKey":"BekypUHJmXYzLmgj3FW/oyH5Kj3MWdtxNyrSm4GybzlY","baseKeyType":1,"closed":-1,"used":1689261926363,"created":1689261926363,"remoteIdentityKey":"BWjMCDPd6YUM4jxq3Y/7ZBLYjAGNRnrz/D10IME/3GNu"},"_chains":{"BQFIXkzvoMWeNyvbsFvvfJu1wMdyuqp9jjo0sJ6UgCsf":{"chainKey":{"counter":1,"key":"lklmLHvW3+1lA6YZlReCmFZkBXeFAl5/wHWWBKTjrJA="},"chainType":1,"messageKeys":{}}},"pendingPreKey":{"signedKeyId":1,"baseKey":"BekypUHJmXYzLmgj3FW/oyH5Kj3MWdtxNyrSm4GybzlY"}}},"version":"v1"}