{"_sessions":{"BRfgn0ncWgofaKfe91rjp/wFkh6EuqcPGYQJMDCWc10c":{"registrationId":903201421,"currentRatchet":{"ephemeralKeyPair":{"pubKey":"BdWmvo+9oxlSY5nw3JancpYNPJVNidEPDThOpKrKGUIa","privKey":"sKe7UZgixooKT45Vv6wLtU+yHiSGc7K/ZVjXs7QeBUc="},"lastRemoteEphemeralKey":"BQkGikHNZdyXhJeC7yJm2oBDQAYkTe2l7Vc0gGKbecQV","previousCounter":0,"rootKey":"Z9/ZDbk0+IzuNmtIXVE+MAME4RN1TR+/ubqiWtuWOwI="},"indexInfo":{"baseKey":"BRfgn0ncWgofaKfe91rjp/wFkh6EuqcPGYQJMDCWc10c","baseKeyType":1,"closed":-1,"used":1689261767168,"created":1689261767168,"remoteIdentityKey":"BXRm2sFwjh6xg8ag83oBhzUf3oYK3lRXnVKP5lzGJIR+"},"_chains":{"BdWmvo+9oxlSY5nw3JancpYNPJVNidEPDThOpKrKGUIa":{"chainKey":{"counter":0,"key":"exKLb/6/WugSOIhti1TFID/SJTZV3rgNMXsjDPcRC0E="},"chainType":1,"messageKeys":{}}},"pendingPreKey":{"signedKeyId":0,"baseKey":"BRfgn0ncWgofaKfe91rjp/wFkh6EuqcPGYQJMDCWc10c","preKeyId":14007535}}},"version":"v1"}