{"_sessions":{"Bc88M9PSdps48WUHVbGULfr5VDexI4EAR1FQdnwrz8pU":{"registrationId":1293456885,"currentRatchet":{"ephemeralKeyPair":{"pubKey":"BRfc1VbGppAB6XGCyn128HkoHG5UXg6k3NLOQHakCh9v","privKey":"AIMwCLETF7/EJDSjf4z0/qCVBZmm3Mv1opTHJfO8VWw="},"lastRemoteEphemeralKey":"BfRrk8FSvfMCFag0NtJieQUEWoGm6SgyI5CvoS07Ljd/","previousCounter":0,"rootKey":"IHQkpWdvi3SLkyDfEL2tV547oMzWmFdoI/NwMG8KKV0="},"indexInfo":{"baseKey":"Bc88M9PSdps48WUHVbGULfr5VDexI4EAR1FQdnwrz8pU","baseKeyType":1,"closed":-1,"used":1689261767849,"created":1689261767849,"remoteIdentityKey":"Ba3ut9HcoxyIsrSsQ2d3hcowUXyuZ1tFm4FJ8zHQ4L8P"},"_chains":{"BRfc1VbGppAB6XGCyn128HkoHG5UXg6k3NLOQHakCh9v":{"chainKey":{"counter":0,"key":"ONxQwKLcKrtgqr/qATq6XOfpaqqtTrvf0ktLmXVjnPI="},"chainType":1,"messageKeys":{}}},"pendingPreKey":{"signedKeyId":0,"baseKey":"Bc88M9PSdps48WUHVbGULfr5VDexI4EAR1FQdnwrz8pU","preKeyId":5946725}}},"version":"v1"}