{"_sessions":{"BYl6exFb+u6qo72m9ngINRHf1aeLdyXrxPyWQVdSNccz":{"registrationId":345878161,"currentRatchet":{"ephemeralKeyPair":{"pubKey":"BV/Bvg4l5suWgxHHF7uMwQS08WsreqgIAgqC5A4W6GZs","privKey":"GNlylown4sQYCzpffbVPwdpSqHiimS7HlyTfFz5bR30="},"lastRemoteEphemeralKey":"BQHND4Yy6ohDOf0FuVOkntvjrYazfLEDsxlEc9qF1pFn","previousCounter":0,"rootKey":"dxKrmYbupUGbD3bHv+M1re0guHI6fvI/jX+uOxlB5i4="},"indexInfo":{"baseKey":"BYl6exFb+u6qo72m9ngINRHf1aeLdyXrxPyWQVdSNccz","baseKeyType":1,"closed":-1,"used":1689261925751,"created":1689261925751,"remoteIdentityKey":"BfpU8hM+WnGAPRLY0L83E3el0mP3a+ibYEWvebNfvX4k"},"_chains":{"BV/Bvg4l5suWgxHHF7uMwQS08WsreqgIAgqC5A4W6GZs":{"chainKey":{"counter":1,"key":"ZFxzbgpXQKBkolETQS8Mfoi+jCWEWxq7o44ejmWXLSY="},"chainType":1,"messageKeys":{}}},"pendingPreKey":{"signedKeyId":12,"baseKey":"BYl6exFb+u6qo72m9ngINRHf1aeLdyXrxPyWQVdSNccz","preKeyId":15366312}}},"version":"v1"}