{"_sessions":{"BTY7zQ3buaOBGUUliZm9hVTzd4lCDfmRUtTjLEnj7GdW":{"registrationId":1073743502,"currentRatchet":{"ephemeralKeyPair":{"pubKey":"BWfsBaYzHv2RmaCP/hPkA8bZtSO37yWhldVsFFSYll0n","privKey":"wBzJEDhv0ex0w/DwTvn74gul9pblftrbxk6OGf56zkM="},"lastRemoteEphemeralKey":"BWqujs2jz5yvXqhKLuaWl4BmDRfHHBadGYzY9T6z2UIK","previousCounter":0,"rootKey":"lS2Zfz1AYff0hlqpCab3rjCIrzGinjzvLX6oz7FiWtQ="},"indexInfo":{"baseKey":"BTY7zQ3buaOBGUUliZm9hVTzd4lCDfmRUtTjLEnj7GdW","baseKeyType":1,"closed":-1,"used":1689261767200,"created":1689261767200,"remoteIdentityKey":"BWd6Ny509OWVvtJsEyn874HHKlnvBapEgao4GhLNtU0I"},"_chains":{"BWfsBaYzHv2RmaCP/hPkA8bZtSO37yWhldVsFFSYll0n":{"chainKey":{"counter":0,"key":"Mxd7En7mHNqht5mVMACecoL1ly+qOyVVcGDJgrDRQ4I="},"chainType":1,"messageKeys":{}}},"pendingPreKey":{"signedKeyId":1,"baseKey":"BTY7zQ3buaOBGUUliZm9hVTzd4lCDfmRUtTjLEnj7GdW","preKeyId":10613176}}},"version":"v1"}