{"_sessions":{"BeB6I2Pq7errPiu3/K8atyNxeBuCIMNBCJ07wbMIDPsB":{"registrationId":32301979,"currentRatchet":{"ephemeralKeyPair":{"pubKey":"BfjwVAsCug0isQntroC8/XW+udqbINu0NqjjKkYiu/B2","privKey":"cOQvE6ZFX52vQIV12dvSqAzw8b2pM2fSanG9veLsOXk="},"lastRemoteEphemeralKey":"BQ/NZkrMcJFqX29Jj7rrtmyBofRsHU5iGN98AMJxO+1m","previousCounter":0,"rootKey":"bDPgXtb53dTl6+3NJ3x+LkJVkyEmyXhU3bf89uMsqoc="},"indexInfo":{"baseKey":"BeB6I2Pq7errPiu3/K8atyNxeBuCIMNBCJ07wbMIDPsB","baseKeyType":1,"closed":-1,"used":1689261766772,"created":1689261766772,"remoteIdentityKey":"BR+eldx1szpry/J0ae9s1WuSaOCesHLSncb7Ahm19ctC"},"_chains":{"BfjwVAsCug0isQntroC8/XW+udqbINu0NqjjKkYiu/B2":{"chainKey":{"counter":0,"key":"NXzDyTyFmkKzA1O3pH1Kshuro/mmh25VeTtdz8PZ/cc="},"chainType":1,"messageKeys":{}}},"pendingPreKey":{"signedKeyId":0,"baseKey":"BeB6I2Pq7errPiu3/K8atyNxeBuCIMNBCJ07wbMIDPsB"}}},"version":"v1"}