{"_sessions":{"BXtrID04jwezq1uNNEEGzFaaOxvKKkG8Kqk9A5SJOJ0W":{"registrationId":923337643,"currentRatchet":{"ephemeralKeyPair":{"pubKey":"BRKyPJ0aRU2j9woTExrV7k5lK5YtalK6BdHvTMey7Wch","privKey":"OFoslceOuxaN2fJACFCZbSEouL6D96U2txd9+l6rhW4="},"lastRemoteEphemeralKey":"Bdyvw+L4cliyPT8m99f9lOUKjedu7TRat8EMhiYPEZtH","previousCounter":0,"rootKey":"MkvfXYtNMdNNh6QadyI/jNOkzpNlbNT2eCo+z29+hiY="},"indexInfo":{"baseKey":"BXtrID04jwezq1uNNEEGzFaaOxvKKkG8Kqk9A5SJOJ0W","baseKeyType":1,"closed":-1,"used":1689261768956,"created":1689261768956,"remoteIdentityKey":"BcMAistSGl08CV89nO1w7r1NQOvZDo1kE//RvguAmPJV"},"_chains":{"BRKyPJ0aRU2j9woTExrV7k5lK5YtalK6BdHvTMey7Wch":{"chainKey":{"counter":0,"key":"Hd4ElwORJsd2QsDJZbI2QABatDFlwbzv5bwjZz9rG9o="},"chainType":1,"messageKeys":{}}},"pendingPreKey":{"signedKeyId":1,"baseKey":"BXtrID04jwezq1uNNEEGzFaaOxvKKkG8Kqk9A5SJOJ0W","preKeyId":992062}}},"version":"v1"}