{"_sessions":{"BQ8BEffeyN1Re836tI1szoStDie8aYMvO9XjouhfbLMP":{"registrationId":130947316,"currentRatchet":{"ephemeralKeyPair":{"pubKey":"BbLQKc1XicxQdd9BbqrytYau05ztQZ+K/xM2tDtHLVVw","privKey":"aG9ujOwkbwGG71Q2Z6vtOa5MCAvzuyV8ur0R9VOb1GQ="},"lastRemoteEphemeralKey":"Bb6SOBg6LCF1aPu9KTdc10oAUWbK4mmpdwLVL/J0DxVZ","previousCounter":0,"rootKey":"r7raqTWYZxHM6kJOpYcEEDPv5APuX6oYdgdEHUL35fw="},"indexInfo":{"baseKey":"BQ8BEffeyN1Re836tI1szoStDie8aYMvO9XjouhfbLMP","baseKeyType":1,"closed":-1,"used":1689261768052,"created":1689261768052,"remoteIdentityKey":"BV2sV/CSGPAbgxOITINDZ4BchQ5KgEBEZLZhV/FxGkhq"},"_chains":{"BbLQKc1XicxQdd9BbqrytYau05ztQZ+K/xM2tDtHLVVw":{"chainKey":{"counter":0,"key":"SKw5w7NHKd2YfCMd2ATnLvLXpLf76c4gti9BtuHxK0c="},"chainType":1,"messageKeys":{}}},"pendingPreKey":{"signedKeyId":5,"baseKey":"BQ8BEffeyN1Re836tI1szoStDie8aYMvO9XjouhfbLMP","preKeyId":3742115}}},"version":"v1"}