{"_sessions":{"BYHeg7jTRvcRHmYu+2dvhXirgtvDmvEdOR/xAMr58nMM":{"registrationId":926434604,"currentRatchet":{"ephemeralKeyPair":{"pubKey":"BWt+cH5+9RzerCscxHPKPBgFCGID/gtkRafkk8/aV7Rq","privKey":"WPnYYk5nHZ9LngvvfmT3BMOov9BV9rEvtekRhOh1vUo="},"lastRemoteEphemeralKey":"BSAgZ4KWONTNRvzcs4FncqyBxuouRAFjgK0DbMbgZ2VA","previousCounter":0,"rootKey":"wNpm/mIt0nZlvJTj6ERr/Kg2RRuy0AgQoAERx7h6g/8="},"indexInfo":{"baseKey":"BYHeg7jTRvcRHmYu+2dvhXirgtvDmvEdOR/xAMr58nMM","baseKeyType":1,"closed":-1,"used":1689261926282,"created":1689261926282,"remoteIdentityKey":"BdqShRbBUXzNPtAmy5inyN+vn1s1Ja2i7ekrYynSGY9c"},"_chains":{"BWt+cH5+9RzerCscxHPKPBgFCGID/gtkRafkk8/aV7Rq":{"chainKey":{"counter":1,"key":"SQkZ1Ga06tS1X+95nA8iKNTVZ+z+554Z/UHdSMU3Raw="},"chainType":1,"messageKeys":{}}},"pendingPreKey":{"signedKeyId":3,"baseKey":"BYHeg7jTRvcRHmYu+2dvhXirgtvDmvEdOR/xAMr58nMM","preKeyId":14709067}}},"version":"v1"}