{"_sessions":{"BUxWC1476lkBP8tWR5D+pS1hi5KS1r87uC9zXXF5Y+Ju":{"registrationId":153158969,"currentRatchet":{"ephemeralKeyPair":{"pubKey":"BVJhG8cK6TXe1dh70Q8xrxXIlZ17g7sF7HYqBJ2R5IBa","privKey":"uLyVacTIdM6p0IjUT8KGbbprPRHlxOTNou8PmdEm5UE="},"lastRemoteEphemeralKey":"BRxPUoJ8h9SUTZLWYEm9bZ7IQ5OfjnCGUO+8Qlp8vEkg","previousCounter":0,"rootKey":"rPPGT7hpKFe7+oWtrc1ijWE9Bsf9FU/vIxRsgQtJB2c="},"indexInfo":{"baseKey":"BUxWC1476lkBP8tWR5D+pS1hi5KS1r87uC9zXXF5Y+Ju","baseKeyType":1,"closed":-1,"used":1689261925864,"created":1689261925864,"remoteIdentityKey":"BTz2SoinRh5LW+0aTeU6Nl42tVfJF3WET1ZNcs5znypZ"},"_chains":{"BVJhG8cK6TXe1dh70Q8xrxXIlZ17g7sF7HYqBJ2R5IBa":{"chainKey":{"counter":1,"key":"6yniG50+n+pCiN/eGtgl6CljfzDuipoEIkxFrYP8hIU="},"chainType":1,"messageKeys":{}}},"pendingPreKey":{"signedKeyId":0,"baseKey":"BUxWC1476lkBP8tWR5D+pS1hi5KS1r87uC9zXXF5Y+Ju","preKeyId":8436439}}},"version":"v1"}