{"_sessions":{"BdVbvwjwFCPR/4frxEz2fWWhCtpyp1JfVL4VO9R8gyJv":{"registrationId":49,"currentRatchet":{"ephemeralKeyPair":{"pubKey":"Bfvst/ciYRyFUSZSaTTSsaN0GEK04uSntSy0d9n8n4M/","privKey":"UFblOETXbsNmni20lYZlep85BGuAPzNa4uFkqV/PmlI="},"lastRemoteEphemeralKey":"BVChGe1oudL3KwgqKfmKLH4t6DtA3sQBjl9I8rtObih4","previousCounter":0,"rootKey":"w7v9bUmOIDeBj4/Mi0K+PQAOrOrUMI3/WjgY4JCd/cQ="},"indexInfo":{"baseKey":"BdVbvwjwFCPR/4frxEz2fWWhCtpyp1JfVL4VO9R8gyJv","baseKeyType":1,"closed":-1,"used":1689261766566,"created":1689261766566,"remoteIdentityKey":"BUObMazbf189eOlLnFg/Hy53EFWCjpD84yNCqertd+sj"},"_chains":{"Bfvst/ciYRyFUSZSaTTSsaN0GEK04uSntSy0d9n8n4M/":{"chainKey":{"counter":0,"key":"DYk/qZJuxsrrsRh6lS84Os9sF0Pj65RJ7FDS/j17SFM="},"chainType":1,"messageKeys":{}}},"pendingPreKey":{"signedKeyId":1,"baseKey":"BdVbvwjwFCPR/4frxEz2fWWhCtpyp1JfVL4VO9R8gyJv"}}},"version":"v1"}