{"_sessions":{"Bbgh+uFOgINqo06a0I90Hi+BbIo1FB9k764nChe+0OJ8":{"registrationId":107,"currentRatchet":{"ephemeralKeyPair":{"pubKey":"BQLxShzUJCuOw8qegwU7lylZ+ODYHfIyL7FTUT1F8DYJ","privKey":"6GqenAk/kNH4cGlK/KOc4iKLohw8htQXH4+WP3X8LUM="},"lastRemoteEphemeralKey":"BdeN731FAWTD7KhuhwzfrQ9DQHgFtR8TNjrJjsVswVcj","previousCounter":0,"rootKey":"oAZxgkOGaz0C4SIM12CGuMofYJXB/g2B8B9NlJAJYns="},"indexInfo":{"baseKey":"Bbgh+uFOgINqo06a0I90Hi+BbIo1FB9k764nChe+0OJ8","baseKeyType":1,"closed":-1,"used":1689261766660,"created":1689261766660,"remoteIdentityKey":"BRLXwhaqJiYILpfWmyYm9DYZlKRsd6uaWb1rdnZ9o2ps"},"_chains":{"BQLxShzUJCuOw8qegwU7lylZ+ODYHfIyL7FTUT1F8DYJ":{"chainKey":{"counter":0,"key":"W7Xa5wdhahm3ztyvs9DsYjU7gw8r9sasZBswWOor9Xo="},"chainType":1,"messageKeys":{}}},"pendingPreKey":{"signedKeyId":1,"baseKey":"Bbgh+uFOgINqo06a0I90Hi+BbIo1FB9k764nChe+0OJ8"}}},"version":"v1"}