{"_sessions":{"BQIhEAjjey3ATun/Vrin9W5r1CWdIK/iSQ/7pA3MXrsX":{"registrationId":28710745,"currentRatchet":{"ephemeralKeyPair":{"pubKey":"BbIrNTKw3CLaxfC5TUo9SjjIVUZ+7V9QxrPcLaQZf2Q6","privKey":"IPHRrjzTFFPz/98iT/99WttLaDeUQnYCTftm9DNPUVc="},"lastRemoteEphemeralKey":"Bf08nkXy6HKOKsQH/ABVWv7YUKuO5CU14xjsmYsQ9+dR","previousCounter":0,"rootKey":"7VEBSAxu986vWOiILMkbFTJlkVAfFkkZjL0Yf38jTaw="},"indexInfo":{"baseKey":"BQIhEAjjey3ATun/Vrin9W5r1CWdIK/iSQ/7pA3MXrsX","baseKeyType":1,"closed":-1,"used":1689261925643,"created":1689261925643,"remoteIdentityKey":"BYLApdpERvnd1FqzlQYU5xV2dCdpu0TmNEC4Hj4uEUJ0"},"_chains":{"BbIrNTKw3CLaxfC5TUo9SjjIVUZ+7V9QxrPcLaQZf2Q6":{"chainKey":{"counter":1,"key":"Ay+mkIeDX1Gzxah21l1npEV8F0xqY6Kq7QJiBcTmsKU="},"chainType":1,"messageKeys":{}}},"pendingPreKey":{"signedKeyId":6,"baseKey":"BQIhEAjjey3ATun/Vrin9W5r1CWdIK/iSQ/7pA3MXrsX","preKeyId":14382742}}},"version":"v1"}