{"_sessions":{"BWjODv33nwgmGPwbX3Fp3fzLb7Pq57/7ZXJLSo9nSQgR":{"registrationId":1300122780,"currentRatchet":{"ephemeralKeyPair":{"pubKey":"BdCu1pw9LeRx2lyI/APuyJIc/oz+16zLYo6WQyBN8IUX","privKey":"6Aonnq8oCkhCU5ZJFJ0qRuQp3g0rqvZiyUI0RFDfoV4="},"lastRemoteEphemeralKey":"BfqyVUD5/JS+Xp1oCux6arLxXGRr9jly+yndlyBtnuEn","previousCounter":0,"rootKey":"T+FFTLI+kXfj4XXLQtX9pGrr8DaeSscw+AsVEYzLl6s="},"indexInfo":{"baseKey":"BWjODv33nwgmGPwbX3Fp3fzLb7Pq57/7ZXJLSo9nSQgR","baseKeyType":1,"closed":-1,"used":1689261768085,"created":1689261768085,"remoteIdentityKey":"BdJvtAhGnTpOFnUm2rDcd3NHiVyrdSPfISRV7aiJWd9v"},"_chains":{"BdCu1pw9LeRx2lyI/APuyJIc/oz+16zLYo6WQyBN8IUX":{"chainKey":{"counter":0,"key":"PJRBxF/xVkIbjqZuRIcZccwlOlRwXLc+tZ2x7iavOa8="},"chainType":1,"messageKeys":{}}},"pendingPreKey":{"signedKeyId":0,"baseKey":"BWjODv33nwgmGPwbX3Fp3fzLb7Pq57/7ZXJLSo9nSQgR","preKeyId":3935177}}},"version":"v1"}