{"_sessions":{"Bd+3PkYkEqRXdo+FPaCXHtxqVWt4ZNsU45pgJLeyinlT":{"registrationId":764530793,"currentRatchet":{"ephemeralKeyPair":{"pubKey":"Bfzp23lQC1MIGZ7D0zI7e+1qlNK5R4CivaGjfyN3gQwy","privKey":"QOIqq24mLNdK00cjLspVW/Fh88RBQoOVhJL1LcRPW2c="},"lastRemoteEphemeralKey":"BaMSVY813wh3FKolxeBxYvx9R8HllO4yehQZvndVjwd8","previousCounter":0,"rootKey":"/3/cJ1nG5wJAlr+oXGu+ZSWnyR1iTSVXma+QByknmT0="},"indexInfo":{"baseKey":"Bd+3PkYkEqRXdo+FPaCXHtxqVWt4ZNsU45pgJLeyinlT","baseKeyType":1,"closed":-1,"used":1689261767970,"created":1689261767970,"remoteIdentityKey":"BROYdqBfSt67pvfp6yRWEeeHx1R0x/sm58cNChSywPMi"},"_chains":{"Bfzp23lQC1MIGZ7D0zI7e+1qlNK5R4CivaGjfyN3gQwy":{"chainKey":{"counter":0,"key":"HWmlAv8S8ocBd9Jyo51Gl/b3Rcn1mkRSh/FMJkfRgPM="},"chainType":1,"messageKeys":{}}},"pendingPreKey":{"signedKeyId":2,"baseKey":"Bd+3PkYkEqRXdo+FPaCXHtxqVWt4ZNsU45pgJLeyinlT","preKeyId":3915674}}},"version":"v1"}