{"_sessions":{"BXq+CPOAyeeqrPZmlRKjCvjJ1R1sBIJt4Ysolycl/nBT":{"registrationId":1410768183,"currentRatchet":{"ephemeralKeyPair":{"pubKey":"BeMa6aHbtpre8b3+p0Ey5HlCtA7+GQ5xE4rWjSm3U1FC","privKey":"0CGhM3Z/n5fGfQPWvCzeY9pFofu4i0dJbWkJAXbROHM="},"lastRemoteEphemeralKey":"BbGcDWeGi4b+nxzHTr5BRFCa0GMpopsfyveD8Z6ypLo9","previousCounter":0,"rootKey":"eyjLD+nfHDszBoV4KMpNNviXKzeVk5DwFYt47cl+1Ks="},"indexInfo":{"baseKey":"BXq+CPOAyeeqrPZmlRKjCvjJ1R1sBIJt4Ysolycl/nBT","baseKeyType":1,"closed":-1,"used":1689261768696,"created":1689261768696,"remoteIdentityKey":"BUFu2qQNTzIGKTcL9rxgPYfInZxi1NP+vqIWtiyNZTJt"},"_chains":{"BeMa6aHbtpre8b3+p0Ey5HlCtA7+GQ5xE4rWjSm3U1FC":{"chainKey":{"counter":0,"key":"q0U109FeWlr+RmsvngxRX3hTqRDEblj3IbrkLF7WGio="},"chainType":1,"messageKeys":{}}},"pendingPreKey":{"signedKeyId":12,"baseKey":"BXq+CPOAyeeqrPZmlRKjCvjJ1R1sBIJt4Ysolycl/nBT","preKeyId":14291840}}},"version":"v1"}