{"_sessions":{"Bf2F68wF7RC9W4LZR1KnnYBkd3CA0zLyHXRLgV94gl1s":{"registrationId":1731140601,"currentRatchet":{"ephemeralKeyPair":{"pubKey":"BVfNYhK8aRqVXaDJCvPNX51wFqQUiQBl+xdoqa3n9CZU","privKey":"QNTpcA29R+f7nMZ2cUCXIN0ZD3k8O/k98GGMHIP8Y2E="},"lastRemoteEphemeralKey":"BdGtzS+pM4eOwmyDvoE+oTj5+z6H9+68EJehyVqIBt88","previousCounter":0,"rootKey":"J1XAZTGUo4iCTETBga9Hcer5hMplC5TcxryZ4+wFMnM="},"indexInfo":{"baseKey":"Bf2F68wF7RC9W4LZR1KnnYBkd3CA0zLyHXRLgV94gl1s","baseKeyType":1,"closed":-1,"used":1689261767165,"created":1689261767165,"remoteIdentityKey":"BRt9gFsAPjqqEC00Y7El61Fb9R5l8QIuPDOzEVWYQ951"},"_chains":{"BVfNYhK8aRqVXaDJCvPNX51wFqQUiQBl+xdoqa3n9CZU":{"chainKey":{"counter":0,"key":"m3AUQ5s241D5qw4z9I0du+6cZWN+0ytGbBO+Pn44WS4="},"chainType":1,"messageKeys":{}}},"pendingPreKey":{"signedKeyId":6,"baseKey":"Bf2F68wF7RC9W4LZR1KnnYBkd3CA0zLyHXRLgV94gl1s","preKeyId":10754296}}},"version":"v1"}