{"_sessions":{"Ba8vzGgX0Rpy00zUAIy0mVxgo6Xep/l607lBO6FM5HAl":{"registrationId":118,"currentRatchet":{"ephemeralKeyPair":{"pubKey":"BWwX+NspuMGaMCW+I4TvqfnbqL9Htd9V3iCfX9zjLUxE","privKey":"SBq1O0x420xGhgERp927nvRLXuWqFAoTWQyQ0hC0Yno="},"lastRemoteEphemeralKey":"BU1qwrLWxSY3eiCq7cnzFIqd91ZzVcUXpqr3JPLQR8MA","previousCounter":0,"rootKey":"vUL5YzoEc14h8b+VMk2pm4EOdy8tnHplA5tOA/iSPXI="},"indexInfo":{"baseKey":"Ba8vzGgX0Rpy00zUAIy0mVxgo6Xep/l607lBO6FM5HAl","baseKeyType":1,"closed":-1,"used":1689261765960,"created":1689261765960,"remoteIdentityKey":"BZLsQ2MRHwYsEOEjizPsDzEtasZKZ5/RyU7clDF3awtR"},"_chains":{"BWwX+NspuMGaMCW+I4TvqfnbqL9Htd9V3iCfX9zjLUxE":{"chainKey":{"counter":0,"key":"EfvLXwI9/jkSwJBBkr5EAyQO7+mc1u0mKT3WjAtXZKA="},"chainType":1,"messageKeys":{}}},"pendingPreKey":{"signedKeyId":1,"baseKey":"Ba8vzGgX0Rpy00zUAIy0mVxgo6Xep/l607lBO6FM5HAl"}}},"version":"v1"}