{"_sessions":{"BRlnlW9uzAy+uQghLHasGQfWWknDOUcIKp7/hSklcVht":{"registrationId":927588562,"currentRatchet":{"ephemeralKeyPair":{"pubKey":"Bf80W3JNrQgCRS4+AL53RD64hfQwrK3yDtTLCmq3kikw","privKey":"4M0ByeMDicjSl7nAGpP6IcP1Gx2h813cMzbnO9wN3nI="},"lastRemoteEphemeralKey":"BVsY453SuVvw6rrS7qGNxnHpDrxM07qtGbtEUBrb/ssP","previousCounter":0,"rootKey":"aChJV1F6VRDhQgrw72pY88feVTeDILLxbImQWNY7Isk="},"indexInfo":{"baseKey":"BRlnlW9uzAy+uQghLHasGQfWWknDOUcIKp7/hSklcVht","baseKeyType":1,"closed":-1,"used":1689261767656,"created":1689261767656,"remoteIdentityKey":"BZKbaX6xxo0j68OatXmjhCjxJygKF3mDQkeiHPs5tIsC"},"_chains":{"Bf80W3JNrQgCRS4+AL53RD64hfQwrK3yDtTLCmq3kikw":{"chainKey":{"counter":0,"key":"yT9kkDhCNMwL24gfodd4RJwRjml+VrRLXaD5Y3p9fTE="},"chainType":1,"messageKeys":{}}},"pendingPreKey":{"signedKeyId":1,"baseKey":"BRlnlW9uzAy+uQghLHasGQfWWknDOUcIKp7/hSklcVht"}}},"version":"v1"}