{"_sessions":{"BX9Nd6kc61Afb03x3s2RAvHqZOJVWGv7J5zo/hmIki1j":{"registrationId":157034731,"currentRatchet":{"ephemeralKeyPair":{"pubKey":"Bb+QD6aq5NgWYJ2vc/dMIyBxCMT29JsgLP8+TJt8JnpE","privKey":"mDgwt/88hcTV5HkOez/GC+4sROLslDHTehlCAdtvlmY="},"lastRemoteEphemeralKey":"Bby/ESWxudWf+YN5bulGVi7QHULieVg0iU5qwZ82aI8f","previousCounter":0,"rootKey":"CIfoJznKJ9TIrgOtewc3RKktvt3o59vOfkgpwHhCMJ8="},"indexInfo":{"baseKey":"BX9Nd6kc61Afb03x3s2RAvHqZOJVWGv7J5zo/hmIki1j","baseKeyType":1,"closed":-1,"used":1689261768386,"created":1689261768386,"remoteIdentityKey":"BVMTeuKFUj0yhKyt/ypuszXSaW4brhaZtHSqT36vY/4o"},"_chains":{"Bb+QD6aq5NgWYJ2vc/dMIyBxCMT29JsgLP8+TJt8JnpE":{"chainKey":{"counter":0,"key":"jeeT7iOUcOAKw25DNo3n2rIWyE9Jvl8Y2kL4DDj325w="},"chainType":1,"messageKeys":{}}},"pendingPreKey":{"signedKeyId":1,"baseKey":"BX9Nd6kc61Afb03x3s2RAvHqZOJVWGv7J5zo/hmIki1j","preKeyId":7197878}}},"version":"v1"}