{"_sessions":{"BVCu5CfSbqT9peHGwFVZ9oaaiV+3N7t6lnORYdzZ1rBG":{"registrationId":1528274694,"currentRatchet":{"ephemeralKeyPair":{"pubKey":"BVjI7xUlXvy47ttVHTWqi6VEW9NhlV868j/fIdoYHGQZ","privKey":"wCO6AatNE4+HRlo7AAo54naTSrtYmEvw3kwMVxdpc28="},"lastRemoteEphemeralKey":"BebRRDcR58BwpomLX1OH1HdHhRvQG0W9mQPnZFpUpLMz","previousCounter":0,"rootKey":"G+tGEdRUt8U4kBL53j+0MljB2ol6xFP7yYfPTld1K1Q="},"indexInfo":{"baseKey":"BVCu5CfSbqT9peHGwFVZ9oaaiV+3N7t6lnORYdzZ1rBG","baseKeyType":1,"closed":-1,"used":1689261767055,"created":1689261767055,"remoteIdentityKey":"BV7jkPdjF2KZ1lUs/BvSVoa9LQTbxBoGHztZbzy39vMk"},"_chains":{"BVjI7xUlXvy47ttVHTWqi6VEW9NhlV868j/fIdoYHGQZ":{"chainKey":{"counter":0,"key":"MNB+bZ3qN/bAldNjIb0XKHXQLzX/Q2wcJD277/xg6AU="},"chainType":1,"messageKeys":{}}},"pendingPreKey":{"signedKeyId":0,"baseKey":"BVCu5CfSbqT9peHGwFVZ9oaaiV+3N7t6lnORYdzZ1rBG","preKeyId":4339460}}},"version":"v1"}