{"_sessions":{"BeUiHING75wWTskP/0Z44tNIr0wy1II2H5gSi1jnaQ5m":{"registrationId":172,"currentRatchet":{"ephemeralKeyPair":{"pubKey":"BWOCkBQGJEWM3EX6a2NUonUQmPQsf3RPZemdge+YdTkF","privKey":"uAXhmjkNoS2FfHwai0Evx04KhcWkR/ClhH4wqfJYgH8="},"lastRemoteEphemeralKey":"BeS9H3c7OgG5fMCUvuH/L56X8aiVq0XkdYa8LhYxQVRK","previousCounter":0,"rootKey":"h4WqyZaUAMeOLuD4PfU/ssB7behl4a/hjZvZI4vI1+U="},"indexInfo":{"baseKey":"BeUiHING75wWTskP/0Z44tNIr0wy1II2H5gSi1jnaQ5m","baseKeyType":1,"closed":-1,"used":1689261765976,"created":1689261765976,"remoteIdentityKey":"BdeoCr1/N6in/IJsTaBW4uC8NRbnG7Ro6GEVkWz6Dm4R"},"_chains":{"BWOCkBQGJEWM3EX6a2NUonUQmPQsf3RPZemdge+YdTkF":{"chainKey":{"counter":0,"key":"up6WHsCQQyK6Fg8zeR97JzvtCAPOtiS30Sphp/KEB6s="},"chainType":1,"messageKeys":{}}},"pendingPreKey":{"signedKeyId":1,"baseKey":"BeUiHING75wWTskP/0Z44tNIr0wy1II2H5gSi1jnaQ5m"}}},"version":"v1"}