{"_sessions":{"BQeo2jjXKdWxAY6vTw5p+1jzHcsQdGVCm9pvowKtpf8r":{"registrationId":453582585,"currentRatchet":{"ephemeralKeyPair":{"pubKey":"BRHsTuorqSrLZHE8OydJl6REbvfkeYTI71ZUs2P5qUg5","privKey":"WJQuSvJPjyxCSPp+L81MI5zMoWcX/26uu+DlTqgLZGo="},"lastRemoteEphemeralKey":"Bd8Bos3jjPq0cgy1OT5M1wJO7PpxQlvcR8d52Av5TfM8","previousCounter":0,"rootKey":"k5oLsN2EC+eym60mQh9XJNCQJODYXJrQrHXxYcLixKQ="},"indexInfo":{"baseKey":"BQeo2jjXKdWxAY6vTw5p+1jzHcsQdGVCm9pvowKtpf8r","baseKeyType":1,"closed":-1,"used":1689261767189,"created":1689261767189,"remoteIdentityKey":"BUR5YlAzUsYwzH/W75kne8AiY2fsa1Ypggo174x8caRS"},"_chains":{"BRHsTuorqSrLZHE8OydJl6REbvfkeYTI71ZUs2P5qUg5":{"chainKey":{"counter":0,"key":"YNIbGC0FF2KVWtGJ+eqtA++hf2y/021YwJ5k9+p+Xp0="},"chainType":1,"messageKeys":{}}},"pendingPreKey":{"signedKeyId":4,"baseKey":"BQeo2jjXKdWxAY6vTw5p+1jzHcsQdGVCm9pvowKtpf8r","preKeyId":12295525}}},"version":"v1"}