{"_sessions":{"BZEeqqbNWH5rc1HtZSFcIO0H937cFirrYY60c1qb/1lS":{"registrationId":1498829477,"currentRatchet":{"ephemeralKeyPair":{"pubKey":"BU+wlhz3GZiroZTaYJvUQFJT/mbIFmsVee6yY978lfdz","privKey":"+PDdaDOxialPnMBH1DIRnKU0pSdSWpmXvhTEiyfJtGQ="},"lastRemoteEphemeralKey":"BY8ARtkLafaK8hOhptNSkAk2v4jvAe4vbus2cNOvzgVm","previousCounter":0,"rootKey":"lOBEPWYRryTT1sBNn/9z/h2FQRgFT1LDP6x9iJ/hEbQ="},"indexInfo":{"baseKey":"BZEeqqbNWH5rc1HtZSFcIO0H937cFirrYY60c1qb/1lS","baseKeyType":1,"closed":-1,"used":1689261768586,"created":1689261768586,"remoteIdentityKey":"BXj0vAg1+D3FhuwKOsSsmCZ8PWBwptZ2ZSkFFqaqr6tr"},"_chains":{"BU+wlhz3GZiroZTaYJvUQFJT/mbIFmsVee6yY978lfdz":{"chainKey":{"counter":0,"key":"Cr6yL5kby3H423j0wxc61A4nKtf0nKk9+FA9nvUuFtk="},"chainType":1,"messageKeys":{}}},"pendingPreKey":{"signedKeyId":1,"baseKey":"BZEeqqbNWH5rc1HtZSFcIO0H937cFirrYY60c1qb/1lS","preKeyId":13610907}}},"version":"v1"}