{"_sessions":{"BWZDpCkS58ewIzoYpKUlDevJckGt7CgBB5qX09yPR24o":{"registrationId":258578505,"currentRatchet":{"ephemeralKeyPair":{"pubKey":"BdITONVLe0ItQaYBRESDxY/jGdNzU1vjKeGCmc6jPlQB","privKey":"AGZRqBg+w5GBPgzfTIVhQZQQPYSl2XKsLp1IoSBypnM="},"lastRemoteEphemeralKey":"BesmYHIb8DfmCYwFDeoC+pR4cbDLGI2Z05tyL2vu0/F1","previousCounter":0,"rootKey":"5qh9HDgSwV3cKKwLJsH1Ym6OCapcMDepPZSoaubpAXI="},"indexInfo":{"baseKey":"BWZDpCkS58ewIzoYpKUlDevJckGt7CgBB5qX09yPR24o","baseKeyType":1,"closed":-1,"used":1689261768952,"created":1689261768952,"remoteIdentityKey":"BYiTpMESnwAnsE1Oj0YxTpKO3vrGNqD+Kr53KJpviVU+"},"_chains":{"BdITONVLe0ItQaYBRESDxY/jGdNzU1vjKeGCmc6jPlQB":{"chainKey":{"counter":0,"key":"WtibXNZXA10pIMZZt+7p9HXh90PMVZ8TndD259PF4I4="},"chainType":1,"messageKeys":{}}},"pendingPreKey":{"signedKeyId":0,"baseKey":"BWZDpCkS58ewIzoYpKUlDevJckGt7CgBB5qX09yPR24o"}}},"version":"v1"}