{"_sessions":{"BZ83dxaS+yODmMcnLj/xO5XUCOR9qW0gs2g+JRdP+OMS":{"registrationId":590394505,"currentRatchet":{"ephemeralKeyPair":{"pubKey":"BaAg0znnXg55bU9UulcBe/KRe9EXZR0+vRNk7VdcIqBi","privKey":"eOq1XDFl8y7i+HfpWQn+CMQ9xHrfQOJ/tbzgKv+3Q2Q="},"lastRemoteEphemeralKey":"BaKewPJu5Wk3kN+6IPPmBNTDvVudcRmIaX5ipXQSwPYk","previousCounter":0,"rootKey":"6vw6Wo+LjewLEdb9P/AzvGLrLqWbGcs9xq7XsVBArXs="},"indexInfo":{"baseKey":"BZ83dxaS+yODmMcnLj/xO5XUCOR9qW0gs2g+JRdP+OMS","baseKeyType":1,"closed":-1,"used":1689261767482,"created":1689261767482,"remoteIdentityKey":"BXmXeGgvPeE3Ue/L03uaOFTe3fsoUBVfDvBgjw1vA3Nh"},"_chains":{"BaAg0znnXg55bU9UulcBe/KRe9EXZR0+vRNk7VdcIqBi":{"chainKey":{"counter":0,"key":"bI5MxW+kTrGRHcUrSgVpq23f+nq1AHYCflKzcaEEuQY="},"chainType":1,"messageKeys":{}}},"pendingPreKey":{"signedKeyId":0,"baseKey":"BZ83dxaS+yODmMcnLj/xO5XUCOR9qW0gs2g+JRdP+OMS"}}},"version":"v1"}