{"_sessions":{"BXrsPbzauhSgI1bZx00pG0C531EuONLVePXxQM0Q//pY":{"registrationId":1315362366,"currentRatchet":{"ephemeralKeyPair":{"pubKey":"BXiIQERA/GclSoBpw7EBFVWiBZd2Tjmx1TMMNto/M4x+","privKey":"KDqy/+qCNjmGCU+DrVt3JcnbQnmXZWBeqX4KJ/9lc0k="},"lastRemoteEphemeralKey":"BR/0eR7SMHXBi/It49Lo5/PCjJwo11aPC16EeSXOOcwN","previousCounter":0,"rootKey":"bPqM0suLQfuaUNuYflyOVNCNek7E5iH/91HMDxkK/UA="},"indexInfo":{"baseKey":"BXrsPbzauhSgI1bZx00pG0C531EuONLVePXxQM0Q//pY","baseKeyType":1,"closed":-1,"used":1689261767954,"created":1689261767954,"remoteIdentityKey":"BVZ0aoq0KK2ys1Lfh+Rv1w44s+KKqqtu78Yu6pdG/5ov"},"_chains":{"BXiIQERA/GclSoBpw7EBFVWiBZd2Tjmx1TMMNto/M4x+":{"chainKey":{"counter":0,"key":"NC+wztkFcYCgnz2xqfdWp244LNcMoJngG1UQ3+H2kyE="},"chainType":1,"messageKeys":{}}},"pendingPreKey":{"signedKeyId":0,"baseKey":"BXrsPbzauhSgI1bZx00pG0C531EuONLVePXxQM0Q//pY"}}},"version":"v1"}