{"_sessions":{"BbSrpRUE2AbAY/LucTUA4WNdPACNWE/biIC67xtAW6U3":{"registrationId":1011185889,"currentRatchet":{"ephemeralKeyPair":{"pubKey":"BdVbS7kDYV7/LIXHWywg0dflaYFPE1v0068kHRv/5jlC","privKey":"sLjnr1AOV1byZ/Kgpb6SChfIOQjgZB9x+jZE/cpreG4="},"lastRemoteEphemeralKey":"Bed8B3Ft7fGuQug/J07MgARELbZszlEVcpGKPagiCyJa","previousCounter":0,"rootKey":"ALXeSFpiXIwL9zmypOWOWOGhRhV/jZjEpMST1H9qcvQ="},"indexInfo":{"baseKey":"BbSrpRUE2AbAY/LucTUA4WNdPACNWE/biIC67xtAW6U3","baseKeyType":1,"closed":-1,"used":1689261766801,"created":1689261766801,"remoteIdentityKey":"BTyjo0xoAGml6HE75mfq+KE7hhUGYTFLwPqEFf5jwZNv"},"_chains":{"BdVbS7kDYV7/LIXHWywg0dflaYFPE1v0068kHRv/5jlC":{"chainKey":{"counter":0,"key":"IPZmP8xB6Dr0+fQYR7d91AIfWK7Tq1sA+5kEa1roUhE="},"chainType":1,"messageKeys":{}}},"pendingPreKey":{"signedKeyId":0,"baseKey":"BbSrpRUE2AbAY/LucTUA4WNdPACNWE/biIC67xtAW6U3","preKeyId":2076595}}},"version":"v1"}