{"_sessions":{"BX3XwdFHS6JZ8ixkUXkwLiXWhN2TO/+IdnHWAh1NoYcQ":{"registrationId":63,"currentRatchet":{"ephemeralKeyPair":{"pubKey":"BQCaHaH0Lt2zg//r1cGaK7s7JP/C3smUZijDbj8SPjJI","privKey":"IFgeWabVrD7b1wern5M3FWznwDTjQ/bHLmS8CglTL0Y="},"lastRemoteEphemeralKey":"BUXb2HviDSGuxOTHJa5AD1XMBLoJdKDLGa6G6ruHpoI6","previousCounter":0,"rootKey":"Ss2nRf6Y1CGdp1cp9/KhkxuMhcPUdOUWW6mISxEnLjs="},"indexInfo":{"baseKey":"BX3XwdFHS6JZ8ixkUXkwLiXWhN2TO/+IdnHWAh1NoYcQ","baseKeyType":1,"closed":-1,"used":1689261766157,"created":1689261766157,"remoteIdentityKey":"BXs1XbGDuN9PsGNfJw/usvSIppp+XPFOqP/4EwkHaeli"},"_chains":{"BQCaHaH0Lt2zg//r1cGaK7s7JP/C3smUZijDbj8SPjJI":{"chainKey":{"counter":0,"key":"oGnJkS5efFvIHG+VCmJ82Mk5J7wQN3lbuNtpyh1vgC8="},"chainType":1,"messageKeys":{}}},"pendingPreKey":{"signedKeyId":1,"baseKey":"BX3XwdFHS6JZ8ixkUXkwLiXWhN2TO/+IdnHWAh1NoYcQ"}}},"version":"v1"}