{"_sessions":{"BSSeFoOvIty9J7MM6pAAqIxqWXi6HC0oYtZEoCcJ764u":{"registrationId":1532043884,"currentRatchet":{"ephemeralKeyPair":{"pubKey":"BV0NAMyrgonhgTa2PY2dITuZeY518m13ehqthip6mdNr","privKey":"OPWdYASWzkIHaoJmnQDtXC0ZxjwHxWrIDt4Cf86baUw="},"lastRemoteEphemeralKey":"BRm3pX0Gjoxs0XyQTSL1MIoFYnL7tyoX679UBqS5u0UD","previousCounter":0,"rootKey":"aht6eaePHF7NXb6Tm5GZNh+3ESuw7JxcT8vO7gAXghg="},"indexInfo":{"baseKey":"BSSeFoOvIty9J7MM6pAAqIxqWXi6HC0oYtZEoCcJ764u","baseKeyType":1,"closed":-1,"used":1689261767150,"created":1689261767150,"remoteIdentityKey":"BcqvoYb/R2c6voY8BQQndAGYV7TUhqnIg3S13zusSZtn"},"_chains":{"BV0NAMyrgonhgTa2PY2dITuZeY518m13ehqthip6mdNr":{"chainKey":{"counter":0,"key":"sBW1SG/DiwEdNY79rl1QXOgUuHB9d7qZKFhud9/cqfI="},"chainType":1,"messageKeys":{}}},"pendingPreKey":{"signedKeyId":0,"baseKey":"BSSeFoOvIty9J7MM6pAAqIxqWXi6HC0oYtZEoCcJ764u"}}},"version":"v1"}