{"_sessions":{"BQaI1+p9sMDwDhEIpZZKWQ/nRsu3lPNTToo98J6TNUc6":{"registrationId":123,"currentRatchet":{"ephemeralKeyPair":{"pubKey":"BUhXWPtf8/nGV3a+BlmDCUbzZrrDxibVcot3SW4S/B8H","privKey":"2Co7if/s0UBfcoh9OIDK7nfFAH5J1gOpWKXiN868HGY="},"lastRemoteEphemeralKey":"BQhvf0KOmnkhuxIBp+uuoXybP+GgDsW7OxH1dbK8dhMt","previousCounter":0,"rootKey":"TUT++KM2CiO73OLaWNOXaI+l/wkJbGjVtaSpJezN+RI="},"indexInfo":{"baseKey":"BQaI1+p9sMDwDhEIpZZKWQ/nRsu3lPNTToo98J6TNUc6","baseKeyType":1,"closed":-1,"used":1689261766497,"created":1689261766497,"remoteIdentityKey":"BXStMLM3MZ+hL9p+NFQYdBq59u7acNYU1JNzAepTK4sX"},"_chains":{"BUhXWPtf8/nGV3a+BlmDCUbzZrrDxibVcot3SW4S/B8H":{"chainKey":{"counter":0,"key":"bMlw9EdGhgkhZ3Nu/19xaWn13QSi5R1+Jv5dRinVXX8="},"chainType":1,"messageKeys":{}}},"pendingPreKey":{"signedKeyId":1,"baseKey":"BQaI1+p9sMDwDhEIpZZKWQ/nRsu3lPNTToo98J6TNUc6"}}},"version":"v1"}