{"_sessions":{"BRHhpu0YKX/sUjQKwxW6ZflJM8O1maO6uliuDbXeFhxt":{"registrationId":1102822005,"currentRatchet":{"ephemeralKeyPair":{"pubKey":"BfsLDeea2u/Dimw2H+TSFRgtHvc99JEfnxev5ygh1ocX","privKey":"OOsdLvBq0xyhGOZ65Q9Hh5soBYRQlMT3cFgy856gEFc="},"lastRemoteEphemeralKey":"BVi6cfCj3XfedBGv676PUEYUYqURvdCL1kY3yhy5c5xa","previousCounter":0,"rootKey":"D96NL0C1vk7EKPK8FeEjPPsrdE+7sDfJ1VPyiUEoOJs="},"indexInfo":{"baseKey":"BRHhpu0YKX/sUjQKwxW6ZflJM8O1maO6uliuDbXeFhxt","baseKeyType":1,"closed":-1,"used":1689261767884,"created":1689261767884,"remoteIdentityKey":"BcIWcyAzJQuSQouf1Nok+Ryuss3gp7es85BXp2804TUG"},"_chains":{"BfsLDeea2u/Dimw2H+TSFRgtHvc99JEfnxev5ygh1ocX":{"chainKey":{"counter":0,"key":"aL3tCZDQkMdVP4oQKNwFCr3Z6vT55TgD9GkHIYPq1mM="},"chainType":1,"messageKeys":{}}},"pendingPreKey":{"signedKeyId":1,"baseKey":"BRHhpu0YKX/sUjQKwxW6ZflJM8O1maO6uliuDbXeFhxt","preKeyId":15338307}}},"version":"v1"}