{"_sessions":{"BUfbvv7SLrsja9jT+1+dzi2fRwxqXF0tDExt3BrilcEr":{"registrationId":478976673,"currentRatchet":{"ephemeralKeyPair":{"pubKey":"BUOJnMYwOrpX9irTerD93eS2/OhdWwidrTj6mtk7KC5L","privKey":"qG1rBUs0QxK2pN6yr6uzdzUCbEW7n0dm1iUr5uwdNkw="},"lastRemoteEphemeralKey":"BWT3OR1iJqwTSKqmu6CAESR+wdOLWPwXUj6YLNocSeFt","previousCounter":0,"rootKey":"DXRaWlOv00lWDVXwYh8sMyerMszYWS0zpR40QvQTliQ="},"indexInfo":{"baseKey":"BUfbvv7SLrsja9jT+1+dzi2fRwxqXF0tDExt3BrilcEr","baseKeyType":1,"closed":-1,"used":1689261767566,"created":1689261767566,"remoteIdentityKey":"BSyR/6+fl0xz5qNJT9KajEMGnGtaCMeGCl6kzkm/mcwH"},"_chains":{"BUOJnMYwOrpX9irTerD93eS2/OhdWwidrTj6mtk7KC5L":{"chainKey":{"counter":0,"key":"seqHUNrpEPTIGUgj4qx4oyxi0Y6dLba0gK3A520ZOZM="},"chainType":1,"messageKeys":{}}},"pendingPreKey":{"signedKeyId":0,"baseKey":"BUfbvv7SLrsja9jT+1+dzi2fRwxqXF0tDExt3BrilcEr","preKeyId":5884388}}},"version":"v1"}