{"_sessions":{"BQ0EZQfUjqZHLwUoEWgo+DQAQEZ9lcXmlDgy7ItivH0g":{"registrationId":1534483792,"currentRatchet":{"ephemeralKeyPair":{"pubKey":"BcaiFb8JUjpSWHfpe28M3cTbKklpqJSIDcPQkeyOMdUK","privKey":"uIQekDqiuEJVoYVB+wyVHBcgj8iz906OnWBPtidqwEY="},"lastRemoteEphemeralKey":"BZtlF1FU62CiydriAPyxj897WxUJmQHck8t7zBvl1lUu","previousCounter":0,"rootKey":"eXlzvqIUz1scprhttUu9Ihg8xArpOVAXjJsOHA39nYI="},"indexInfo":{"baseKey":"BQ0EZQfUjqZHLwUoEWgo+DQAQEZ9lcXmlDgy7ItivH0g","baseKeyType":2,"closed":-1,"used":1689262041952,"created":1689262041952,"remoteIdentityKey":"BW6ku6z8L6C4Qjb9Rqgrw4a2D1DJ77G0UooVYrmTtDIh"},"_chains":{"BZtlF1FU62CiydriAPyxj897WxUJmQHck8t7zBvl1lUu":{"chainKey":{"counter":0,"key":"xt/86r5yKfylofe4qgTUYVDMFlfLVB4gl6jsA2iGiXs="},"chainType":2,"messageKeys":{}},"BcaiFb8JUjpSWHfpe28M3cTbKklpqJSIDcPQkeyOMdUK":{"chainKey":{"counter":-1,"key":"nZCBU99Oai5dKYuZuRWbRDjnwxjn8mNfrV+DitUxxAA="},"chainType":1,"messageKeys":{}}}}},"version":"v1"}