{"_sessions":{"BadjBToE1LyakQCoLevgyBND+VCTWnJvDstiLtlwyq8e":{"registrationId":1797237218,"currentRatchet":{"ephemeralKeyPair":{"pubKey":"BWSXBnqJhgIX+Eu6eEfLAh0UcvytfYcvQN97LMHklOcE","privKey":"YP0Hw7VszEz+E/X4sYo6A4IwreruL2u4m12PAoqzJkU="},"lastRemoteEphemeralKey":"BRhDedvro9Bu4Jrq6x8zyuwDIcvvcvBLp2Vp5sxn/Wp0","previousCounter":0,"rootKey":"4/JGXeaNpF7c/tIS78tSBqflg1zB2TirTlQzm3JwEm4="},"indexInfo":{"baseKey":"BadjBToE1LyakQCoLevgyBND+VCTWnJvDstiLtlwyq8e","baseKeyType":1,"closed":-1,"used":1689261767979,"created":1689261767979,"remoteIdentityKey":"BcfLkHPNoO6pIA2IyRxpzdwvRJR9+sWqSDd/wV0kg3tq"},"_chains":{"BWSXBnqJhgIX+Eu6eEfLAh0UcvytfYcvQN97LMHklOcE":{"chainKey":{"counter":0,"key":"xJgYjG9k8nf6Q3eNYRsxNtYbAA6HSnXAS7ChxGjoxYs="},"chainType":1,"messageKeys":{}}},"pendingPreKey":{"signedKeyId":6,"baseKey":"BadjBToE1LyakQCoLevgyBND+VCTWnJvDstiLtlwyq8e","preKeyId":3935239}}},"version":"v1"}