{"_sessions":{"BV2nFTn/VYk+7f5iYG2+ce9UPePxpL2I8i/4VJDkzIpE":{"registrationId":1098160659,"currentRatchet":{"ephemeralKeyPair":{"pubKey":"BfbWOmpaPLtM7U5i40QwCR9nEfuEFQMQUXsB8LrWunxl","privKey":"WCCaS1+ukOd59IPbQPxYHOH8NkerlcNR+agjXETOH0Y="},"lastRemoteEphemeralKey":"BYauM71S0aoWj8XxzGlHNAoiwwF8eiNemO2Q3/FItg8A","previousCounter":0,"rootKey":"5mtWGHlWezC7ucXh71eb6gU8Y2hrvY/xAjoyBrJ6roA="},"indexInfo":{"baseKey":"BV2nFTn/VYk+7f5iYG2+ce9UPePxpL2I8i/4VJDkzIpE","baseKeyType":1,"closed":-1,"used":1689261765670,"created":1689261765670,"remoteIdentityKey":"BRQm8pY8ucPyU4ne/P0K2Ebv18yFQ2lV5bYV9xh/UD1u"},"_chains":{"BfbWOmpaPLtM7U5i40QwCR9nEfuEFQMQUXsB8LrWunxl":{"chainKey":{"counter":0,"key":"nRkaf16uwJvu9bSZQ3Os0KaAXgIeq0q8s9/t5G1nFak="},"chainType":1,"messageKeys":{}}},"pendingPreKey":{"signedKeyId":0,"baseKey":"BV2nFTn/VYk+7f5iYG2+ce9UPePxpL2I8i/4VJDkzIpE","preKeyId":13612759}}},"version":"v1"}