{"_sessions":{"BUzYjfEBPItyAKpb0VqHAS9h13sF+pB+vz7XqPV6+rQX":{"registrationId":2019315139,"currentRatchet":{"ephemeralKeyPair":{"pubKey":"BX7GtOrNUCC8+EBmF1bVzsqjmv6aApe09SorMUIFByFt","privKey":"QNtnE2Tw0YON7eJVAli/GuP0F1TR/uHsv9mDsUDr12M="},"lastRemoteEphemeralKey":"BWkplX+3D75R5C1/cUdO3if13vvkJ2HQCvTAgIX09jFz","previousCounter":0,"rootKey":"YKnbipBMklSqodgnfVqARLy9hF67kaGtQgu3Nvja1JI="},"indexInfo":{"baseKey":"BUzYjfEBPItyAKpb0VqHAS9h13sF+pB+vz7XqPV6+rQX","baseKeyType":1,"closed":-1,"used":1689261767496,"created":1689261767496,"remoteIdentityKey":"BZ/k3PVRq+V7GkcIVUoDmFJDv1VkntlRn4clB3wzDp0L"},"_chains":{"BX7GtOrNUCC8+EBmF1bVzsqjmv6aApe09SorMUIFByFt":{"chainKey":{"counter":0,"key":"LNlCW63UFFt8+Puohhv5nSyMOBOcLFqMH5siyCpiCHo="},"chainType":1,"messageKeys":{}}},"pendingPreKey":{"signedKeyId":4,"baseKey":"BUzYjfEBPItyAKpb0VqHAS9h13sF+pB+vz7XqPV6+rQX","preKeyId":3600121}}},"version":"v1"}