{"_sessions":{"BegfxTWzWsVZuc5/FdfMUiI4jfjiF/PEE+kVuoj9XEN7":{"registrationId":952730921,"currentRatchet":{"ephemeralKeyPair":{"pubKey":"BWBN1almpiNsc5TYx6Z0ns+/hJ4mJNx65vMvVQ44l6Ef","privKey":"kDled6SdIMkvfsKeTiOepnU3EWwu6lPmy5r85hqBrF4="},"lastRemoteEphemeralKey":"BZb3X9HT0vf20tiZ1ETO5IvysypuP7XmrTfatY2yYXgS","previousCounter":0,"rootKey":"WBtOTMQzu8F9rAjWjZxDvoEpUBcbsG8ikJkKZ7xX3wo="},"indexInfo":{"baseKey":"BegfxTWzWsVZuc5/FdfMUiI4jfjiF/PEE+kVuoj9XEN7","baseKeyType":1,"closed":-1,"used":1689261767604,"created":1689261767604,"remoteIdentityKey":"BcE3CzsdwfXJZwAWmyqmisirlnfbPtHGX2VHt1tf7mkt"},"_chains":{"BWBN1almpiNsc5TYx6Z0ns+/hJ4mJNx65vMvVQ44l6Ef":{"chainKey":{"counter":0,"key":"4bncJ/hI8RUchRfVAtqwfrAVxWwFVTxsD4+jn7aJN1Y="},"chainType":1,"messageKeys":{}}},"pendingPreKey":{"signedKeyId":3,"baseKey":"BegfxTWzWsVZuc5/FdfMUiI4jfjiF/PEE+kVuoj9XEN7","preKeyId":13703469}}},"version":"v1"}