{"_sessions":{"BbA2CmjIrmwSLcxoc29spa0tJf/6zsEGwW7IC2PMTP18":{"registrationId":275790853,"currentRatchet":{"ephemeralKeyPair":{"pubKey":"BYcv/FTs81/1+8hO37zfXKQlzv82I0Z4QE330OLuD703","privKey":"IFhSG3nVb9SR8YB15c5OFhx2ohs8elZ++y+KUghWcWY="},"lastRemoteEphemeralKey":"Bf7SDYSUrw0vxqcDhcDZ1LM+wRV+oEyAEhrsYxFbzHB2","previousCounter":0,"rootKey":"GQR0Lc5XibKqwXZ0WOKdFVEtl0zlPK98+vhyszPxTVk="},"indexInfo":{"baseKey":"BbA2CmjIrmwSLcxoc29spa0tJf/6zsEGwW7IC2PMTP18","baseKeyType":1,"closed":-1,"used":1689261768693,"created":1689261768693,"remoteIdentityKey":"Bd3cvqIBXCEeRRO0queb1jFf4Z6SV+L+DPMqjVyxFGwM"},"_chains":{"BYcv/FTs81/1+8hO37zfXKQlzv82I0Z4QE330OLuD703":{"chainKey":{"counter":2,"key":"cBiJjlCJfMFCqdtzidoi0hFUnJSh4VZqznJtfIe45P0="},"chainType":1,"messageKeys":{}}},"pendingPreKey":{"signedKeyId":7,"baseKey":"BbA2CmjIrmwSLcxoc29spa0tJf/6zsEGwW7IC2PMTP18","preKeyId":5323000}}},"version":"v1"}