{"_sessions":{"BdLmpFbqNs0CwqYq8zZruvTqLPi2Pyzki/pjU/DmGChJ":{"registrationId":1013725853,"currentRatchet":{"ephemeralKeyPair":{"pubKey":"BWKQdDhdaFfNx1geAsLI6WLpnaxHjt9GLbEkvWp1+DEq","privKey":"8FtjmDbmILboP72VlNYfHJLDheUy+b3ak7Ofqei2B10="},"lastRemoteEphemeralKey":"BeoPdwZ/HAb2OQBAbZarAtuEoqFRP6NDVPxj+UNPRrwb","previousCounter":0,"rootKey":"08VdD4tgAXY8ZjREg0K3ddTVeSR6f2M/ibikOsUmvfY="},"indexInfo":{"baseKey":"BdLmpFbqNs0CwqYq8zZruvTqLPi2Pyzki/pjU/DmGChJ","baseKeyType":1,"closed":-1,"used":1689261767767,"created":1689261767767,"remoteIdentityKey":"BSQokp0DJ0hq6aLGEWwBvFJZFBlZoQvjb3q0wgLtvSlW"},"_chains":{"BWKQdDhdaFfNx1geAsLI6WLpnaxHjt9GLbEkvWp1+DEq":{"chainKey":{"counter":0,"key":"VaydD5yyfjU0ystBAshPo0cq+80MaVEYYMxUynouAv0="},"chainType":1,"messageKeys":{}}},"pendingPreKey":{"signedKeyId":1,"baseKey":"BdLmpFbqNs0CwqYq8zZruvTqLPi2Pyzki/pjU/DmGChJ","preKeyId":4378474}}},"version":"v1"}