{"_sessions":{"BbcUQJWH9/6bhaaWw+aM2viZUv+6AymSIqbCNj3dygJE":{"registrationId":1808994496,"currentRatchet":{"ephemeralKeyPair":{"pubKey":"BUVMmvBpf0dVjGbZPuoVQ75ce4PlcE0awmg/J6E/YZMN","privKey":"0PrHHOx5XcKIRydNYLFhBYQJcZyUHRffJ7yPNomgVWk="},"lastRemoteEphemeralKey":"BTYiY3HSyJtkI2F8JiQhGXZt9vRN0rJebLCe03Z9GDNp","previousCounter":0,"rootKey":"3/nX3H7UBq9xs56WGdEAwMKYMt/udemByfsuV7afcAU="},"indexInfo":{"baseKey":"BbcUQJWH9/6bhaaWw+aM2viZUv+6AymSIqbCNj3dygJE","baseKeyType":1,"closed":-1,"used":1689261767258,"created":1689261767258,"remoteIdentityKey":"BWcVnkwEL/6FY3q/wrwkxT+qJqWifwkcpyzNkzE4MtgA"},"_chains":{"BUVMmvBpf0dVjGbZPuoVQ75ce4PlcE0awmg/J6E/YZMN":{"chainKey":{"counter":0,"key":"k66YOc4rMt4arEwjNNL/NjzTJy9QS9S9QZHXrQ+k2+I="},"chainType":1,"messageKeys":{}}},"pendingPreKey":{"signedKeyId":0,"baseKey":"BbcUQJWH9/6bhaaWw+aM2viZUv+6AymSIqbCNj3dygJE"}}},"version":"v1"}