{"_sessions":{"BTBLCkbbTPp8ifD4yl2gS7Q+rra71ixHciBhGMqXnYF/":{"registrationId":1004854028,"currentRatchet":{"ephemeralKeyPair":{"pubKey":"BTBDg/IbIJfsWAo2jqKZdGZsv8ZSENbcrUKQDw54TmwC","privKey":"mHN+NLkFrygVJCuHjDRVylqiDN9Y5a5/FkqzRPbAY00="},"lastRemoteEphemeralKey":"BbM35pckwKbuUcDMfDaLEAHShcKUnLTCgwrFskPV2D0i","previousCounter":0,"rootKey":"iBfj8MVUXS1t5qJEWezZyLid2jeLcgeuZ0QOJmjG3sU="},"indexInfo":{"baseKey":"BTBLCkbbTPp8ifD4yl2gS7Q+rra71ixHciBhGMqXnYF/","baseKeyType":1,"closed":-1,"used":1689261767600,"created":1689261767600,"remoteIdentityKey":"BcmXjIwzGUF7zpVCAyPbI+tWQ5R06lQRDEoAZVf26dUz"},"_chains":{"BTBDg/IbIJfsWAo2jqKZdGZsv8ZSENbcrUKQDw54TmwC":{"chainKey":{"counter":0,"key":"Djr72w1/v5s/zvEi++02Q68j0KmlUnVFiFBPONByBTQ="},"chainType":1,"messageKeys":{}}},"pendingPreKey":{"signedKeyId":1,"baseKey":"BTBLCkbbTPp8ifD4yl2gS7Q+rra71ixHciBhGMqXnYF/"}}},"version":"v1"}