{"_sessions":{"BWnVoL4XPudO/u/P85ccREuklFe6JDgE/dziyXFG+bN8":{"registrationId":155066354,"currentRatchet":{"ephemeralKeyPair":{"pubKey":"BbMHswnPnhtujHZwkG7Q/macV03tLmtOYVsoqScuIEZR","privKey":"4DqDP09ArcIqKb42oJqn2/32P9g8eYZqSYjwpTb6+lI="},"lastRemoteEphemeralKey":"BQSXE8QFLGXcJSRGnw8RK/3MThyu47O+h3CtK2SYaiwy","previousCounter":0,"rootKey":"OiCAnYsPszk8ibif9nOEWLd0jBaPxLNLBlTV7AJkE8Y="},"indexInfo":{"baseKey":"BWnVoL4XPudO/u/P85ccREuklFe6JDgE/dziyXFG+bN8","baseKeyType":1,"closed":-1,"used":1689261925792,"created":1689261925792,"remoteIdentityKey":"BQLfM60kphQdVFinRzsLyqP/orIyxaKAevjhshCncy0B"},"_chains":{"BbMHswnPnhtujHZwkG7Q/macV03tLmtOYVsoqScuIEZR":{"chainKey":{"counter":1,"key":"7oKjIb998WHuGQEw/S2UdUXEEnOxRwh5vrmy9U/ZJZU="},"chainType":1,"messageKeys":{}}},"pendingPreKey":{"signedKeyId":1,"baseKey":"BWnVoL4XPudO/u/P85ccREuklFe6JDgE/dziyXFG+bN8","preKeyId":14268178}}},"version":"v1"}