{"_sessions":{"BXqJsAUgInUNMgPBRSLQ8rAkbhxVB+Duogm8DLOynK88":{"registrationId":159733791,"currentRatchet":{"ephemeralKeyPair":{"pubKey":"Bc2mOe50ydmnZJxxijILSUSaOgWb9mF2Abg4XngONwxx","privKey":"0LabbhNdWAryUWzdVQMeLtFIKu801sTaCaliIgTpYl0="},"lastRemoteEphemeralKey":"BfWN6QmUyXPo+Oc2jaJMMza2maZxTfZ7UIzFASAjBydM","previousCounter":0,"rootKey":"x6/FuwTPSCPu91/NIzRSZrByAJTd1F3LBZzd7nheFcY="},"indexInfo":{"baseKey":"BXqJsAUgInUNMgPBRSLQ8rAkbhxVB+Duogm8DLOynK88","baseKeyType":1,"closed":-1,"used":1689261925859,"created":1689261925859,"remoteIdentityKey":"BS0TNr00sKy57Pg9dHtoa+4nb9Yk1TUj3K/McmGRuwlK"},"_chains":{"Bc2mOe50ydmnZJxxijILSUSaOgWb9mF2Abg4XngONwxx":{"chainKey":{"counter":1,"key":"xTDKgMunbo9Sy/9TY/MiYJdN0Irpa5roI7sTGHSePSo="},"chainType":1,"messageKeys":{}}},"pendingPreKey":{"signedKeyId":8,"baseKey":"BXqJsAUgInUNMgPBRSLQ8rAkbhxVB+Duogm8DLOynK88","preKeyId":7093534}}},"version":"v1"}