{"_sessions":{"BRgR7k/YR/3up8sgjb+/sVuRESQpZh3mUXsvTlV4GOB7":{"registrationId":1378072699,"currentRatchet":{"ephemeralKeyPair":{"pubKey":"BY0ja+UMBpDfMB9j2wY+7rk0wsa/dUEf+P5MbCmjU4s1","privKey":"ALySiPVecX40j1obcWXVexvplefWtbCnhzQz6SfJxWY="},"lastRemoteEphemeralKey":"BZoavW95kD32EWrWf+yvxhzBjnKqBXx5ODVzUWCdUYN3","previousCounter":0,"rootKey":"1bKuDJeGecNyso6n8T34/dXtTGHu3bHRoVreN7Mba/4="},"indexInfo":{"baseKey":"BRgR7k/YR/3up8sgjb+/sVuRESQpZh3mUXsvTlV4GOB7","baseKeyType":1,"closed":-1,"used":1689261926256,"created":1689261926256,"remoteIdentityKey":"BXDW36rvtvLNlDeg0qVcWeTb0apjpE1UdyPf3+zAlj4q"},"_chains":{"BY0ja+UMBpDfMB9j2wY+7rk0wsa/dUEf+P5MbCmjU4s1":{"chainKey":{"counter":1,"key":"QyCiAqnzb29Lm311OMMIR7nJwMPXa8uu2WZIv2gry7U="},"chainType":1,"messageKeys":{}}},"pendingPreKey":{"signedKeyId":1,"baseKey":"BRgR7k/YR/3up8sgjb+/sVuRESQpZh3mUXsvTlV4GOB7","preKeyId":13543148}}},"version":"v1"}