{"_sessions":{"BZKOP3sOTCOKITNzw/0JibhHrtgwzwW4iX5Ecwh+ui0s":{"registrationId":447122668,"currentRatchet":{"ephemeralKeyPair":{"pubKey":"BV1XfLovyVmNubG+JnhacTow0p7sDlz3HtHTa8FRVO1T","privKey":"iIkHihoHBbSvKVmHVoCkPDyvfCyG5KlpaKWZSVbyuHM="},"lastRemoteEphemeralKey":"BRj2pcECZiJha/ALMNlt6lD3E4GpraX6+Ve58dkMEKd6","previousCounter":0,"rootKey":"PiRgxHxw6HEX/W97GSMOSoC/rtBUf5oNOT2AsMlHB9E="},"indexInfo":{"baseKey":"BZKOP3sOTCOKITNzw/0JibhHrtgwzwW4iX5Ecwh+ui0s","baseKeyType":1,"closed":-1,"used":1689261926004,"created":1689261926004,"remoteIdentityKey":"BSLo3rNmr2U4GnOiMg0RRTRleLi5Upd+W/GptFa8cKQf"},"_chains":{"BV1XfLovyVmNubG+JnhacTow0p7sDlz3HtHTa8FRVO1T":{"chainKey":{"counter":1,"key":"evL5IkiLtgxGnYT8uoghpYt7oDBX1MwmhLxCVM2dCu8="},"chainType":1,"messageKeys":{}}},"pendingPreKey":{"signedKeyId":1,"baseKey":"BZKOP3sOTCOKITNzw/0JibhHrtgwzwW4iX5Ecwh+ui0s","preKeyId":172809}}},"version":"v1"}