{"_sessions":{"BUmNqGIW3aTIMK4746L4ksFdf2mgYNhllqfbG/cMbWV8":{"registrationId":1386672503,"currentRatchet":{"ephemeralKeyPair":{"pubKey":"BZescl+WO0kPLrZ4RLC5UQgTPUC5Hn6365HdAqJ+KNYz","privKey":"2AxBAOUwICfC8hrXdK3yRso4qeb/wndbWdOISOvjIU8="},"lastRemoteEphemeralKey":"BePOkIUUCpY1S39zSZq3yVgIolSxZof6VkLlrXkW6QZk","previousCounter":0,"rootKey":"ahDrIjsAL2oJJKqmF/OzFELCvMpvTPag0i7wmPWeZs8="},"indexInfo":{"baseKey":"BUmNqGIW3aTIMK4746L4ksFdf2mgYNhllqfbG/cMbWV8","baseKeyType":1,"closed":-1,"used":1689261926183,"created":1689261926183,"remoteIdentityKey":"BZo4e1YcEq94gKj4m87ALkkfIRVGmWt1mWJef9c5I0RZ"},"_chains":{"BZescl+WO0kPLrZ4RLC5UQgTPUC5Hn6365HdAqJ+KNYz":{"chainKey":{"counter":1,"key":"mmidA7UaqzaJ+EdGnCGHwHQOIcbxxCu/Kc83J85957c="},"chainType":1,"messageKeys":{}}},"pendingPreKey":{"signedKeyId":4,"baseKey":"BUmNqGIW3aTIMK4746L4ksFdf2mgYNhllqfbG/cMbWV8","preKeyId":13876055}}},"version":"v1"}