{"_sessions":{"BVYHsRh2ZRylbSTy5Y6wPz0+OnR61Mqla+XAQ1AK5xZ7":{"registrationId":1977528829,"currentRatchet":{"ephemeralKeyPair":{"pubKey":"BdBHdBdRLi57HKxovyQIWhY37ZznRZTME1UZ5ZRabFdO","privKey":"cIddhPGIEhAQHuNVZz15X4AC6bLCD8fD+dWAuxrZon8="},"lastRemoteEphemeralKey":"BXWsxt/qO/Ti1QrrQdB5OAFcuckntLMBivl019EBRYIe","previousCounter":0,"rootKey":"HUFj6ZL+WvkFC3Jcpl6fSHWf5t/TsIS+SeJh1aCfors="},"indexInfo":{"baseKey":"BVYHsRh2ZRylbSTy5Y6wPz0+OnR61Mqla+XAQ1AK5xZ7","baseKeyType":1,"closed":-1,"used":1689261767372,"created":1689261767372,"remoteIdentityKey":"BYuNurpQh1iugzWEHkZOn/6s2EqrGt1t17iL7J25Cd47"},"_chains":{"BdBHdBdRLi57HKxovyQIWhY37ZznRZTME1UZ5ZRabFdO":{"chainKey":{"counter":0,"key":"ttaFhSEMxIFQdhzqnZZgrnMTFGKNlQzIrShHdvxgPBE="},"chainType":1,"messageKeys":{}}},"pendingPreKey":{"signedKeyId":0,"baseKey":"BVYHsRh2ZRylbSTy5Y6wPz0+OnR61Mqla+XAQ1AK5xZ7"}}},"version":"v1"}