{"_sessions":{"BXgkAkfuWTej1CRZSGM9z/Ct7zLKYVkTZV2B3dyTamAy":{"registrationId":171293570,"currentRatchet":{"ephemeralKeyPair":{"pubKey":"BfuX+auH9AujGuzoqZhbpYkssaHrA3yaY9O1qsgY4SF2","privKey":"uDuprsQWWMO5jQssTtMjJ1FRYvhZoyIapSRY5dNSkUk="},"lastRemoteEphemeralKey":"BVAPzcThz96FFh6yccwvwSCGokQBd9IBC5yZmd7WcW9w","previousCounter":0,"rootKey":"or9cuZ4NPf7vvma9ZnhzVvxYDINC4orE+u12DFwQf8Q="},"indexInfo":{"baseKey":"BXgkAkfuWTej1CRZSGM9z/Ct7zLKYVkTZV2B3dyTamAy","baseKeyType":1,"closed":-1,"used":1689261768096,"created":1689261768096,"remoteIdentityKey":"BXRtNvk/c7i2lARf9QTkcHRKUtPfFlAlavdIyj3up8Ad"},"_chains":{"BfuX+auH9AujGuzoqZhbpYkssaHrA3yaY9O1qsgY4SF2":{"chainKey":{"counter":0,"key":"i1OB3ZGKqUnez/LyNufXWNvTreFCLF9lHpIITJrsmZY="},"chainType":1,"messageKeys":{}}},"pendingPreKey":{"signedKeyId":312,"baseKey":"BXgkAkfuWTej1CRZSGM9z/Ct7zLKYVkTZV2B3dyTamAy"}}},"version":"v1"}