{"_sessions":{"BceE5LiZWwjlvNYhJvz0tS00xSucC7Rn2pgidRNisgIq":{"registrationId":1507138800,"currentRatchet":{"ephemeralKeyPair":{"pubKey":"Bcz5WNM2fwiV5sGd4aHVezXWy8wZqJzWw+TCY1unc9ov","privKey":"ABPWqEyw+PS6jGjK3L7D9tK3yQe6p5A7Plxrwg9KQVg="},"lastRemoteEphemeralKey":"BZyTVD8yyHAoBPQxkf5fnpAJ5FVemYsQSQVVj+ep7c5H","previousCounter":0,"rootKey":"iMCzhW3Vnd/nRHlyRapar4NpvU4ywcYlzUyTWvMi3fI="},"indexInfo":{"baseKey":"BceE5LiZWwjlvNYhJvz0tS00xSucC7Rn2pgidRNisgIq","baseKeyType":1,"closed":-1,"used":1689261767162,"created":1689261767162,"remoteIdentityKey":"BaaHyB6GQATHNxAU1uIjWc4zEApua+nN2aVHdtEL+xYf"},"_chains":{"Bcz5WNM2fwiV5sGd4aHVezXWy8wZqJzWw+TCY1unc9ov":{"chainKey":{"counter":0,"key":"Fp0sjUIsYGkjHjg7qyC8qHi6WXlrb65BtGA/7eKBRjA="},"chainType":1,"messageKeys":{}}},"pendingPreKey":{"signedKeyId":11,"baseKey":"BceE5LiZWwjlvNYhJvz0tS00xSucC7Rn2pgidRNisgIq","preKeyId":6240084}}},"version":"v1"}