{"_sessions":{"Bbek2Fj7sDzVFhYCm8QDHDu7fH32lvpWQpUBb+I1kX4d":{"registrationId":33,"currentRatchet":{"ephemeralKeyPair":{"pubKey":"BSKt5R6KvZj7gP8Igog0obxEEAyfOv//ruYp3w0gx7AS","privKey":"gJ9NsKoitjR6DoRpzXdVxl0sFqAlKxkQ+6UP7ELJxVo="},"lastRemoteEphemeralKey":"BWIWFzCnagopYzgvsZdecYJmMlrttQkfmrdRnT53n8VI","previousCounter":0,"rootKey":"k/k3rDdRufaiVvfdesTNaSKqisLoPMzpymy3qtjavgw="},"indexInfo":{"baseKey":"Bbek2Fj7sDzVFhYCm8QDHDu7fH32lvpWQpUBb+I1kX4d","baseKeyType":1,"closed":-1,"used":1689261765774,"created":1689261765774,"remoteIdentityKey":"BXklhoWHwnw/DRTSu5y4BojQziupCxIaOT3lUVXNP/Ab"},"_chains":{"BSKt5R6KvZj7gP8Igog0obxEEAyfOv//ruYp3w0gx7AS":{"chainKey":{"counter":0,"key":"oqv9/Rtk/65dyZoa8XBEZO0hxbQPXctGcF4Wlq9X2S8="},"chainType":1,"messageKeys":{}}},"pendingPreKey":{"signedKeyId":1,"baseKey":"Bbek2Fj7sDzVFhYCm8QDHDu7fH32lvpWQpUBb+I1kX4d"}}},"version":"v1"}