{"_sessions":{"BcBneEy7oNXqcWLA7qidjkGx03MCry0fOkt8/fK9M3kr":{"registrationId":96048879,"currentRatchet":{"ephemeralKeyPair":{"pubKey":"Bbaw9l1TsXtFYrs6BWRCjfrG7XrgBWCpWELWwB5FGqki","privKey":"AHFJxY/E3ad5+IhPOxj982v5IlPayQcLTt3WVMIZXnI="},"lastRemoteEphemeralKey":"Bc9gS3Nj678Vp72wWpjyWeK8d3pWGAv3L4Yh6uHSJPY6","previousCounter":0,"rootKey":"MJzGV0fT9yHSpv1QT/J5fUAyArdisHnIu1/x4SZggWA="},"indexInfo":{"baseKey":"BcBneEy7oNXqcWLA7qidjkGx03MCry0fOkt8/fK9M3kr","baseKeyType":1,"closed":-1,"used":1689261768491,"created":1689261768491,"remoteIdentityKey":"BRo4n+9OknH9ypAZJN8zMC7bujWg2FHpLlSavCVmw5YL"},"_chains":{"Bbaw9l1TsXtFYrs6BWRCjfrG7XrgBWCpWELWwB5FGqki":{"chainKey":{"counter":0,"key":"OfB85VsynQaWe6TkD0ubaaWqgocyLa95zx/ZNb3zNMM="},"chainType":1,"messageKeys":{}}},"pendingPreKey":{"signedKeyId":0,"baseKey":"BcBneEy7oNXqcWLA7qidjkGx03MCry0fOkt8/fK9M3kr","preKeyId":4257700}}},"version":"v1"}