{"_sessions":{"BTE78FUHtsW0N+mIUmN/61akDMTk+PGEfMmdSSFxIhdY":{"registrationId":815165481,"currentRatchet":{"ephemeralKeyPair":{"pubKey":"BfLg9b1XDu4sZu096Q4rX8OvNCpMxaIHIXbjBJSh7Fhv","privKey":"+HUyczdknvbcYquLoWjPJaYhcCqJnrUCuYT+aetrm0Y="},"lastRemoteEphemeralKey":"BaF3SWYhNH8D361nmclRbP8pwK5gga99THLipOmgMYR2","previousCounter":0,"rootKey":"JPXDZkGoylHgegWQ3gmJuYTR+s+l/XSjnSOWPQHTptA="},"indexInfo":{"baseKey":"BTE78FUHtsW0N+mIUmN/61akDMTk+PGEfMmdSSFxIhdY","baseKeyType":1,"closed":-1,"used":1689261767457,"created":1689261767457,"remoteIdentityKey":"BS05M2+i67RwfBbkA6n+8hkgi6Q5MR3VDGubfWoLYf4Q"},"_chains":{"BfLg9b1XDu4sZu096Q4rX8OvNCpMxaIHIXbjBJSh7Fhv":{"chainKey":{"counter":0,"key":"GhUfzcGJ5Wcpty6mucX3uVD1Fz9M6FH6sgk71t7yzLY="},"chainType":1,"messageKeys":{}}},"pendingPreKey":{"signedKeyId":0,"baseKey":"BTE78FUHtsW0N+mIUmN/61akDMTk+PGEfMmdSSFxIhdY"}}},"version":"v1"}