{"_sessions":{"BXqJkZlVLGlEVWoaPhgjGPLnBythZ4/2YGyxhVcbG1R8":{"registrationId":259779536,"currentRatchet":{"ephemeralKeyPair":{"pubKey":"BXe9b4NaXmqk+63mcg/ei+CUvpjqTLNHKcfIpdQv82sR","privKey":"qOtN4YLueE2UFQ1llAyl1Zqam/s4UYAjH49lyXxG0lg="},"lastRemoteEphemeralKey":"BVpNFSpy1FcxmxM9aEi40q2zftUHKmgyDMnMUQP94Tp5","previousCounter":0,"rootKey":"vxFT8USIk+VJ2JNBJVO6Xpritinh1QJQa9ZUDlhs+UQ="},"indexInfo":{"baseKey":"BXqJkZlVLGlEVWoaPhgjGPLnBythZ4/2YGyxhVcbG1R8","baseKeyType":1,"closed":-1,"used":1689261926353,"created":1689261926353,"remoteIdentityKey":"BWXChHhYdn0isYKCw+OSlL8JHUSiU/WZhGyaCh7LivhL"},"_chains":{"BXe9b4NaXmqk+63mcg/ei+CUvpjqTLNHKcfIpdQv82sR":{"chainKey":{"counter":1,"key":"h9/5YSI4xgwPSKIToeCfQIfP+J/FdsfvlCnWOhGdsX4="},"chainType":1,"messageKeys":{}}},"pendingPreKey":{"signedKeyId":1,"baseKey":"BXqJkZlVLGlEVWoaPhgjGPLnBythZ4/2YGyxhVcbG1R8","preKeyId":14198426}}},"version":"v1"}