{"_sessions":{"BZwZDuRM5Pd08B1yoTY4SRWTnfWPgUjcu22wP5MmWEg0":{"registrationId":469693456,"currentRatchet":{"ephemeralKeyPair":{"pubKey":"BXg3VLT0THdynPfCmPHX9FZKkNkDamL1svRTRb+anckd","privKey":"iOSRNRvbm/104RYDaq+oN64b+/A0mFASwP91lLr9DmU="},"lastRemoteEphemeralKey":"BY0AnoESmRuQ9r4qxd5Rkm6Uti4j/rREcFyoS/0h5NRY","previousCounter":0,"rootKey":"hIRWqKDt0Yg8IAqhYaj9eRYBTIWKEwmzkTDw6th8g5k="},"indexInfo":{"baseKey":"BZwZDuRM5Pd08B1yoTY4SRWTnfWPgUjcu22wP5MmWEg0","baseKeyType":1,"closed":-1,"used":1689261767402,"created":1689261767402,"remoteIdentityKey":"BaO91KXFTiLOsDlzljggygaxSEivQEHWBFVoDcxXQg8O"},"_chains":{"BXg3VLT0THdynPfCmPHX9FZKkNkDamL1svRTRb+anckd":{"chainKey":{"counter":0,"key":"c/8BoFme+FiL9yuwWoZybUwkE+Njp5e7Xrs944+M5DQ="},"chainType":1,"messageKeys":{}}},"pendingPreKey":{"signedKeyId":0,"baseKey":"BZwZDuRM5Pd08B1yoTY4SRWTnfWPgUjcu22wP5MmWEg0","preKeyId":14543000}}},"version":"v1"}