{"_sessions":{"Be0s/j4yNLGZziK/6qgtfVdTt8GHpBEFo9qS+KQ7zyV/":{"registrationId":6349443,"currentRatchet":{"ephemeralKeyPair":{"pubKey":"BaJPVPte4p2yv0ACQjeUxTZFwJpxaDWG9dz0zopxH7xP","privKey":"KG0QRjn41NJsf/fEiK+6LH2uI0jOyvNjGNZEFijz+3o="},"lastRemoteEphemeralKey":"BfgIIQHU2GT7ugO5bgNpHRrRlX70GmZ7mV4OxdhsOttI","previousCounter":0,"rootKey":"J6MtIMMSG8z5FDz7CiDxd+bP4lXdkHMRAPbA8vlEUIQ="},"indexInfo":{"baseKey":"Be0s/j4yNLGZziK/6qgtfVdTt8GHpBEFo9qS+KQ7zyV/","baseKeyType":1,"closed":-1,"used":1689261768874,"created":1689261768874,"remoteIdentityKey":"BQIVflJr5r05DBTH8cNUEcUANvQMXqUkge6guixczh4S"},"_chains":{"BaJPVPte4p2yv0ACQjeUxTZFwJpxaDWG9dz0zopxH7xP":{"chainKey":{"counter":0,"key":"hHYq8s/xTvRXpPkmTAbzYi80q9XbvBYWlR+/NxT92p8="},"chainType":1,"messageKeys":{}}},"pendingPreKey":{"signedKeyId":2,"baseKey":"Be0s/j4yNLGZziK/6qgtfVdTt8GHpBEFo9qS+KQ7zyV/"}}},"version":"v1"}