{"_sessions":{"BTMlVaChVicJ10ur01RBUTI5Wa09LHe+iGyjfpkR8gt/":{"registrationId":114,"currentRatchet":{"ephemeralKeyPair":{"pubKey":"BfFYMlYSdK5VwUFDt/Pf7PkaOPpDi4+zKNNDSa8RPHVP","privKey":"QJEnFV8uOvPp6d3VpaslQGanivZDdyDt3VGzFXycSUM="},"lastRemoteEphemeralKey":"BRv5FYRSByOvO+wVtwlQa3OqlOJ2BTcF/25iebwvphhN","previousCounter":0,"rootKey":"VD958k7NwGWO0UV0PRK3Kj69Qsi7gIo+aqWty0BcZN8="},"indexInfo":{"baseKey":"BTMlVaChVicJ10ur01RBUTI5Wa09LHe+iGyjfpkR8gt/","baseKeyType":1,"closed":-1,"used":1689261925297,"created":1689261925297,"remoteIdentityKey":"BZP42bFdMhbjz4WQwCT6hpKvv2ucxSynzLeVEEH/hSYL"},"_chains":{"BfFYMlYSdK5VwUFDt/Pf7PkaOPpDi4+zKNNDSa8RPHVP":{"chainKey":{"counter":1,"key":"UkxNDb+okw8rDNhWzjT7+Hq5dwm71ufJ+sV4UomOE78="},"chainType":1,"messageKeys":{}}},"pendingPreKey":{"signedKeyId":1,"baseKey":"BTMlVaChVicJ10ur01RBUTI5Wa09LHe+iGyjfpkR8gt/"}}},"version":"v1"}