{"_sessions":{"BXzTFDpBOkjTkOIga9g+LMzLzAoodiOmY9GJXIylQU9e":{"registrationId":106,"currentRatchet":{"ephemeralKeyPair":{"pubKey":"BazkW7K1OckGkoSZ/frpe+fC31E3ZCnh7oa4jOI47m8i","privKey":"8A5hmMif81L9WWOh7l/UF3sJ8pNk0svbaJZW9Dy4xlQ="},"lastRemoteEphemeralKey":"BRbIxZYUnjNB3e9aQuTBBzi8dunjSFxH5S87JyqByX8B","previousCounter":0,"rootKey":"QGi2B91zOs8AlwnXSI8IT3GQ9iiOz53PS5iN9i9u1VA="},"indexInfo":{"baseKey":"BXzTFDpBOkjTkOIga9g+LMzLzAoodiOmY9GJXIylQU9e","baseKeyType":1,"closed":-1,"used":1689261766286,"created":1689261766286,"remoteIdentityKey":"BXdA23rM6zXF5SPUDY/64ZMWd8JgYTdjh2vdOmUQbsJW"},"_chains":{"BazkW7K1OckGkoSZ/frpe+fC31E3ZCnh7oa4jOI47m8i":{"chainKey":{"counter":0,"key":"OOkWcFKiJp7yayXf2Iv/lpmw4R7Xkh2F46mb7tuu7XE="},"chainType":1,"messageKeys":{}}},"pendingPreKey":{"signedKeyId":1,"baseKey":"BXzTFDpBOkjTkOIga9g+LMzLzAoodiOmY9GJXIylQU9e"}}},"version":"v1"}