{"_sessions":{"BUvKLf8jQdjObw/EnJF2FM7+yJXFpaLe5dZ+rXu0aF8w":{"registrationId":293162164,"currentRatchet":{"ephemeralKeyPair":{"pubKey":"BXH/or01BAb1uYdeNeF/pY/3nnDlaxiPGRNhACGKCisa","privKey":"+AFnlS7SIHPZryFmreC7tpZq7mg2lehK3Q7HtFxP0Vc="},"lastRemoteEphemeralKey":"Bd66CijlSq1g7dW5WvEAlO7tSuUiLFvcPSGJf4Hkuy8w","previousCounter":0,"rootKey":"bU+HNJZQTrCdSTXmNWhNSoQbI9IPM17kxhWut5Yqhp4="},"indexInfo":{"baseKey":"BUvKLf8jQdjObw/EnJF2FM7+yJXFpaLe5dZ+rXu0aF8w","baseKeyType":1,"closed":-1,"used":1689261925995,"created":1689261925995,"remoteIdentityKey":"BYoyEBPt5A5QzjhthfgMwvVQf3KyLJnpuc8IVXBXD01y"},"_chains":{"BXH/or01BAb1uYdeNeF/pY/3nnDlaxiPGRNhACGKCisa":{"chainKey":{"counter":1,"key":"uMyb7DyU/RR+6Anje/tF1qVDrEsvn3I8UHJzthFd/dw="},"chainType":1,"messageKeys":{}}},"pendingPreKey":{"signedKeyId":0,"baseKey":"BUvKLf8jQdjObw/EnJF2FM7+yJXFpaLe5dZ+rXu0aF8w","preKeyId":7290001}}},"version":"v1"}