{"_sessions":{"BTCtLNF12Jb7YikA1XXuzCR3vDCuiCOD1iBWPQhYfZZX":{"registrationId":1878862396,"currentRatchet":{"ephemeralKeyPair":{"pubKey":"BQlBReLHJraLE1mhBliOJ03lHRBIw3RZCJML7dK2/G48","privKey":"eFynDSKen6/9ptj84PFR2/OHW1DocXjuVm5ex6of8G8="},"lastRemoteEphemeralKey":"BbGQoLnoFFYfbGmqk3Nxm6J/1CrCCX+xP8XHfUetpep0","previousCounter":0,"rootKey":"4dqr66+6Nrgu3SSXz/9fojJ5E0AiFYgwAPuHwPF098M="},"indexInfo":{"baseKey":"BTCtLNF12Jb7YikA1XXuzCR3vDCuiCOD1iBWPQhYfZZX","baseKeyType":1,"closed":-1,"used":1689261767381,"created":1689261767381,"remoteIdentityKey":"BSCZmhjwDFbbcdf0Lo3iymWX11/ab7fEuRzK2k0zZipU"},"_chains":{"BQlBReLHJraLE1mhBliOJ03lHRBIw3RZCJML7dK2/G48":{"chainKey":{"counter":0,"key":"lzf5U2Nr/EZZ0EAeFcQJqWWD0Ubc62P08LbGeiQ3bNw="},"chainType":1,"messageKeys":{}}},"pendingPreKey":{"signedKeyId":11,"baseKey":"BTCtLNF12Jb7YikA1XXuzCR3vDCuiCOD1iBWPQhYfZZX","preKeyId":2008497}}},"version":"v1"}