{"_sessions":{"BQB1lcR5RBPZfYwMO0w7El1y671wCWBECAmxR/rWOV4E":{"registrationId":600980547,"currentRatchet":{"ephemeralKeyPair":{"pubKey":"BT0i6/7cXwwORhRg7s5eD8SvZadDtqYK28uCb2+m65VY","privKey":"aAzfNc4gO9mrmK0ZOoasoHTrSZX0EMbVW8ijdbfpYlQ="},"lastRemoteEphemeralKey":"BQzDpQaxnJsbbR65G2Iym8iVFsfMFUqsoXA+2m79+YFx","previousCounter":0,"rootKey":"0d7SkikUwHRf8Q31vyjukC599IMcxMhEZcUAsnoit74="},"indexInfo":{"baseKey":"BQB1lcR5RBPZfYwMO0w7El1y671wCWBECAmxR/rWOV4E","baseKeyType":1,"closed":-1,"used":1689261767265,"created":1689261767265,"remoteIdentityKey":"BVUw2+MoaPJ4MysrBVba4FYvvyO7dtKi4nbnEOhyOwA3"},"_chains":{"BT0i6/7cXwwORhRg7s5eD8SvZadDtqYK28uCb2+m65VY":{"chainKey":{"counter":0,"key":"YzLpNI3Iq5wynOZ2BRj7W3NdJmjL3NFjzSKP1iUnRAg="},"chainType":1,"messageKeys":{}}},"pendingPreKey":{"signedKeyId":3,"baseKey":"BQB1lcR5RBPZfYwMO0w7El1y671wCWBECAmxR/rWOV4E","preKeyId":5928752}}},"version":"v1"}