{"_sessions":{"BWyEZR/8THYboJjW+DzLAQp0ZSaln1p8G1CpFfuh9f9+":{"registrationId":121,"currentRatchet":{"ephemeralKeyPair":{"pubKey":"BTfFM8XMoywYuMFQVLj76BRpc5iIBnsBP3pWYvFnuPMK","privKey":"cEi2l96vA3ok7RcQ3EQ2vb4Dg6m9th9QH5Ow2AZgsG4="},"lastRemoteEphemeralKey":"Bdl20kchgwN6qNM7yYPFjJIgaC50BtMA7hAvi6I3BQFz","previousCounter":0,"rootKey":"Qq+yt3r9Lxqd423jSdJAZcKwMT803u/4ls/Qne4ezG4="},"indexInfo":{"baseKey":"BWyEZR/8THYboJjW+DzLAQp0ZSaln1p8G1CpFfuh9f9+","baseKeyType":1,"closed":-1,"used":1689261925190,"created":1689261925190,"remoteIdentityKey":"BV7hiNzEV94aXsTl0rEkwXp/z0FqxIPQ+eDjutgWcU8u"},"_chains":{"BTfFM8XMoywYuMFQVLj76BRpc5iIBnsBP3pWYvFnuPMK":{"chainKey":{"counter":1,"key":"82p/Jup5/PGLSnWNzVr97m6/6+IAYQw8mkkJMx0BXVk="},"chainType":1,"messageKeys":{}}},"pendingPreKey":{"signedKeyId":1,"baseKey":"BWyEZR/8THYboJjW+DzLAQp0ZSaln1p8G1CpFfuh9f9+"}}},"version":"v1"}