{"_sessions":{"BVVfp+vRVsWj3sdrMkt0dTZJvMHo7Ug6yrURr73G4EFV":{"registrationId":776920525,"currentRatchet":{"ephemeralKeyPair":{"pubKey":"BXw+GJ/B17X4wshQqTle/pAQr8AK3QfBBGp4ZcBV7SJk","privKey":"OGEYyQ9Q69kPWrJDxmqPRmFem53qu8E+oCIMUuiltGE="},"lastRemoteEphemeralKey":"BSfFNYjUBXHHwAvsbR4dUaG8vBD7vEX3YC9m0ZcLiuZC","previousCounter":0,"rootKey":"P7sUDuBp10R3s5XdXYN2IzDG7rur72Fd3SVyx4xfa4Y="},"indexInfo":{"baseKey":"BVVfp+vRVsWj3sdrMkt0dTZJvMHo7Ug6yrURr73G4EFV","baseKeyType":1,"closed":-1,"used":1689261767880,"created":1689261767880,"remoteIdentityKey":"Be6Y+NoyvlxD79n5CqWiglwAR4SU2tzcb8IFISr6Ltpt"},"_chains":{"BXw+GJ/B17X4wshQqTle/pAQr8AK3QfBBGp4ZcBV7SJk":{"chainKey":{"counter":0,"key":"BCXu4vCcLUXM0QW9IIipSRoI6wKihbArHP2i5Z6gEDs="},"chainType":1,"messageKeys":{}}},"pendingPreKey":{"signedKeyId":3,"baseKey":"BVVfp+vRVsWj3sdrMkt0dTZJvMHo7Ug6yrURr73G4EFV","preKeyId":10077075}}},"version":"v1"}