{"_sessions":{"BWQ4sMpn9wo6yw4ze680HiusgUryjCOA5r1zl+9W4DIh":{"registrationId":75057915,"currentRatchet":{"ephemeralKeyPair":{"pubKey":"BWCL7N+Y3TRgAKUeKLYAsYclcjGuOmp9m7urGu1kU0xM","privKey":"SLmr4x0PcwHB068fFunbaRXH7dfjAMW7A4V0nImUrVk="},"lastRemoteEphemeralKey":"BcJwvBUkqBCGGdmGcmk6TZuWY3DQwk31ejQBK7sIHbtZ","previousCounter":0,"rootKey":"KXg9s29zgN4w3/OTeFRTAX8y2VOzW97sZXnpodbUcmQ="},"indexInfo":{"baseKey":"BWQ4sMpn9wo6yw4ze680HiusgUryjCOA5r1zl+9W4DIh","baseKeyType":1,"closed":-1,"used":1689261767692,"created":1689261767692,"remoteIdentityKey":"BVqyUUSaILD8/rTTw6McW3E9+Kb/lMkCVVRc0/kvMOd0"},"_chains":{"BWCL7N+Y3TRgAKUeKLYAsYclcjGuOmp9m7urGu1kU0xM":{"chainKey":{"counter":0,"key":"4MHFMJNb42zrIGff2KTCMfbazJUt6Zzj0ZkDYb5b5ng="},"chainType":1,"messageKeys":{}}},"pendingPreKey":{"signedKeyId":1,"baseKey":"BWQ4sMpn9wo6yw4ze680HiusgUryjCOA5r1zl+9W4DIh","preKeyId":8495140}}},"version":"v1"}