{"_sessions":{"BWtYpgJFn9Tgg0SOuJ2e7FEx19SrNL9lxxiDxM/GUqsL":{"registrationId":435870203,"currentRatchet":{"ephemeralKeyPair":{"pubKey":"BaNrqlX1lZ6Ihh8Smw33aXdLKl1oeLgqW5Ewq4scD2c/","privKey":"GGa5hoZquf0cY0Qe2gMhgt1DWwr2hl4QEsOHAL25L1c="},"lastRemoteEphemeralKey":"BQlJ81EPTLUTnDwTDKYPztFdvRY77jSLcbCPOuSZ+asf","previousCounter":0,"rootKey":"qNAg1cWsE88pb69yfkyY4eo6ptcUbSmLCTPNDvYqb0I="},"indexInfo":{"baseKey":"BWtYpgJFn9Tgg0SOuJ2e7FEx19SrNL9lxxiDxM/GUqsL","baseKeyType":1,"closed":-1,"used":1689261768756,"created":1689261768756,"remoteIdentityKey":"BfquOhGmlsSTLhWcMTvNXVOlrrN010pRox3LpACONYFt"},"_chains":{"BaNrqlX1lZ6Ihh8Smw33aXdLKl1oeLgqW5Ewq4scD2c/":{"chainKey":{"counter":2,"key":"+wRMvvsRxhG01unUcZ6zij6TtoWsq2zO6VcvZsxh9q8="},"chainType":1,"messageKeys":{}}},"pendingPreKey":{"signedKeyId":0,"baseKey":"BWtYpgJFn9Tgg0SOuJ2e7FEx19SrNL9lxxiDxM/GUqsL"}}},"version":"v1"}