{"_sessions":{"Bc2CmwIorYEh8uRaS2QIyy/3Cmkv5wq9b/I/xXtGcYcv":{"registrationId":1869341749,"currentRatchet":{"ephemeralKeyPair":{"pubKey":"BdZ8JdMExre52b5rB8MxJqK5YrrWM0CZk4TaBS6MtSdd","privKey":"CBbSl+jtMXH4Eb+b8Zs1Z/oBbkwnGZGRO7TdfrOTY0E="},"lastRemoteEphemeralKey":"BSynxdHHcHqKml94jYUSZWCxIep2j2hfi8rkVY6tbGh8","previousCounter":0,"rootKey":"nyb7EJfNGzKGAYqH5OGwckhCzRRnuYIo0ZNPk4vVNao="},"indexInfo":{"baseKey":"Bc2CmwIorYEh8uRaS2QIyy/3Cmkv5wq9b/I/xXtGcYcv","baseKeyType":1,"closed":-1,"used":1689261768057,"created":1689261768057,"remoteIdentityKey":"BQJ45miJk3ynhvVILCIXj6OwMNx92S7+QQimUZF/aVwL"},"_chains":{"BdZ8JdMExre52b5rB8MxJqK5YrrWM0CZk4TaBS6MtSdd":{"chainKey":{"counter":0,"key":"tsSM/Ubdic7mPrilnmyDtntC1lC2umPNEqRXmMy/Sg0="},"chainType":1,"messageKeys":{}}},"pendingPreKey":{"signedKeyId":0,"baseKey":"Bc2CmwIorYEh8uRaS2QIyy/3Cmkv5wq9b/I/xXtGcYcv","preKeyId":13716061}}},"version":"v1"}