{"_sessions":{"BbPRVJnjwvPFTyqNLMgwPccktkY/O18fqycTfOmYgBRK":{"registrationId":755931781,"currentRatchet":{"ephemeralKeyPair":{"pubKey":"BaiLaxvn4hNugzP0U2CvCoeoe4NARrtt+xdxIfXS+eF+","privKey":"AFTSM0jz4kQ+BNZNL1D2KI0UU3UoDQvCwp7KbDdJD0E="},"lastRemoteEphemeralKey":"BXPnMrHDHxO+1LJK5/fXsbNWVHneIRsU+R/C8uo/9Qd/","previousCounter":0,"rootKey":"6J3/QqbSaHuzCkaBxNlsFP859F/HS/LuF9rxnbiAz40="},"indexInfo":{"baseKey":"BbPRVJnjwvPFTyqNLMgwPccktkY/O18fqycTfOmYgBRK","baseKeyType":1,"closed":-1,"used":1689261768092,"created":1689261768092,"remoteIdentityKey":"BXAeWWaD9Cexc4VbxgIfeohO4H1jNPYgAIPomJOQ9MAL"},"_chains":{"BaiLaxvn4hNugzP0U2CvCoeoe4NARrtt+xdxIfXS+eF+":{"chainKey":{"counter":0,"key":"BxAC60kHk+yvXweGzaXTWIzaVFsqj2dDwNDcfoaARwM="},"chainType":1,"messageKeys":{}}},"pendingPreKey":{"signedKeyId":0,"baseKey":"BbPRVJnjwvPFTyqNLMgwPccktkY/O18fqycTfOmYgBRK"}}},"version":"v1"}