{"_sessions":{"BeYsRLUVMveIQXbKMdE9o3d7oIGVfhQX9xRBtAFmh9xv":{"registrationId":665611326,"currentRatchet":{"ephemeralKeyPair":{"pubKey":"BVGAjxM7tiEPItBaiz2hOZvMMBYTpPKs5hmMsjwtDU5u","privKey":"0BRJgT0r/dFV3VNApZfOqSgFPi0xFrKnpx4KP8diME0="},"lastRemoteEphemeralKey":"BeCP+0l72R8Gz6EbBanBVNznvCcgXS7K+8xS00bJnv8q","previousCounter":0,"rootKey":"I7yHmaXZlDvXEyZVVM9DRMff7vunnkHxqTUak6ijuwU="},"indexInfo":{"baseKey":"BeYsRLUVMveIQXbKMdE9o3d7oIGVfhQX9xRBtAFmh9xv","baseKeyType":1,"closed":-1,"used":1689261768381,"created":1689261768381,"remoteIdentityKey":"BeEjQeDCJ8KR0PJkcH78zPhP7JNvDMNM1oegxHURd+ss"},"_chains":{"BVGAjxM7tiEPItBaiz2hOZvMMBYTpPKs5hmMsjwtDU5u":{"chainKey":{"counter":0,"key":"NaIc9QiVdBRsg92jUMd4myHkvvqLK7O6ZFdizFnjbD8="},"chainType":1,"messageKeys":{}}},"pendingPreKey":{"signedKeyId":0,"baseKey":"BeYsRLUVMveIQXbKMdE9o3d7oIGVfhQX9xRBtAFmh9xv"}}},"version":"v1"}