{"_sessions":{"BZvAuIlUEWmrjk6syOMJdzoWT/IuHU0j7fopSnyNBb55":{"registrationId":2021721371,"currentRatchet":{"ephemeralKeyPair":{"pubKey":"BYsm1a5ssXzwGcKDGEM48S6Y3b53RwoQFqtHBtre+u5u","privKey":"sHP9CJ8A/nx5h9DkKJpIzgtseorHAAg+F3N+4si1PnU="},"lastRemoteEphemeralKey":"BfKmhJC5CE/qWSK9sAHFTjOTJj0L6oi1V0Q15YfUFwdl","previousCounter":0,"rootKey":"ESgpSUvGtRakMStPF+HoS3VI2cTpkNrlpAdrHGKqkpc="},"indexInfo":{"baseKey":"BZvAuIlUEWmrjk6syOMJdzoWT/IuHU0j7fopSnyNBb55","baseKeyType":1,"closed":-1,"used":1689261925680,"created":1689261925680,"remoteIdentityKey":"BZxNNfJ7ln61TiTvBBKcwebOtaN9yzNarcgZeCp1HD9r"},"_chains":{"BYsm1a5ssXzwGcKDGEM48S6Y3b53RwoQFqtHBtre+u5u":{"chainKey":{"counter":1,"key":"+90nzdbnP6gzcOb6ILGvOW9e7oLDUCRU31xdrPdLAlk="},"chainType":1,"messageKeys":{}}},"pendingPreKey":{"signedKeyId":2,"baseKey":"BZvAuIlUEWmrjk6syOMJdzoWT/IuHU0j7fopSnyNBb55","preKeyId":965925}}},"version":"v1"}