{"_sessions":{"Bar2Iajup+jZszPHmjEArTNL9jx+N0iBF3K9AtAFXYpi":{"registrationId":622893935,"currentRatchet":{"ephemeralKeyPair":{"pubKey":"BSG9zW1Ixl7X+uBwjUEeuViH+2k7odaZhIUn6Ec2YB45","privKey":"KBL1WyrviEHOrH/z4AU2RLxI4bWds8NhVIvqJgJgy2c="},"lastRemoteEphemeralKey":"BUe4u9yL5WMYeTSGIT1+ofpoVTlS3yoOoFam6l9YKmxD","previousCounter":0,"rootKey":"wXDPLOrcW4fB8vMlVvjMObdkLeV8rjJi+UIb4iAAEmA="},"indexInfo":{"baseKey":"Bar2Iajup+jZszPHmjEArTNL9jx+N0iBF3K9AtAFXYpi","baseKeyType":1,"closed":-1,"used":1689261768889,"created":1689261768889,"remoteIdentityKey":"BWPaTNCBo+z3R+icW/gAE6X3W9Oo/YLtZu5eh6jVSYMb"},"_chains":{"BSG9zW1Ixl7X+uBwjUEeuViH+2k7odaZhIUn6Ec2YB45":{"chainKey":{"counter":0,"key":"du5X60wlzgdLfMQTcIS0KpoOseQ5hKU3wbLFpC0eMyE="},"chainType":1,"messageKeys":{}}},"pendingPreKey":{"signedKeyId":0,"baseKey":"Bar2Iajup+jZszPHmjEArTNL9jx+N0iBF3K9AtAFXYpi","preKeyId":14687014}}},"version":"v1"}