{"_sessions":{"BR5siJJUPepNJelqD6qpz5v3fqD9PERk2ID5zQ3u7XF9":{"registrationId":2135909184,"currentRatchet":{"ephemeralKeyPair":{"pubKey":"BQufsWnpyDSPymresnqj3oWS9ZEk/V2VJDLAydsVCHVb","privKey":"2OQ+lHAxyHhMg6nbbMV22Sy46oBtT5tX9u3TIbYaekA="},"lastRemoteEphemeralKey":"Bbi9B3eVUesfhCSNgQHL4ZwPjPw4/QvTrMDbJHbQzXR8","previousCounter":0,"rootKey":"ZP+U3r0K6aVCri5BAXZaNNJAK01V2agb3w+S6T8FEzc="},"indexInfo":{"baseKey":"BR5siJJUPepNJelqD6qpz5v3fqD9PERk2ID5zQ3u7XF9","baseKeyType":1,"closed":-1,"used":1689261925611,"created":1689261925611,"remoteIdentityKey":"BWMmAUbv9lTaV/Hr8GhO5m7RLZCkwKDQLLncy+djpRdj"},"_chains":{"BQufsWnpyDSPymresnqj3oWS9ZEk/V2VJDLAydsVCHVb":{"chainKey":{"counter":1,"key":"DYA1zoPyIpVam/jnzwhabWc3hwOVsjIFHqsknVWejM0="},"chainType":1,"messageKeys":{}}},"pendingPreKey":{"signedKeyId":1,"baseKey":"BR5siJJUPepNJelqD6qpz5v3fqD9PERk2ID5zQ3u7XF9","preKeyId":3432119}}},"version":"v1"}