{"_sessions":{"BaocMCpNyBJWZjdSGO4Dlm2ILR31K7zuv+1DoE8/+BxQ":{"registrationId":1541063279,"currentRatchet":{"ephemeralKeyPair":{"pubKey":"BarmUrKi+Zdc6laYD/NqmplBzEMBS/MkkER7mMcx25Qp","privKey":"ODw5AlnGwHLV46BLbwbc6zppici12hRpfPeHkKNMSE0="},"lastRemoteEphemeralKey":"BbLZ6PM+uHw0WzFdahfRPNfiR6NxRuO7UKiAb1eLWMEN","previousCounter":0,"rootKey":"vA/+p/5PHJp7rdJo/7OFxkKgdNoSE/pWX6F5Wg3+2nc="},"indexInfo":{"baseKey":"BaocMCpNyBJWZjdSGO4Dlm2ILR31K7zuv+1DoE8/+BxQ","baseKeyType":1,"closed":-1,"used":1689261768966,"created":1689261768966,"remoteIdentityKey":"BaiX96BlnNc1xqmPOWrH8aw7GupXyzkVVztQv51KawhE"},"_chains":{"BarmUrKi+Zdc6laYD/NqmplBzEMBS/MkkER7mMcx25Qp":{"chainKey":{"counter":0,"key":"vIpP9JSAIMcL/mTP6llW0+GBW4TIxiASFf1PQfTiEm8="},"chainType":1,"messageKeys":{}}},"pendingPreKey":{"signedKeyId":0,"baseKey":"BaocMCpNyBJWZjdSGO4Dlm2ILR31K7zuv+1DoE8/+BxQ","preKeyId":7849206}}},"version":"v1"}