{"_sessions":{"BSpX7d6IlX3M1jCZkKI2lDq5BBA7G1TJC3/bEcwc69he":{"registrationId":1038441934,"currentRatchet":{"ephemeralKeyPair":{"pubKey":"BazsZ5Ww5GIPkJwOSgTuekev09RJx9lZwo8qijprslIX","privKey":"iN9/paZ0B9R/f0dE80Qhd2ht/3lXUMcyMJbq4ldmQVE="},"lastRemoteEphemeralKey":"BSxO6EnRuQGxYTYch0IQJXtkwv7y14nPPxu0CCxeADox","previousCounter":0,"rootKey":"rDyPr2gqMYxX+xsAPfkHU5bjc5hLXvnoGqaxrE21NoY="},"indexInfo":{"baseKey":"BSpX7d6IlX3M1jCZkKI2lDq5BBA7G1TJC3/bEcwc69he","baseKeyType":1,"closed":-1,"used":1689261925759,"created":1689261925759,"remoteIdentityKey":"BWnwLRyKaWUV5x31ylDFhjMIQ0QRqjOro00ApmznCuEv"},"_chains":{"BazsZ5Ww5GIPkJwOSgTuekev09RJx9lZwo8qijprslIX":{"chainKey":{"counter":1,"key":"bd56Whf9ftHi0ZFVSts4z61pr0UdwdGZlv/eI4BLpBQ="},"chainType":1,"messageKeys":{}}},"pendingPreKey":{"signedKeyId":1,"baseKey":"BSpX7d6IlX3M1jCZkKI2lDq5BBA7G1TJC3/bEcwc69he","preKeyId":14712327}}},"version":"v1"}