{"_sessions":{"BeUyscfTYhSBWjDVeJRGtGVfLKkUyBE1u0+ohywOeSlL":{"registrationId":1570897973,"currentRatchet":{"ephemeralKeyPair":{"pubKey":"BRNjeHMQswu8uDLjl5onVxSdWn0aOOej6JQbOPqpMdIy","privKey":"yHqQbLH0fOm5zBrINPXOibaez5tQ4rlbztq5kTisu00="},"lastRemoteEphemeralKey":"BbZf5j/4xrplf0TKiFBe6bwvSeV1Nx9j6prxkBXyEjMx","previousCounter":0,"rootKey":"UJZZOHS/8+7mXfG07iFfZYE/ps3cYDmQ++QVFofee7E="},"indexInfo":{"baseKey":"BeUyscfTYhSBWjDVeJRGtGVfLKkUyBE1u0+ohywOeSlL","baseKeyType":1,"closed":-1,"used":1689261925472,"created":1689261925472,"remoteIdentityKey":"BbL05H27xA/QkWwNuNwBvyj1Az7j7qo7ZMbLg0bkDHIZ"},"_chains":{"BRNjeHMQswu8uDLjl5onVxSdWn0aOOej6JQbOPqpMdIy":{"chainKey":{"counter":1,"key":"vMiXW/RTg82I7XhxA4NShnXu6oARe7vmeYRvu4MMBNk="},"chainType":1,"messageKeys":{}}},"pendingPreKey":{"signedKeyId":1,"baseKey":"BeUyscfTYhSBWjDVeJRGtGVfLKkUyBE1u0+ohywOeSlL","preKeyId":8434684}}},"version":"v1"}