{"_sessions":{"BZEKK2DGyOhgZYgxiOSCWi3hkjzUoMmL4Yzc/AnvAuo0":{"registrationId":976202240,"currentRatchet":{"ephemeralKeyPair":{"pubKey":"Bdrf/9hnPoCzenZABoQNzB4oyGes7HQd2d+SyAxM4dR0","privKey":"2A48bMFml/2gg3seOc+nuJoTO7x7RVybRVSSWV2M0VY="},"lastRemoteEphemeralKey":"BYx405whPWCpQZ2nde507MtqdiLLGeGmYiiDvg0+Ox9C","previousCounter":0,"rootKey":"gFtjRM1Spr42GkQeEz48Qs/XJCuPZnV2hj4OHb7pK7c="},"indexInfo":{"baseKey":"BZEKK2DGyOhgZYgxiOSCWi3hkjzUoMmL4Yzc/AnvAuo0","baseKeyType":1,"closed":-1,"used":1689261926057,"created":1689261926057,"remoteIdentityKey":"BTFLpujP0Gub3csY01a+D9Au4oziuj7n82K0Lrpc7lwi"},"_chains":{"Bdrf/9hnPoCzenZABoQNzB4oyGes7HQd2d+SyAxM4dR0":{"chainKey":{"counter":1,"key":"V3+fO0059pGy/NgfzTQsGrjLDDbb2oUVKI2fShgkDwc="},"chainType":1,"messageKeys":{}}},"pendingPreKey":{"signedKeyId":3,"baseKey":"BZEKK2DGyOhgZYgxiOSCWi3hkjzUoMmL4Yzc/AnvAuo0","preKeyId":6200654}}},"version":"v1"}