{"_sessions":{"Bc7dJDYrffbLwWBxXc9GdKS0yDNVdpRPaF8GbRlJWs5R":{"registrationId":42,"currentRatchet":{"ephemeralKeyPair":{"pubKey":"BWno1g37bQu92Mw8k2swrgSO48wWR3TmQ2TS2kS/rxps","privKey":"cH9HI/OGQpFF3S17+wwDQYasK0R2CtzrLXxpNgTtEnU="},"lastRemoteEphemeralKey":"BTVgh1FTX8YwzPFHKMUjNHQIPDzhzVWD8rI3cI8u+zM1","previousCounter":0,"rootKey":"wsnXvnW66eNjkVXGSNXx/uFtsx/VzANeqOkl+CvPDPs="},"indexInfo":{"baseKey":"Bc7dJDYrffbLwWBxXc9GdKS0yDNVdpRPaF8GbRlJWs5R","baseKeyType":1,"closed":-1,"used":1689261766176,"created":1689261766176,"remoteIdentityKey":"Bb/4b623nvpKJ055IMT/+a6WkWz0Pt3tbjXNWKjprSJH"},"_chains":{"BWno1g37bQu92Mw8k2swrgSO48wWR3TmQ2TS2kS/rxps":{"chainKey":{"counter":0,"key":"IQQtz+zuAVb3OxtUNXSQJBdr/YWwe1ZZGHM1dvrENDo="},"chainType":1,"messageKeys":{}}},"pendingPreKey":{"signedKeyId":1,"baseKey":"Bc7dJDYrffbLwWBxXc9GdKS0yDNVdpRPaF8GbRlJWs5R"}}},"version":"v1"}