{"_sessions":{"BQbdzAFCsoAt7qW8ad1MpYkeE5HLlsrDS31NfhFYF3pR":{"registrationId":417401928,"currentRatchet":{"ephemeralKeyPair":{"pubKey":"BVoslFFhKRzLMGj61X5ugAKOOyzbSCVVwSssYMPxv6kL","privKey":"iFxj6u2JMBLryBP54VHSX1iJ6gp4ZKM5+tm4gvdjgX4="},"lastRemoteEphemeralKey":"BS6xlUTNhnR9mj1PwQ7wkvRx5hyEOnH/mPDPaw8q9fQC","previousCounter":0,"rootKey":"XCBePe4bjrVAFI8XywnlO9Thl4k8OljSt2Tgcypet+E="},"indexInfo":{"baseKey":"BQbdzAFCsoAt7qW8ad1MpYkeE5HLlsrDS31NfhFYF3pR","baseKeyType":1,"closed":-1,"used":1689261767569,"created":1689261767569,"remoteIdentityKey":"BbnE6xNxDZDK5wcXIeI0FxbFDZ8Pdy89QcNIAYnRR9p1"},"_chains":{"BVoslFFhKRzLMGj61X5ugAKOOyzbSCVVwSssYMPxv6kL":{"chainKey":{"counter":0,"key":"HfwYbJPnUtVi4Xxu12tXGFSZVgheDiqkBNc45f4rkwA="},"chainType":1,"messageKeys":{}}},"pendingPreKey":{"signedKeyId":8,"baseKey":"BQbdzAFCsoAt7qW8ad1MpYkeE5HLlsrDS31NfhFYF3pR"}}},"version":"v1"}