{"_sessions":{"BZmmNCURscxOh84JzKJ0xU704og2fcghmmhgfapXh3M+":{"registrationId":211923553,"currentRatchet":{"ephemeralKeyPair":{"pubKey":"BWbBZY/Sh/MpVAzA98tvdpf2aNZYKWAz37RpaziF+Fwf","privKey":"EJxne1Jf1sYMd7gRZ8/p/CD2J1FH955OVFYI0XcwQGI="},"lastRemoteEphemeralKey":"Be08tL6Sa+7GoNQQUpfHDgGWkkFZk41zy66WCIdeWWZ6","previousCounter":0,"rootKey":"dSJLvTZKFWjqJmNls20jkRfVJj0pbXMHzRHJygSqSpQ="},"indexInfo":{"baseKey":"BZmmNCURscxOh84JzKJ0xU704og2fcghmmhgfapXh3M+","baseKeyType":1,"closed":-1,"used":1689261767789,"created":1689261767789,"remoteIdentityKey":"BYGkSGtzLtpJ7yw3N4graFJy3yKtfc8zagdNWfWBEj5d"},"_chains":{"BWbBZY/Sh/MpVAzA98tvdpf2aNZYKWAz37RpaziF+Fwf":{"chainKey":{"counter":0,"key":"lTcEWa/czciiNTuvfWhHUSW3VbAGGxfX7U0YyeUoAWM="},"chainType":1,"messageKeys":{}}},"pendingPreKey":{"signedKeyId":2,"baseKey":"BZmmNCURscxOh84JzKJ0xU704og2fcghmmhgfapXh3M+","preKeyId":10771084}}},"version":"v1"}