{"_sessions":{"BYOD/kKqp1xutvUzo0PMsWOzh2w4QVlrcugltmUx+vZg":{"registrationId":1848349210,"currentRatchet":{"ephemeralKeyPair":{"pubKey":"BRH5/pvFge2OALQQiBIZ6KKrdGNtN4bNPvsT0VGEpx5F","privKey":"iCqDYWvoaEqi29PKza6elnrGHrpwk5Y0HANXy0MwsW0="},"lastRemoteEphemeralKey":"BZF+HWK0AfU7HKgSqc5fAAdGhSISOTzMFxILH2XU7Y4k","previousCounter":0,"rootKey":"EAMaDnHCT56jdQEuM2mwwa92BScw3REmRfBGueUj8Rw="},"indexInfo":{"baseKey":"BYOD/kKqp1xutvUzo0PMsWOzh2w4QVlrcugltmUx+vZg","baseKeyType":1,"closed":-1,"used":1689261766769,"created":1689261766769,"remoteIdentityKey":"BZtj6kQqyeNRv7ezWVqabSZO7Hue2c/VqEDABw2qvbBu"},"_chains":{"BRH5/pvFge2OALQQiBIZ6KKrdGNtN4bNPvsT0VGEpx5F":{"chainKey":{"counter":0,"key":"bZHRL57QGv2Dwi5dShrgbWV0GlnsmBg4KCt0BPKi8mQ="},"chainType":1,"messageKeys":{}}},"pendingPreKey":{"signedKeyId":4,"baseKey":"BYOD/kKqp1xutvUzo0PMsWOzh2w4QVlrcugltmUx+vZg","preKeyId":13990426}}},"version":"v1"}