{"_sessions":{"BbO/Tu2VXoOzPBTFhNPilIJyPwAa0mJ4qJjwiy9GphkL":{"registrationId":1359415579,"currentRatchet":{"ephemeralKeyPair":{"pubKey":"BVfZBszCwOjHTFvv7ZauXqU3ToT05POKSi+8h1PsJbwf","privKey":"SHm8luxSKTAGc0CmgVgfDss5+p5Nhs2x5TlVPUX9bnA="},"lastRemoteEphemeralKey":"BYhXLGFBi8xUOlcqoVILACF/50lHknZ1uqll3pr8qk1W","previousCounter":0,"rootKey":"gGseBA4AaLovjj7xf9Tf9JpGKwuehWt54C6XA2n2Wx0="},"indexInfo":{"baseKey":"BbO/Tu2VXoOzPBTFhNPilIJyPwAa0mJ4qJjwiy9GphkL","baseKeyType":1,"closed":-1,"used":1689261767759,"created":1689261767759,"remoteIdentityKey":"BYIUbJh/avDKk1MOlBEwji3qYpzO534TCZDOI1xneu5w"},"_chains":{"BVfZBszCwOjHTFvv7ZauXqU3ToT05POKSi+8h1PsJbwf":{"chainKey":{"counter":0,"key":"b0JJcea6WrgMk8OYQUHGxktgt/ZcvleBWeXTChOdB9g="},"chainType":1,"messageKeys":{}}},"pendingPreKey":{"signedKeyId":0,"baseKey":"BbO/Tu2VXoOzPBTFhNPilIJyPwAa0mJ4qJjwiy9GphkL","preKeyId":5496611}}},"version":"v1"}