{"_sessions":{"BQB/oXEOqqM0CW3HGPfACIBr94ZmkeXyZA9xWOKOxDVi":{"registrationId":581161809,"currentRatchet":{"ephemeralKeyPair":{"pubKey":"BcjJWQ7hlfB7BCIBoACs8tfyGII5j2uxfarKfmMxWT1U","privKey":"cLOHETT08WlfCPyTu2hXXUlelF+d1+ETJs9xIaTBrW8="},"lastRemoteEphemeralKey":"BZ+AZuTeaBpvmTCvTaUhiSlMNp0TTYaBKGt64QnjvjR/","previousCounter":0,"rootKey":"SE8/NQnpbWKOv6J99R+F1fGXztJ0axGRMOiCUzyyAIE="},"indexInfo":{"baseKey":"BQB/oXEOqqM0CW3HGPfACIBr94ZmkeXyZA9xWOKOxDVi","baseKeyType":1,"closed":-1,"used":1689261767665,"created":1689261767665,"remoteIdentityKey":"Bfg2TK3WrpQAenNpMIdZ3YNXvp4IbZY3aA27bKhcmh0l"},"_chains":{"BcjJWQ7hlfB7BCIBoACs8tfyGII5j2uxfarKfmMxWT1U":{"chainKey":{"counter":0,"key":"pE8B8iksdFNOurysyTNomBKrwsAnxvIhK59olwcW8dE="},"chainType":1,"messageKeys":{}}},"pendingPreKey":{"signedKeyId":2935430,"baseKey":"BQB/oXEOqqM0CW3HGPfACIBr94ZmkeXyZA9xWOKOxDVi","preKeyId":4713}}},"version":"v1"}