{"_sessions":{"BeiRtk2JMcW4GMXcpJAB4TgoWS9h7mKKcRr3N9Nnvnp5":{"registrationId":272464455,"currentRatchet":{"ephemeralKeyPair":{"pubKey":"BbhX2VEzIDsZb3UPw4PJ3phzqy5UIHXh2NvRjkXXTzN3","privKey":"qKVbno6FT2ILlat6rgo5+XEt/qJGEA3ILq3s55X243g="},"lastRemoteEphemeralKey":"BdKX/E8Q/25/qrg/xn5bzeC1ziCSiyqvflMKdntUcjRH","previousCounter":0,"rootKey":"N5e3W1Sw5OM0f1lTm3BZoBlsZafUcDegzOrsYPKCscQ="},"indexInfo":{"baseKey":"BeiRtk2JMcW4GMXcpJAB4TgoWS9h7mKKcRr3N9Nnvnp5","baseKeyType":1,"closed":-1,"used":1689261768582,"created":1689261768582,"remoteIdentityKey":"BWu9IjPFZCfMrY3QNepBGOrfIfO2l4n512pVFHQntHka"},"_chains":{"BbhX2VEzIDsZb3UPw4PJ3phzqy5UIHXh2NvRjkXXTzN3":{"chainKey":{"counter":2,"key":"9tvu6W9G+Ex2pRzsn/3BtU4+74d4gc39enSTV4qBb3E="},"chainType":1,"messageKeys":{}}},"pendingPreKey":{"signedKeyId":0,"baseKey":"BeiRtk2JMcW4GMXcpJAB4TgoWS9h7mKKcRr3N9Nnvnp5","preKeyId":12814638}}},"version":"v1"}