{"_sessions":{"BZlTBqutjaSM4OTljP2M3raSEPaGbkMkj4d4xbToOZI1":{"registrationId":748920179,"currentRatchet":{"ephemeralKeyPair":{"pubKey":"BeXAoeYB80Eh+44dXYAy3Dx48xZLjAxgWus/0xmitDIM","privKey":"GEgGNHosqOImKjrhOAtqNhcffQrMwPxTddDhM8EvHnY="},"lastRemoteEphemeralKey":"BV9GXVwvZcLvXWqMhldR5IJuuG7dAOcjAPJ5H2idQTNU","previousCounter":0,"rootKey":"UUoE12rLH7XhFzmmE2hDkOO5fJ3xzJwit3J80Ru/nhU="},"indexInfo":{"baseKey":"BZlTBqutjaSM4OTljP2M3raSEPaGbkMkj4d4xbToOZI1","baseKeyType":1,"closed":-1,"used":1689261925522,"created":1689261925522,"remoteIdentityKey":"BW2ghoCMqb/AKFlHfZ7j7Z8em9cOuR/lix4zgjn1HYYS"},"_chains":{"BeXAoeYB80Eh+44dXYAy3Dx48xZLjAxgWus/0xmitDIM":{"chainKey":{"counter":1,"key":"nQFyb9dWbqBbWjonAkU2sKVBHPec9MHiK/vT/C292l0="},"chainType":1,"messageKeys":{}}},"pendingPreKey":{"signedKeyId":7,"baseKey":"BZlTBqutjaSM4OTljP2M3raSEPaGbkMkj4d4xbToOZI1","preKeyId":11570026}}},"version":"v1"}