{"_sessions":{"BYEEnZwG4fZA/X1szmrdbBIoiGs/ige3w3zsrDZyegBA":{"registrationId":22455235,"currentRatchet":{"ephemeralKeyPair":{"pubKey":"BYakHvJMXw/pq6AVOPJA6bKKc1tm9Z/U2wMg+ETgrNoV","privKey":"IC8rf+owD3sq8L5N4RdzVYtxuZbK5KD112wasLJKR3c="},"lastRemoteEphemeralKey":"BfV4uF29FQwEuKJWuZM55SYNocya1VJP7FwnbRXHiMML","previousCounter":0,"rootKey":"1in7FYTC/hcPyPGTiHO1VHn7+15vFg0gZro3e4c3vTg="},"indexInfo":{"baseKey":"BYEEnZwG4fZA/X1szmrdbBIoiGs/ige3w3zsrDZyegBA","baseKeyType":1,"closed":-1,"used":1689261768654,"created":1689261768654,"remoteIdentityKey":"BVsaQqR+sy9Lgst+ujWB799c0E2Oaf/fuPIFC7ajX7pU"},"_chains":{"BYakHvJMXw/pq6AVOPJA6bKKc1tm9Z/U2wMg+ETgrNoV":{"chainKey":{"counter":0,"key":"hkMTU57rZH133aPiab1IQ2dPNS9oIL92ACdfvX0bcJA="},"chainType":1,"messageKeys":{}}},"pendingPreKey":{"signedKeyId":0,"baseKey":"BYEEnZwG4fZA/X1szmrdbBIoiGs/ige3w3zsrDZyegBA"}}},"version":"v1"}