{"_sessions":{"BV33jPCDqpzCp/h+CU1JA+6AbqeakPt5JQWouw7D0AUg":{"registrationId":1853701156,"currentRatchet":{"ephemeralKeyPair":{"pubKey":"BTNVBjjb1UJZa3VgfdGWc3gdhMzmRRo5RuPgonOlZhQ2","privKey":"IA/1OOsq/pM9ZfS/1s9dQncKFBxoQXx0uQDzkFdMYHQ="},"lastRemoteEphemeralKey":"BULVQ8hRsikyNTLUxtpBep/PHeanltQmqdMCb0g5X1oe","previousCounter":0,"rootKey":"fv2NuCO6vxl+TrlH7+jTJ0h29NTJIRsRYHEP1/UKwEw="},"indexInfo":{"baseKey":"BV33jPCDqpzCp/h+CU1JA+6AbqeakPt5JQWouw7D0AUg","baseKeyType":1,"closed":-1,"used":1689261768885,"created":1689261768885,"remoteIdentityKey":"BfR9/LXDUqyIyJYx2PQMfzizaI6JVT58qQ7tQFuE/4lg"},"_chains":{"BTNVBjjb1UJZa3VgfdGWc3gdhMzmRRo5RuPgonOlZhQ2":{"chainKey":{"counter":0,"key":"xI1HJ70Pnau8wXojGCBWR1gBHFag5H0cLcYfcrcTlho="},"chainType":1,"messageKeys":{}}},"pendingPreKey":{"signedKeyId":2,"baseKey":"BV33jPCDqpzCp/h+CU1JA+6AbqeakPt5JQWouw7D0AUg","preKeyId":12005227}}},"version":"v1"}