{"_sessions":{"BU3T79zS0n+iso+TU+uDPuOU8jafpCPkrxdymErPmcVE":{"registrationId":1109810903,"currentRatchet":{"ephemeralKeyPair":{"pubKey":"BRCOdi/gmn3agXO/YhSpaSlkkI1ICrOevj1PLQ3iE8F3","privKey":"GEmU0R+w3UzORDmwWfShqJSgl3kyb5N1OAtZ3XwV8E4="},"lastRemoteEphemeralKey":"BRIegLbUB6AUrby329M5ZZNxTsMOqBVHnyfOtABqhwdH","previousCounter":0,"rootKey":"hJ/qGc+7C5b2Cf6mWwLJBcg/BbFzbC3jD2GHF2DIfx0="},"indexInfo":{"baseKey":"BU3T79zS0n+iso+TU+uDPuOU8jafpCPkrxdymErPmcVE","baseKeyType":1,"closed":-1,"used":1689261767982,"created":1689261767982,"remoteIdentityKey":"BUrUf2tTlpoauNi228JjeU9borBWJbvPO0+IGzhCrG1R"},"_chains":{"BRCOdi/gmn3agXO/YhSpaSlkkI1ICrOevj1PLQ3iE8F3":{"chainKey":{"counter":0,"key":"Af4h1KZpEpcOT3uhQW1Kjjvbf5SrE9ngESaWjvDPZdc="},"chainType":1,"messageKeys":{}}},"pendingPreKey":{"signedKeyId":0,"baseKey":"BU3T79zS0n+iso+TU+uDPuOU8jafpCPkrxdymErPmcVE"}}},"version":"v1"}