{"_sessions":{"BfXk4yCD1l0zhzS7EKabs4oI100YrYETuKGn5VmxOIRq":{"registrationId":1648770319,"currentRatchet":{"ephemeralKeyPair":{"pubKey":"BVvd9T+Oj1kHF9CcGiTL+9LdfQ6MqgEkY2v+8fs+IaQZ","privKey":"2HO0lL3JFzRSDxz0BDJVUxzZ3Dbz6aQpaKkXm3r0cVE="},"lastRemoteEphemeralKey":"BXjhCDpYSm9l7NIpWpmTUotP3uReEF8IYJNWALgIcIIQ","previousCounter":0,"rootKey":"ILtU92yAspux9JQooa5PXfYf+ukAbqKMpwBZehOENAw="},"indexInfo":{"baseKey":"BfXk4yCD1l0zhzS7EKabs4oI100YrYETuKGn5VmxOIRq","baseKeyType":1,"closed":-1,"used":1689261767583,"created":1689261767583,"remoteIdentityKey":"BbCOo0EqECPANKimxYXVlsN6VMlWi4az3i18+drmAUga"},"_chains":{"BVvd9T+Oj1kHF9CcGiTL+9LdfQ6MqgEkY2v+8fs+IaQZ":{"chainKey":{"counter":0,"key":"pWP65ljPG78H51BqlvegJF+LILNO6d3sNOaESGjPSSQ="},"chainType":1,"messageKeys":{}}},"pendingPreKey":{"signedKeyId":1,"baseKey":"BfXk4yCD1l0zhzS7EKabs4oI100YrYETuKGn5VmxOIRq","preKeyId":13839484}}},"version":"v1"}