{"_sessions":{"BUnq3TR/Qlqe1yGiidc6CvDScxFIi9j/jV0WO/vVN1FO":{"registrationId":515771806,"currentRatchet":{"ephemeralKeyPair":{"pubKey":"BUFyDQah8prAaG6r/XdCJEQoDMEMfDd3WyCJnluUWEs+","privKey":"UJ8tHXgHYGD8L4m4SuQqlx0vWjRSL4TD2ebTBvS9j2g="},"lastRemoteEphemeralKey":"BW2rdCTkcOiWfYAmJBExWSwthA12b9JtYevvK3+SjBk0","previousCounter":0,"rootKey":"HgImtEJoSFJSDBNYAgRIlDDJFFXzxrCLT2nHHfRcCqY="},"indexInfo":{"baseKey":"BUnq3TR/Qlqe1yGiidc6CvDScxFIi9j/jV0WO/vVN1FO","baseKeyType":1,"closed":-1,"used":1689261768770,"created":1689261768770,"remoteIdentityKey":"BSo5KQ3Y4JbQ6t19Z5BCX1NN64P2QKyEpwicECMxQNBE"},"_chains":{"BUFyDQah8prAaG6r/XdCJEQoDMEMfDd3WyCJnluUWEs+":{"chainKey":{"counter":0,"key":"lK4uJck2t1G7PJAiIfFQdFYI8HYvrsn2dkVAWaFJdMM="},"chainType":1,"messageKeys":{}}},"pendingPreKey":{"signedKeyId":0,"baseKey":"BUnq3TR/Qlqe1yGiidc6CvDScxFIi9j/jV0WO/vVN1FO","preKeyId":15247438}}},"version":"v1"}