{"_sessions":{"BU2pl97a4LjVtFCxO14hoo/mXdHCnp5avvtQgUJaAzJb":{"registrationId":1007878364,"currentRatchet":{"ephemeralKeyPair":{"pubKey":"BWQAHH9pYlMiX10F7eA6kJsPzsGqduRypMhTKIrRFcYY","privKey":"iNo/sVTKaxVtGpN/oUHtJRujqr4nzSVaT5YCn+aua2Y="},"lastRemoteEphemeralKey":"BZ43bGQ/wm2P6L6dhxbb0xv69boacdencC1iVBGkQwtu","previousCounter":0,"rootKey":"d5yqvFZwYdRvCFadnIP6ZxokznD+JGRTEfk1yAhG8Mc="},"indexInfo":{"baseKey":"BU2pl97a4LjVtFCxO14hoo/mXdHCnp5avvtQgUJaAzJb","baseKeyType":1,"closed":-1,"used":1689261767859,"created":1689261767859,"remoteIdentityKey":"BdeEbfPjyqF6cjw/tRlNVCM1kE6TBxgY9ycBFm9vyXgI"},"_chains":{"BWQAHH9pYlMiX10F7eA6kJsPzsGqduRypMhTKIrRFcYY":{"chainKey":{"counter":0,"key":"9FIXvOlNzK0HIfda1A8XkuT9KtM5ax7rsPzTNWTPaA0="},"chainType":1,"messageKeys":{}}},"pendingPreKey":{"signedKeyId":0,"baseKey":"BU2pl97a4LjVtFCxO14hoo/mXdHCnp5avvtQgUJaAzJb","preKeyId":5045061}}},"version":"v1"}