{"_sessions":{"BRBnKEqx2GxgLcTvxm6FjD/sMdJd3q9yOU7B+dJkNCQ/":{"registrationId":746049678,"currentRatchet":{"ephemeralKeyPair":{"pubKey":"BX1iQoyIx32ME7inD6sPP1xWODmYy1u/+YbM5DqbD1hT","privKey":"yIPxVgIAlstcpL2XD/8U4CrkbgALR/BRg5HxqCLECmA="},"lastRemoteEphemeralKey":"Bfjrck56PRHG7aUV0rStRnyEQnt3Y1tAVwSM/1Fn8TVM","previousCounter":0,"rootKey":"nezp5HMbmlKU05v360hAXCn41SaoRIOC/Ssxajpkfug="},"indexInfo":{"baseKey":"BRBnKEqx2GxgLcTvxm6FjD/sMdJd3q9yOU7B+dJkNCQ/","baseKeyType":1,"closed":-1,"used":1689261767461,"created":1689261767461,"remoteIdentityKey":"BVNIMMjTUNUrl8Pxjm55UqULBIogRRpxl9U+8HdalTVf"},"_chains":{"BX1iQoyIx32ME7inD6sPP1xWODmYy1u/+YbM5DqbD1hT":{"chainKey":{"counter":0,"key":"q3FkdNgwFt55f/YwFB7hSFbYj7ONxuyHAyFfLj8V9Xg="},"chainType":1,"messageKeys":{}}},"pendingPreKey":{"signedKeyId":3,"baseKey":"BRBnKEqx2GxgLcTvxm6FjD/sMdJd3q9yOU7B+dJkNCQ/","preKeyId":8580222}}},"version":"v1"}