{"_sessions":{"BfGgPfvBoQ7QOgrssSmUHsB5gAPYp8GMHBH8AljsH+JK":{"registrationId":125,"currentRatchet":{"ephemeralKeyPair":{"pubKey":"BXU/uBAgHse6OsxkzJAfsj6kKZJfKzzsKY5of7xSJp0/","privKey":"wGek8jmD7T1JyTtySLxYJ0gyDggbMLtnFIoNd+58VH4="},"lastRemoteEphemeralKey":"BcV0fxXi4cvQ/1LTC8F/aQXhB+H6buO0ucXNEZm13cop","previousCounter":0,"rootKey":"GtEOiT4RD4khzoTzkl2Mo44wNxMCFlgROw/JJBAO/Yw="},"indexInfo":{"baseKey":"BfGgPfvBoQ7QOgrssSmUHsB5gAPYp8GMHBH8AljsH+JK","baseKeyType":1,"closed":-1,"used":1689261765887,"created":1689261765887,"remoteIdentityKey":"BTEr6HY5pqd7BU8CAMyLAvHpxKrJqr9iqlyqXh804N54"},"_chains":{"BXU/uBAgHse6OsxkzJAfsj6kKZJfKzzsKY5of7xSJp0/":{"chainKey":{"counter":0,"key":"7fBX01kfd+HKyzb5oGZWl6nyqFWBTFCjcj9f4ui4kl0="},"chainType":1,"messageKeys":{}}},"pendingPreKey":{"signedKeyId":1,"baseKey":"BfGgPfvBoQ7QOgrssSmUHsB5gAPYp8GMHBH8AljsH+JK"}}},"version":"v1"}