{"_sessions":{"BQCgXGKzz1ONMCx6JlgrYygjfWgVr6n2thTBhp871zAO":{"registrationId":323596880,"currentRatchet":{"ephemeralKeyPair":{"pubKey":"BcJXOVK+xRr0TNYeMxLvIr42Mpy77ut1VELgBAXTGj9h","privKey":"oM9EWzjBlSvHst6MDW1uRSJMTtUYKmIX5r0l9sWjv3Q="},"lastRemoteEphemeralKey":"BVLDYDTLpuASk9r6H/BVt3ZhAd6v7v3oq9O+TCrwFsNg","previousCounter":0,"rootKey":"SvcXyS9VRdxpQMWZtoxCF8Hs3Tfvh/E5XJg4K0HVsEU="},"indexInfo":{"baseKey":"BQCgXGKzz1ONMCx6JlgrYygjfWgVr6n2thTBhp871zAO","baseKeyType":1,"closed":-1,"used":1689261767479,"created":1689261767479,"remoteIdentityKey":"BR3bgx37m3+S0E+d6eZon/xBnlWle3Tfti45zyZl08Yu"},"_chains":{"BcJXOVK+xRr0TNYeMxLvIr42Mpy77ut1VELgBAXTGj9h":{"chainKey":{"counter":0,"key":"Ksocc+VqgiIvJwP+V033yiDnMNPAxtueXKiRsFnjKHE="},"chainType":1,"messageKeys":{}}},"pendingPreKey":{"signedKeyId":8,"baseKey":"BQCgXGKzz1ONMCx6JlgrYygjfWgVr6n2thTBhp871zAO","preKeyId":6055890}}},"version":"v1"}