{"_sessions":{"BZz4TXpWP/8mffR8J11WsMS1NBKSGQSSCXfNNCGpxWoE":{"registrationId":1125564320,"currentRatchet":{"ephemeralKeyPair":{"pubKey":"BXd8Q7bCNDjj0pVYYaUmhQf7IrE6m1zsafktTBLIv3IT","privKey":"gP79Fx6OqklsIXsMQhsmYqoK9DKWk+4iFPtgAiuyIl8="},"lastRemoteEphemeralKey":"BeCbe9YFpl/dXY7XaqaWoTAsyxoerUODvbvDpBzGLIwL","previousCounter":0,"rootKey":"BO1C3XLPRU3LPBQzrYbqajJ2sn4057Ru9I+FLcq9a6A="},"indexInfo":{"baseKey":"BZz4TXpWP/8mffR8J11WsMS1NBKSGQSSCXfNNCGpxWoE","baseKeyType":1,"closed":-1,"used":1689261926097,"created":1689261926097,"remoteIdentityKey":"BbUh2fA9egcAxpS3UwGT9EgjLYUb4NIh6IbSQNZzAlM6"},"_chains":{"BXd8Q7bCNDjj0pVYYaUmhQf7IrE6m1zsafktTBLIv3IT":{"chainKey":{"counter":1,"key":"TvZJeUAR0HEXvxsY+0M/x+N61yCyFGHWJ38JD+D7E3c="},"chainType":1,"messageKeys":{}}},"pendingPreKey":{"signedKeyId":1,"baseKey":"BZz4TXpWP/8mffR8J11WsMS1NBKSGQSSCXfNNCGpxWoE","preKeyId":2354929}}},"version":"v1"}