{"_sessions":{"BQ82IpBQ19GZ+V5IM1W8RNB71iO4pBR+lNQODAMzDCMt":{"registrationId":962822219,"currentRatchet":{"ephemeralKeyPair":{"pubKey":"BcILr5ZEu8w4tA8mSlR6i/elT2X1wh8skYaFO0JZUSMg","privKey":"KIkMQuYelc5k9skfwH4huvp8OKsi+Wr4ax7ggw56DV4="},"lastRemoteEphemeralKey":"BYw4ZcojGRRqejnWtBY4SsFzVVtmRuaC9EWREVtUqrkY","previousCounter":0,"rootKey":"XODIkraAosCaL+JMf+9Ex1BdYauCUH6YXHXODkQNPC0="},"indexInfo":{"baseKey":"BQ82IpBQ19GZ+V5IM1W8RNB71iO4pBR+lNQODAMzDCMt","baseKeyType":1,"closed":-1,"used":1689261925684,"created":1689261925684,"remoteIdentityKey":"BTmlUC5+Z0V1P9kkKfH5BdFWstIRrkYXkCMoRKnV9HUA"},"_chains":{"BcILr5ZEu8w4tA8mSlR6i/elT2X1wh8skYaFO0JZUSMg":{"chainKey":{"counter":1,"key":"FUV0fWbyt7efiLZ/TQ7d+XKhQ8Hx+q6nwcQqH8+AvDU="},"chainType":1,"messageKeys":{}}},"pendingPreKey":{"signedKeyId":1,"baseKey":"BQ82IpBQ19GZ+V5IM1W8RNB71iO4pBR+lNQODAMzDCMt","preKeyId":2366390}}},"version":"v1"}