{"_sessions":{"BcALfkfylNMebskbThQqMflaAA+RX/3pab1+tD1oKKJd":{"registrationId":879296062,"currentRatchet":{"ephemeralKeyPair":{"pubKey":"BcAy0M3UEVJCnBzq2A/KORkDzIF0pEJupA77XiLa9gF4","privKey":"MHqrfziudDZuM/UGgdgurUOlm1ua9lgXKpfKCEXbkFY="},"lastRemoteEphemeralKey":"BbM/YhdvR3r0yumyAW7GeQ3tdWOeJX75xKy/HJ1+gwYq","previousCounter":0,"rootKey":"AiGqJ/H507lL3OHf5Z4LcNi8xTYmA+pMdDF1ylFfBos="},"indexInfo":{"baseKey":"BcALfkfylNMebskbThQqMflaAA+RX/3pab1+tD1oKKJd","baseKeyType":1,"closed":-1,"used":1689261768069,"created":1689261768069,"remoteIdentityKey":"BUEJ+OW5NZSPzO+WEZsvpMlb9GLkEy5Y1Aqd7DBp3kFk"},"_chains":{"BcAy0M3UEVJCnBzq2A/KORkDzIF0pEJupA77XiLa9gF4":{"chainKey":{"counter":0,"key":"koR3xhlmnrRSQc05EblR2cfc3QMI2VywTTzDEr6jv7s="},"chainType":1,"messageKeys":{}}},"pendingPreKey":{"signedKeyId":0,"baseKey":"BcALfkfylNMebskbThQqMflaAA+RX/3pab1+tD1oKKJd","preKeyId":3242336}}},"version":"v1"}