{"_sessions":{"BentPxH04lBsfVE8UxZ8yZbOqwIVyXtsTlWNgR9BvGNR":{"registrationId":1762686894,"currentRatchet":{"ephemeralKeyPair":{"pubKey":"BSSpysZXeNLdh4OqnnC4krEOqiGZE8omLn1xpH2LoxMx","privKey":"0F5ot15/4Ma7BkLYeinj/SJrcLEssP/7VLBv8Wc7jlE="},"lastRemoteEphemeralKey":"BY7aV3GyFkNwJw/OMBvx6vrwOr1FS5aS65jlqo7pyjBc","previousCounter":0,"rootKey":"dpkXMF7My1ldnazj0c74whRU900vP5FHNEjApCa9eZQ="},"indexInfo":{"baseKey":"BentPxH04lBsfVE8UxZ8yZbOqwIVyXtsTlWNgR9BvGNR","baseKeyType":1,"closed":-1,"used":1689261925412,"created":1689261925412,"remoteIdentityKey":"BR0eMRiPHaAgsbEGT0MwCXn/xX2nnj4YyD26r8c3GXcF"},"_chains":{"BSSpysZXeNLdh4OqnnC4krEOqiGZE8omLn1xpH2LoxMx":{"chainKey":{"counter":1,"key":"uP15d++gOqLDHaaqASOQ2KVOkvketlqfg1/cN0LPKMo="},"chainType":1,"messageKeys":{}}},"pendingPreKey":{"signedKeyId":0,"baseKey":"BentPxH04lBsfVE8UxZ8yZbOqwIVyXtsTlWNgR9BvGNR"}}},"version":"v1"}