{"_sessions":{"BbqeBmZCKicBt2kGf/yaoR3I9jCcFKe/9UsLCqq4jqEZ":{"registrationId":1964546106,"currentRatchet":{"ephemeralKeyPair":{"pubKey":"BXz8nTxNw4LXqJ9et8DFgXorfQ9WNLuZr5RzP04iak5I","privKey":"KEywqlLwKtA440htm91HZs4+9/rY2mU0c3TDudcFpGY="},"lastRemoteEphemeralKey":"BXBxyFv2eoEy4ahkGWFwiHzQpQHPSe5FR/i0pt8RKUoW","previousCounter":0,"rootKey":"r9zFj6417kSAu7X+mY6AOL0WeUGmqzJmx7NC57rxqNQ="},"indexInfo":{"baseKey":"BbqeBmZCKicBt2kGf/yaoR3I9jCcFKe/9UsLCqq4jqEZ","baseKeyType":1,"closed":-1,"used":1689261925674,"created":1689261925674,"remoteIdentityKey":"BQ8uY2mX6MCqgmiDpDrvd0t2zd4wyf7ynnDSmNY6zKMQ"},"_chains":{"BXz8nTxNw4LXqJ9et8DFgXorfQ9WNLuZr5RzP04iak5I":{"chainKey":{"counter":1,"key":"LMlCHtrX5U6Wa/XiwzGfSU0gDIkZxhgUIIniCw+9h4Q="},"chainType":1,"messageKeys":{}}},"pendingPreKey":{"signedKeyId":2,"baseKey":"BbqeBmZCKicBt2kGf/yaoR3I9jCcFKe/9UsLCqq4jqEZ"}}},"version":"v1"}