{"_sessions":{"BS25uAy7QqtqyOZ9iAHR9TfbkP7cbluyj2rT2gJSTbJ6":{"registrationId":27987479,"currentRatchet":{"ephemeralKeyPair":{"pubKey":"BZDp1nfH4EXMWfFnv+1xLs9XHO6Roo1xjzj/hgNJbdAp","privKey":"EB4SE+33vua9hUNQy86mulxOl1FL7klm8FUiB/shoFY="},"lastRemoteEphemeralKey":"BSpLITyhkKetbh/Jy8BwuCc5dsbxQ8IcypaH+seVECdz","previousCounter":0,"rootKey":"uR290vfv3OKSgDxU+9C60PIkxpgXkV4sY2XJVGxoq5U="},"indexInfo":{"baseKey":"BS25uAy7QqtqyOZ9iAHR9TfbkP7cbluyj2rT2gJSTbJ6","baseKeyType":1,"closed":-1,"used":1689261767784,"created":1689261767784,"remoteIdentityKey":"Be/ZtMWQ4Oov8s1DOjYq23EM6ArzChoF28KIht75pkQ/"},"_chains":{"BZDp1nfH4EXMWfFnv+1xLs9XHO6Roo1xjzj/hgNJbdAp":{"chainKey":{"counter":0,"key":"JgGUfGUhwU+7Lhrjx5BWEEybRMhfKzRbMV0hS4OgRhU="},"chainType":1,"messageKeys":{}}},"pendingPreKey":{"signedKeyId":12,"baseKey":"BS25uAy7QqtqyOZ9iAHR9TfbkP7cbluyj2rT2gJSTbJ6","preKeyId":13758771}}},"version":"v1"}