{"_sessions":{"BWbwfau2r3Y8NbFpVBhEvTEDl6LYNsXTv/QbyfmrbbpQ":{"registrationId":2659,"currentRatchet":{"ephemeralKeyPair":{"pubKey":"BelbGrwMevYQz4Ms3Y2euXMSJwEf4QLQtlgZWp0fERdH","privKey":"uG0yUApFzkfLVzh+561PCLWX7mY9OXB6+YiQL2cwvnA="},"lastRemoteEphemeralKey":"BcSY/V6Eiy8tvgAfWMcgASbzuV4xz7kD+alBBqDAMdtF","previousCounter":0,"rootKey":"uYcP5tKH1zF5ICGy6hlw165WLyQi2G8Ek+eXaDMDIF4="},"indexInfo":{"baseKey":"BWbwfau2r3Y8NbFpVBhEvTEDl6LYNsXTv/QbyfmrbbpQ","baseKeyType":1,"closed":-1,"used":1689261765983,"created":1689261765983,"remoteIdentityKey":"BYg1fveHw72XXQCulZ+MxbqzevG6cfDVIVxKcUyVyk8l"},"_chains":{"BelbGrwMevYQz4Ms3Y2euXMSJwEf4QLQtlgZWp0fERdH":{"chainKey":{"counter":0,"key":"iwK8xD9WjaMy4AWghxsVK9IGWt662tXKFGGS7JItHk8="},"chainType":1,"messageKeys":{}}},"pendingPreKey":{"signedKeyId":1,"baseKey":"BWbwfau2r3Y8NbFpVBhEvTEDl6LYNsXTv/QbyfmrbbpQ"}}},"version":"v1"}