{"_sessions":{"BX+GxM0JZPVYwRTLBDE1uxni3LEUpLKHGFmiWDisgEEp":{"registrationId":1807242856,"currentRatchet":{"ephemeralKeyPair":{"pubKey":"BaInKL8WPiP1x/Nur0hEGRv0PSXvzd31AjgaAL2yqu5l","privKey":"MNbg2aesIkZ52ktLfiWXBG8dMyhmMdxvWIwpApFvWG8="},"lastRemoteEphemeralKey":"BapJh03a0StS0mPkGpyLOT98JXTK9I3CRTqSb19nDn9t","previousCounter":0,"rootKey":"dF7GKawXmPn0NY4rB0MyUwh1+V/5oA54F2E6nkAqo/M="},"indexInfo":{"baseKey":"BX+GxM0JZPVYwRTLBDE1uxni3LEUpLKHGFmiWDisgEEp","baseKeyType":1,"closed":-1,"used":1689261768673,"created":1689261768673,"remoteIdentityKey":"Bf6bO7q3+peOWL/93rx7VeY5ZWQdma2sFnnGLhmhn/MF"},"_chains":{"BaInKL8WPiP1x/Nur0hEGRv0PSXvzd31AjgaAL2yqu5l":{"chainKey":{"counter":0,"key":"ZwL24OtdURxJBg0t4JVcuc9k7I7w2Y4sOOhhAQiaYwc="},"chainType":1,"messageKeys":{}}},"pendingPreKey":{"signedKeyId":0,"baseKey":"BX+GxM0JZPVYwRTLBDE1uxni3LEUpLKHGFmiWDisgEEp"}}},"version":"v1"}