{"_sessions":{"BUpoUnbA38qA5LODZGTWKbcwf397+sjA0y3d58rhJeF7":{"registrationId":1181021981,"currentRatchet":{"ephemeralKeyPair":{"pubKey":"BYQTd9PY6tiw+RYPuZRgYPkyj7ZyGq8CbZvOxJpYSgNi","privKey":"IBxJW0iDNkrzsmGp0YbpLvTYJRA6o76qpS7hYvumG08="},"lastRemoteEphemeralKey":"BZhWjn84XZlZ7xvI+CTUYI5w8fj2JSzAG41pSZbIpeNn","previousCounter":0,"rootKey":"0VQnuktWxV4bsV86CVUttC+92XXwX7Oc430Qo9emlZI="},"indexInfo":{"baseKey":"BUpoUnbA38qA5LODZGTWKbcwf397+sjA0y3d58rhJeF7","baseKeyType":1,"closed":-1,"used":1689261767282,"created":1689261767282,"remoteIdentityKey":"BYS5NlgnSS5xvqaCSSFOk2Nm6QUx1m761+QbVyQLnw0Y"},"_chains":{"BYQTd9PY6tiw+RYPuZRgYPkyj7ZyGq8CbZvOxJpYSgNi":{"chainKey":{"counter":0,"key":"JKKqdvFwnDZNcDyfJ1mWf6zh+IU7qVCbCg6EM72iC2k="},"chainType":1,"messageKeys":{}}},"pendingPreKey":{"signedKeyId":0,"baseKey":"BUpoUnbA38qA5LODZGTWKbcwf397+sjA0y3d58rhJeF7","preKeyId":15295462}}},"version":"v1"}