{"_sessions":{"BfLtJp4xi9JjVqbNDFhf+s9+LvAAyCpw+gu8bJcePsEN":{"registrationId":959035932,"currentRatchet":{"ephemeralKeyPair":{"pubKey":"BQidox/5h/h6CRHS8/a9sf1I7ejCQo0pEbcUHmhqT9Nh","privKey":"SIOWlnqJir9EUU5f0aH5MOpEh1I6zEdDOroglGOToVY="},"lastRemoteEphemeralKey":"BdhOhYJJk2WOLRJRO+gYCL1Xy0HFz76d71mkxW33Hmhg","previousCounter":0,"rootKey":"PKIF/bG3yRn41r2WWHO7rGPO/iP89FBQ9PB+BrQx8/E="},"indexInfo":{"baseKey":"BfLtJp4xi9JjVqbNDFhf+s9+LvAAyCpw+gu8bJcePsEN","baseKeyType":1,"closed":-1,"used":1689261925854,"created":1689261925854,"remoteIdentityKey":"BQPIGQjoQfWiZqk38vaZAEzDxun8Sx50u06Cu4CIEa0/"},"_chains":{"BQidox/5h/h6CRHS8/a9sf1I7ejCQo0pEbcUHmhqT9Nh":{"chainKey":{"counter":1,"key":"8uY70qqxMk90OJi4hc7xgeUpaqluS3uNuYEgCBb2H0M="},"chainType":1,"messageKeys":{}}},"pendingPreKey":{"signedKeyId":18,"baseKey":"BfLtJp4xi9JjVqbNDFhf+s9+LvAAyCpw+gu8bJcePsEN","preKeyId":2195042}}},"version":"v1"}