{"_sessions":{"BT6tv4K9ohh74WESfvUMU1V9OQvaDVUKYdiUGVExjTcK":{"registrationId":2026997795,"currentRatchet":{"ephemeralKeyPair":{"pubKey":"BT8DoleZILx17/rmKKXGigD3Vz1s6hkBPXHQpN5UpDFl","privKey":"8BUjUxDzO+1gTbo6ND9ra5qDogWwh2oBwWqb1V6/FU0="},"lastRemoteEphemeralKey":"BbjG5GDF1S2kB2pgt6EVIgTcNnW/gw3HxLl0ikYOO3U+","previousCounter":0,"rootKey":"XelQcV1KrJ7F7zMzlSTnUI6K5lXoIDbGDamRjqmCXsM="},"indexInfo":{"baseKey":"BT6tv4K9ohh74WESfvUMU1V9OQvaDVUKYdiUGVExjTcK","baseKeyType":1,"closed":-1,"used":1689261767194,"created":1689261767194,"remoteIdentityKey":"BS+Zjw3Qhu2N+4V1BYBMPSz9xzXG6IOIASCNKqnWFUoc"},"_chains":{"BT8DoleZILx17/rmKKXGigD3Vz1s6hkBPXHQpN5UpDFl":{"chainKey":{"counter":0,"key":"2Ozo7qc8AfJ5yV7Em2FdOXh7dhoptTd+5NOh7c7+8KU="},"chainType":1,"messageKeys":{}}},"pendingPreKey":{"signedKeyId":25,"baseKey":"BT6tv4K9ohh74WESfvUMU1V9OQvaDVUKYdiUGVExjTcK","preKeyId":7687393}}},"version":"v1"}