{"_sessions":{"BQDcQFe5n3KAjVSJWY1BfNiO7FdtnNm6JEJXcBJeYw4d":{"registrationId":41,"currentRatchet":{"ephemeralKeyPair":{"pubKey":"BZ0hoMPZHP7aZepU7n8nYZDBdygDnQF1TUTcQwmkeQF1","privKey":"qD9/k69hn+8kPEIkIa4tfHBuncMmaoAFXZXdTRhUOGE="},"lastRemoteEphemeralKey":"BXwrlGGgGCGoLpEyBaN6SqSzmoXeeSFcs+Apt79pWXYm","previousCounter":0,"rootKey":"kzC2tY+6AFAmljXXiRAKDaOWWaEUcAYOPyRK08i5u2k="},"indexInfo":{"baseKey":"BQDcQFe5n3KAjVSJWY1BfNiO7FdtnNm6JEJXcBJeYw4d","baseKeyType":1,"closed":-1,"used":1689261766680,"created":1689261766680,"remoteIdentityKey":"BXQ0Yqv9uuY9SKJDurgjUkVGp90MscwgyAirVrXLcLc1"},"_chains":{"BZ0hoMPZHP7aZepU7n8nYZDBdygDnQF1TUTcQwmkeQF1":{"chainKey":{"counter":0,"key":"Qn+tSTZAPZmYBCfB/FvgWE2iMd9IowZ6ODRzBkrv4pY="},"chainType":1,"messageKeys":{}}},"pendingPreKey":{"signedKeyId":1,"baseKey":"BQDcQFe5n3KAjVSJWY1BfNiO7FdtnNm6JEJXcBJeYw4d"}}},"version":"v1"}