{"_sessions":{"BaYGY38CvoKjDExAzCXbMejM8HX4QVIsXqSutXsYseFF":{"registrationId":1940887448,"currentRatchet":{"ephemeralKeyPair":{"pubKey":"BZK9As5CnTlqUeYteNg4GKEiSaiJiSNBZPzDFXEdaYs6","privKey":"6LvydVMAhxIuX9TprBEyA0/8C5y9V+zXPmkbaD2QaFg="},"lastRemoteEphemeralKey":"BYJOLR145+sX4O/5T+HKQTbnYURNVVKMzciOXLdF2HkQ","previousCounter":0,"rootKey":"PSaKTAMCe8WIfXh25IXq1MGQ0ceXb5581XScyvNvZ1M="},"indexInfo":{"baseKey":"BaYGY38CvoKjDExAzCXbMejM8HX4QVIsXqSutXsYseFF","baseKeyType":1,"closed":-1,"used":1689261767289,"created":1689261767289,"remoteIdentityKey":"BTZ0fkUjujUo2IgIB+fnskNudygwCeqIDmWsLLmLYB0t"},"_chains":{"BZK9As5CnTlqUeYteNg4GKEiSaiJiSNBZPzDFXEdaYs6":{"chainKey":{"counter":0,"key":"XkGc7sfMxiOcC8rekj2mPZlNZGHo+4a//LPv4nETPJM="},"chainType":1,"messageKeys":{}}},"pendingPreKey":{"signedKeyId":0,"baseKey":"BaYGY38CvoKjDExAzCXbMejM8HX4QVIsXqSutXsYseFF","preKeyId":15814137}}},"version":"v1"}