{"_sessions":{"BZw5FtUGw8uJBR2k1jY9qzulhQ3gKdBnOv7DROdmjGUD":{"registrationId":194,"currentRatchet":{"ephemeralKeyPair":{"pubKey":"BZFhlkzv0Ge8K3Iaz3IF7bobctudWXocEtc1o3wjVrNt","privKey":"qDD73DGonZjYm9oDNBVTMnS+N7ytTjF7FSZZkkbtcGg="},"lastRemoteEphemeralKey":"Bba8e1nzakYPSzL9xqB2IOPbpfXrUVJQnzHJTFcMW1Y5","previousCounter":0,"rootKey":"W7TAWxUW+vfr7prwJlRSyQG0v8hDuV9oDA0udHPWA+A="},"indexInfo":{"baseKey":"BZw5FtUGw8uJBR2k1jY9qzulhQ3gKdBnOv7DROdmjGUD","baseKeyType":1,"closed":-1,"used":1689261766673,"created":1689261766673,"remoteIdentityKey":"BeHiCOiP5K/g5Phi6ULcDzgp5WC+s71B/yDLrotSHtMr"},"_chains":{"BZFhlkzv0Ge8K3Iaz3IF7bobctudWXocEtc1o3wjVrNt":{"chainKey":{"counter":0,"key":"23M3DlcRJkzIGXWwTXR/0LhW2r+Hdf0hAAKUh0IaR6c="},"chainType":1,"messageKeys":{}}},"pendingPreKey":{"signedKeyId":1,"baseKey":"BZw5FtUGw8uJBR2k1jY9qzulhQ3gKdBnOv7DROdmjGUD"}}},"version":"v1"}