{"_sessions":{"BYKGGs+vX+gdXBYsw+ujJ2RB5eQZTAmh9FhdpKgLk8lH":{"registrationId":930309600,"currentRatchet":{"ephemeralKeyPair":{"pubKey":"BZmkmV8RRXyStnQAXOLErVIEFwLAWC6S6MhOEqiypR1r","privKey":"uC1FqoV0FWB5pIqbZeusmCWeYm19GnAStpyUk07/R1M="},"lastRemoteEphemeralKey":"BVJyjV1k0ACl7Wadij2Q246brDv57lhw72iAfQumh3Iq","previousCounter":0,"rootKey":"2dD0kbkvTQfmpPLtpYNf8OGm2p2DdwLR52/6b0A4SXM="},"indexInfo":{"baseKey":"BYKGGs+vX+gdXBYsw+ujJ2RB5eQZTAmh9FhdpKgLk8lH","baseKeyType":1,"closed":-1,"used":1689261767396,"created":1689261767396,"remoteIdentityKey":"BbGb4OlYC8qIm7iEhuTAIE9NN1fqXUdV6vDKc73y8phw"},"_chains":{"BZmkmV8RRXyStnQAXOLErVIEFwLAWC6S6MhOEqiypR1r":{"chainKey":{"counter":0,"key":"nPALa/J3Pb9IJ9xyqmgJARgu2NSI/6S+nil3lLiSnDo="},"chainType":1,"messageKeys":{}}},"pendingPreKey":{"signedKeyId":1,"baseKey":"BYKGGs+vX+gdXBYsw+ujJ2RB5eQZTAmh9FhdpKgLk8lH","preKeyId":6583892}}},"version":"v1"}