{"_sessions":{"BSb5SY+5srvaNh2DF3voFLqpxFq/dAwhBZvoV04GDWti":{"registrationId":347445696,"currentRatchet":{"ephemeralKeyPair":{"pubKey":"BbXGpidm6SH/KkU9HeJJVB2qQDdaV0/gVPNGrns7mcdc","privKey":"eEMQg/EOGLMTxX0r8J+tyw+XT9Gx6g2zOgkGzGmAcEw="},"lastRemoteEphemeralKey":"BbWI1htl8z+73i0XcoSqpWISyn2/Zl+auzR2Px4IOdMz","previousCounter":0,"rootKey":"VebQQewznOgcngXq3ZAkGlUecsZFT/knKPUtE3DlaXQ="},"indexInfo":{"baseKey":"BSb5SY+5srvaNh2DF3voFLqpxFq/dAwhBZvoV04GDWti","baseKeyType":1,"closed":-1,"used":1689261767999,"created":1689261767999,"remoteIdentityKey":"BXqHsZGrhKqXDzDHHhiB/I+DNey8SQEvOLUaeAhrtftd"},"_chains":{"BbXGpidm6SH/KkU9HeJJVB2qQDdaV0/gVPNGrns7mcdc":{"chainKey":{"counter":0,"key":"Jltu/34Wf0GUo1crYeZ6ywpx64+R3EVG4CHQvv16p8c="},"chainType":1,"messageKeys":{}}},"pendingPreKey":{"signedKeyId":2,"baseKey":"BSb5SY+5srvaNh2DF3voFLqpxFq/dAwhBZvoV04GDWti","preKeyId":14937215}}},"version":"v1"}