{"_sessions":{"BRz89NZv9DVoCJkZt7iCVDoaaI5QGtrwycYi7hNFGlRZ":{"registrationId":1911405971,"currentRatchet":{"ephemeralKeyPair":{"pubKey":"BQkOROQQYp2ZPrGp09YTEbyLmiBcoH7W6nlnoQWKoShK","privKey":"gMoY2iPPIoShtx7giXvpdeTuW3GtCap8vhGqxC38IEs="},"lastRemoteEphemeralKey":"BW0V0ZoykJ/NBO5IxBdQ2k0XR0XKOirQ3l/BGhUGkilD","previousCounter":0,"rootKey":"cegU706JJuo0ac9WO4+K2oGWtbOfA52wfY083PfrQyk="},"indexInfo":{"baseKey":"BRz89NZv9DVoCJkZt7iCVDoaaI5QGtrwycYi7hNFGlRZ","baseKeyType":1,"closed":-1,"used":1689261767153,"created":1689261767153,"remoteIdentityKey":"BRZdNhSkKLRipPOPCMrYhk3L7Bu8tyX4+DUpZJh9bHZ0"},"_chains":{"BQkOROQQYp2ZPrGp09YTEbyLmiBcoH7W6nlnoQWKoShK":{"chainKey":{"counter":0,"key":"L3pTMmQmOFyrCADYCxcGKc8mqrtnrgc02QhGmAyrzes="},"chainType":1,"messageKeys":{}}},"pendingPreKey":{"signedKeyId":1,"baseKey":"BRz89NZv9DVoCJkZt7iCVDoaaI5QGtrwycYi7hNFGlRZ","preKeyId":11238522}}},"version":"v1"}