{"_sessions":{"BSZfC9WyzM9Uws3nWx64Ed2W5kfD99AQazVkt/5ZfEVg":{"registrationId":1620531826,"currentRatchet":{"ephemeralKeyPair":{"pubKey":"Beip8Sq/MCNiqe/BlkGCs260gYyV027i6RozCCAhhrZa","privKey":"WHvM/crMp3LriywssCXHSX857m1mKpQkXze21XCm8HQ="},"lastRemoteEphemeralKey":"BbqY5t625StQ2hGTC5QoZ8K2JKX3wZWLJQcIloLA0A9q","previousCounter":0,"rootKey":"03wG3xHdGtzf+Y1QXqi0JQpH0uzmWRzYJjdu6g8swRo="},"indexInfo":{"baseKey":"BSZfC9WyzM9Uws3nWx64Ed2W5kfD99AQazVkt/5ZfEVg","baseKeyType":1,"closed":-1,"used":1689261767272,"created":1689261767272,"remoteIdentityKey":"BWZHMNF4vxoIX5pU+KvbfURbS3W8RqO+h8QzvrsaJvM5"},"_chains":{"Beip8Sq/MCNiqe/BlkGCs260gYyV027i6RozCCAhhrZa":{"chainKey":{"counter":0,"key":"wZsYI3ez4P/yp5P24Jky55ZlOwEbyXhmBqliOnff2d0="},"chainType":1,"messageKeys":{}}},"pendingPreKey":{"signedKeyId":4,"baseKey":"BSZfC9WyzM9Uws3nWx64Ed2W5kfD99AQazVkt/5ZfEVg","preKeyId":11923534}}},"version":"v1"}