{"_sessions":{"BYLFnbEuCxwYz4Dx6GtzyPf+XHAfF+zNK9iXTbYuvRdh":{"registrationId":1049769178,"currentRatchet":{"ephemeralKeyPair":{"pubKey":"BZ7PMxo4qH0aQ4ja/eVTMj+efHsjX3Pu2bnDUbXghrlc","privKey":"OF7jGOzORdJ5QG5ge3prVuuVc2z5X0ZLpiaE81skxkM="},"lastRemoteEphemeralKey":"BUlUKal+tVjTuEF3F2H26mu+yzJ6+yZaDukBzHKq4ut1","previousCounter":0,"rootKey":"tocPn8aGpKlM6WxfkKBqvaBqrHc1a3zaI6XsnHEdTos="},"indexInfo":{"baseKey":"BYLFnbEuCxwYz4Dx6GtzyPf+XHAfF+zNK9iXTbYuvRdh","baseKeyType":1,"closed":-1,"used":1689261926294,"created":1689261926294,"remoteIdentityKey":"BW1LcLaCqN/T8ZdvU25ukIf5UOj9BevfxXudKz4CcvIe"},"_chains":{"BZ7PMxo4qH0aQ4ja/eVTMj+efHsjX3Pu2bnDUbXghrlc":{"chainKey":{"counter":1,"key":"utRlZf00/O8VtfnupJTU+7n1HfO/jZSIFKm29LfmJdo="},"chainType":1,"messageKeys":{}}},"pendingPreKey":{"signedKeyId":0,"baseKey":"BYLFnbEuCxwYz4Dx6GtzyPf+XHAfF+zNK9iXTbYuvRdh","preKeyId":10342885}}},"version":"v1"}