{"_sessions":{"BXqH1TNGoBwyDQtbozqPeMmXX6c040aM9NsZ82V+9qZx":{"registrationId":669453429,"currentRatchet":{"ephemeralKeyPair":{"pubKey":"BQrHohTkGlKwln+RQ4OipDjBPz7ih7OKxoITM2+VqwIq","privKey":"sFpcwJGk2EdBlt7r3fEQq3eShgG7fulZxGSCNgh/ylc="},"lastRemoteEphemeralKey":"BT+bdAiA0tNiyOnmXtzueIbm2tbLcfrhPwJ2aZB1HLUQ","previousCounter":0,"rootKey":"vAnQ7zrXJzSABSQX75nK6gfBa3/6lgakqfVM/gkSbGs="},"indexInfo":{"baseKey":"BXqH1TNGoBwyDQtbozqPeMmXX6c040aM9NsZ82V+9qZx","baseKeyType":1,"closed":-1,"used":1689261768064,"created":1689261768064,"remoteIdentityKey":"Be5mYXfwgb92DF4c6RxM5lyPn5PvhhmRbh/4RrUHMHlt"},"_chains":{"BQrHohTkGlKwln+RQ4OipDjBPz7ih7OKxoITM2+VqwIq":{"chainKey":{"counter":0,"key":"563B1548vUUyTno31pKpwxqVO4G8rcdnetAx3zAG5yo="},"chainType":1,"messageKeys":{}}},"pendingPreKey":{"signedKeyId":1,"baseKey":"BXqH1TNGoBwyDQtbozqPeMmXX6c040aM9NsZ82V+9qZx","preKeyId":216283}}},"version":"v1"}