{"_sessions":{"BR0farLMUZHbXMSebXcSxiMcVIUSUjrxja/yx4I2TxNo":{"registrationId":1425451416,"currentRatchet":{"ephemeralKeyPair":{"pubKey":"BUe9VpOaPLhalGfhshXhI7TOb4VrFc7RtnheqGp5w4Nj","privKey":"kBknB+h37MY1P1ZTS9KauC2zp2nAbTeEGjdQdFiwI04="},"lastRemoteEphemeralKey":"BTCAYNzeUej+p0H0M+0JSjmReZvz65a6Un+2g5GrA8o8","previousCounter":0,"rootKey":"pcBTnwUH9PV7nYvXdfSgQMyCIibDxgVwRVt+U+m8juQ="},"indexInfo":{"baseKey":"BR0farLMUZHbXMSebXcSxiMcVIUSUjrxja/yx4I2TxNo","baseKeyType":1,"closed":-1,"used":1689261926290,"created":1689261926290,"remoteIdentityKey":"Bd1qjbb+plk6tOrgvYmi2A+MnEHdNmxWWTXSlvNUmgN3"},"_chains":{"BUe9VpOaPLhalGfhshXhI7TOb4VrFc7RtnheqGp5w4Nj":{"chainKey":{"counter":1,"key":"2bxrgV/fdaNiTlFTNU4QERC7phms/fY23SC46qZ+lTA="},"chainType":1,"messageKeys":{}}},"pendingPreKey":{"signedKeyId":1,"baseKey":"BR0farLMUZHbXMSebXcSxiMcVIUSUjrxja/yx4I2TxNo","preKeyId":10077175}}},"version":"v1"}