{"_sessions":{"BQrzAAAx0KmhLM/GbTuoHomSfgivNUmtC2GMwQdjH6w6":{"registrationId":159122886,"currentRatchet":{"ephemeralKeyPair":{"pubKey":"BQ+zscv4O6gYkO9gVqwR5/auWmNzCQ/onufJUWB+Ottk","privKey":"4DOyIr8quhTTP7eQLFbb2j+3xsfuFFdc8iLSU+Crk0I="},"lastRemoteEphemeralKey":"Ba4wcQYmatu1BROFIin8OWm5V0wsboHyP9MDKS6ZKJB4","previousCounter":0,"rootKey":"jN4biSIB5ffYkkoC3T2APJ1KJXLj34JrNeW8HRI9u54="},"indexInfo":{"baseKey":"BQrzAAAx0KmhLM/GbTuoHomSfgivNUmtC2GMwQdjH6w6","baseKeyType":1,"closed":-1,"used":1689261767961,"created":1689261767961,"remoteIdentityKey":"BadYobRlDukNy0IrAhLp2sciwX+AItlmbnmSS5/WTXFn"},"_chains":{"BQ+zscv4O6gYkO9gVqwR5/auWmNzCQ/onufJUWB+Ottk":{"chainKey":{"counter":0,"key":"1D9+HiK9QRzEPEXkRF/ApzFI/so+3WQSbuDS/fZpdjQ="},"chainType":1,"messageKeys":{}}},"pendingPreKey":{"signedKeyId":7,"baseKey":"BQrzAAAx0KmhLM/GbTuoHomSfgivNUmtC2GMwQdjH6w6","preKeyId":12141398}}},"version":"v1"}