{"_sessions":{"BYbztS8xs97FpXz4BAhIH4hVQUTv19N5syMlTLD7eAgp":{"registrationId":2040367641,"currentRatchet":{"ephemeralKeyPair":{"pubKey":"BSRUEGeuXVlHt6tS3eorEIrQu6gdXlin3iRdYXSLPNkB","privKey":"OFvYRHf5NHNLTi8zLCfAiQdPnzCOs/ZylMKgSAUsYmI="},"lastRemoteEphemeralKey":"BY99vMzFbVyL3EdqIUQ0JBgkaNfy59sW1+SeQILIywhd","previousCounter":0,"rootKey":"mv/TiooVLOH8aorCvISGDojYCCWPI/MDHcB2I7jxtl4="},"indexInfo":{"baseKey":"BYbztS8xs97FpXz4BAhIH4hVQUTv19N5syMlTLD7eAgp","baseKeyType":1,"closed":-1,"used":1689261767156,"created":1689261767156,"remoteIdentityKey":"Ba0YKl9QFVyrCNV3hEuhV5HsGM2jMUOK2qdlMd0wdbQA"},"_chains":{"BSRUEGeuXVlHt6tS3eorEIrQu6gdXlin3iRdYXSLPNkB":{"chainKey":{"counter":0,"key":"Rzp20A6ludKpTwaau9yoNJu/IS4MYKB0zLTiWayEwhY="},"chainType":1,"messageKeys":{}}},"pendingPreKey":{"signedKeyId":0,"baseKey":"BYbztS8xs97FpXz4BAhIH4hVQUTv19N5syMlTLD7eAgp"}}},"version":"v1"}