{"_sessions":{"Bbpnuz2cw9JZthiJBS9y0qFzkYGmeBzOByJ5RcrLKjwD":{"registrationId":961906769,"currentRatchet":{"ephemeralKeyPair":{"pubKey":"BVz/YhxjzO5rZuzhTVm77O4Tn9NSobLEHRDjZIS8KUdv","privKey":"oP6lq+q3h/Vg0ct+t5HfxBkPYdRzufkZm6F2o8zkgXg="},"lastRemoteEphemeralKey":"BX2aASgRgEaEaZditkc7Cnr91p5/zRVc6uwfubf+R6B8","previousCounter":0,"rootKey":"NLmbPDrECtFsk8rvDsQNvDlqNJa6t4zLPqRLPZXOSws="},"indexInfo":{"baseKey":"Bbpnuz2cw9JZthiJBS9y0qFzkYGmeBzOByJ5RcrLKjwD","baseKeyType":1,"closed":-1,"used":1689261925989,"created":1689261925989,"remoteIdentityKey":"BSv1bZeUaNXTNOWrSlVYr/6WE/kadnFBgJEVGJsFt9Fm"},"_chains":{"BVz/YhxjzO5rZuzhTVm77O4Tn9NSobLEHRDjZIS8KUdv":{"chainKey":{"counter":1,"key":"C6bEmI+3SjQAfhAUUnjlJu8BwIyDXE1zMiOOeh2y9XM="},"chainType":1,"messageKeys":{}}},"pendingPreKey":{"signedKeyId":1,"baseKey":"Bbpnuz2cw9JZthiJBS9y0qFzkYGmeBzOByJ5RcrLKjwD","preKeyId":13215961}}},"version":"v1"}