{"_sessions":{"Bal2uppyR0W+B4fwGs+DYW6+L9+J+MY846PCyzaHKxgq":{"registrationId":165282729,"currentRatchet":{"ephemeralKeyPair":{"pubKey":"BS+1FaA45et+jcfnm6i/HnGhUWlH2VxuYKjcoWNoo7Vr","privKey":"gKGPzqMTR809fivdTt+rsWLBuzoZw1UGtARBaS5R/3A="},"lastRemoteEphemeralKey":"BZcZ6dbPCD67GFOCO9dXrhEtHZXqjt3XOW4KpkIaoQtE","previousCounter":0,"rootKey":"GCFGZUCNTc2QrzJzMW5rb/+jkSpg8uLVnZrnL8KDlD4="},"indexInfo":{"baseKey":"Bal2uppyR0W+B4fwGs+DYW6+L9+J+MY846PCyzaHKxgq","baseKeyType":1,"closed":-1,"used":1689261925476,"created":1689261925476,"remoteIdentityKey":"Bdg6enRHbW+cmzHoGEdvMOOCAswrGMd12ESQEjrfRMM2"},"_chains":{"BS+1FaA45et+jcfnm6i/HnGhUWlH2VxuYKjcoWNoo7Vr":{"chainKey":{"counter":1,"key":"2D4JBRN5Org88m2Scvi27XRf47Jj15L6IVB0IHMdQ/U="},"chainType":1,"messageKeys":{}}},"pendingPreKey":{"signedKeyId":0,"baseKey":"Bal2uppyR0W+B4fwGs+DYW6+L9+J+MY846PCyzaHKxgq"}}},"version":"v1"}