{"_sessions":{"BbiEtyW9iqP4LeaGNzR/rmqPMhp5nMTpEHys86pkWmAy":{"registrationId":1263833527,"currentRatchet":{"ephemeralKeyPair":{"pubKey":"Bbdy9FdV7O8nm0eHtxg9HEoH2NSvRka6m2onQJOv/eww","privKey":"8Frd5AEYQaH/NQQrSouDfuH7ZoiQiMcUPkPlGTD/hVk="},"lastRemoteEphemeralKey":"BYDg+i8ErLA7zCqFvBKPw//r9NJAZly+uGtgnumZ+gJY","previousCounter":0,"rootKey":"xPwhhl13oSHYnEBgGaYRkOFq58DIbVmehfkr6nBPhZY="},"indexInfo":{"baseKey":"BbiEtyW9iqP4LeaGNzR/rmqPMhp5nMTpEHys86pkWmAy","baseKeyType":2,"closed":-1,"used":1689262113851,"created":1689261744726,"remoteIdentityKey":"BfvzmzNS1BCQF/SNwb6Rinm3WeKqR+5y1viFtQ52r1op"},"_chains":{"Bfr6szsfHJmLEKUBKNnX4rR0R/J5o/NGG7do9NqpWZJb":{"chainKey":{"counter":2},"chainType":2,"messageKeys":{}},"BbWrtANDpTLMyyVrk5BP4XWvzHgI+PGFQr1B3M7n4Pc9":{"chainKey":{"counter":0},"chainType":2,"messageKeys":{}},"BZf/qaDhU6HAazJHlehLDbHNhsINOD1/2arhwsNX5Vxh":{"chainKey":{"counter":1},"chainType":2,"messageKeys":{}},"BdxD9eqYUVViWfnmU2TcbMdpIzxeahntD7iFYuO7oQsx":{"chainKey":{"counter":1},"chainType":2,"messageKeys":{}},"BYDg+i8ErLA7zCqFvBKPw//r9NJAZly+uGtgnumZ+gJY":{"chainKey":{"counter":0,"key":"EaazFi+Bj2XTVuk3+DMsISUhhzKmMF6cMafvrOOOL5g="},"chainType":2,"messageKeys":{}},"Bbdy9FdV7O8nm0eHtxg9HEoH2NSvRka6m2onQJOv/eww":{"chainKey":{"counter":0,"key":"4d0w4o03Z1OafIwAcAD6h0BLg1CdKjAUJxZe6aPg/64="},"chainType":1,"messageKeys":{}}}}},"version":"v1"}