{"_sessions":{"BXQk90R0J+3yYArjKB6OBhkVmh/5vM36CymTvmhaZXxi":{"registrationId":1584248334,"currentRatchet":{"ephemeralKeyPair":{"pubKey":"BVdlW2bJi1rZNqYkkx02J9qu+zLltk5PZTIVdhzNxUc+","privKey":"yCojteHmk8JT8hLhSDlVGWX2Kac0FQkiu34UKiRfBkA="},"lastRemoteEphemeralKey":"BU+VFq6aN+r9+hcXOMOFKGCCcD9tmxEm+Nyc/2FJArd6","previousCounter":0,"rootKey":"y0Thr4w63m9snGloyj4r85FqNRVym+Nd4JIRfNHqE6Q="},"indexInfo":{"baseKey":"BXQk90R0J+3yYArjKB6OBhkVmh/5vM36CymTvmhaZXxi","baseKeyType":1,"closed":-1,"used":1689261768993,"created":1689261768993,"remoteIdentityKey":"Bfm+9wnsjdPBw8o6cyA6fEVCislyUKpNQj0HRhNkImEK"},"_chains":{"BVdlW2bJi1rZNqYkkx02J9qu+zLltk5PZTIVdhzNxUc+":{"chainKey":{"counter":0,"key":"Cf5k/wxfH6E1lOdJO6dpkYesIGZGxZT7Ug9nQ2dPd9I="},"chainType":1,"messageKeys":{}}},"pendingPreKey":{"signedKeyId":0,"baseKey":"BXQk90R0J+3yYArjKB6OBhkVmh/5vM36CymTvmhaZXxi","preKeyId":13985876}}},"version":"v1"}