{"_sessions":{"Bf01a3Gf/VhefcZaRbQGSaD2PfvICobccf7GmRMujMpu":{"registrationId":1032544119,"currentRatchet":{"ephemeralKeyPair":{"pubKey":"BTuVDtvLkU3XBqVZoV+m/6OMjsEpL3vTR1HtfSwgmuxO","privKey":"wENYznvLBV5FmOoDNIPLLNjdURROFYDHMWDanTwTJmg="},"lastRemoteEphemeralKey":"BZdgCIygS10TMAu1R8mIV67aWA1k8LUiOWEQDmgvdPZI","previousCounter":0,"rootKey":"88XZlYV3SXJdx5HH/Q/I+87MlAf++LPecAO45zLiVZQ="},"indexInfo":{"baseKey":"Bf01a3Gf/VhefcZaRbQGSaD2PfvICobccf7GmRMujMpu","baseKeyType":1,"closed":-1,"used":1689261925886,"created":1689261925886,"remoteIdentityKey":"BS5fnnuKQAgqHz+QfXW1Pd4o8XppkMBczK6rIuZT19ZG"},"_chains":{"BTuVDtvLkU3XBqVZoV+m/6OMjsEpL3vTR1HtfSwgmuxO":{"chainKey":{"counter":1,"key":"pIe1HnpUS57ObjNimOXHBH7DqLhUI51Mc/3/w5hLK+c="},"chainType":1,"messageKeys":{}}},"pendingPreKey":{"signedKeyId":2,"baseKey":"Bf01a3Gf/VhefcZaRbQGSaD2PfvICobccf7GmRMujMpu","preKeyId":10345067}}},"version":"v1"}