{"_sessions":{"BW/mNTWoBecaDVRDOB1zE08qaTxUUMU83odhkQGx7K9V":{"registrationId":1950052292,"currentRatchet":{"ephemeralKeyPair":{"pubKey":"BQxbq+G8Q9i7z5c2lpTvBP1YbIB07WfnWWGutsttMXES","privKey":"cG5CEaupFSidrbjUgEKwBxrzT+6XIZlQPqjWOQnsXUk="},"lastRemoteEphemeralKey":"BT96Yum92foXQI60BRneGYGhVongNlgGNVc9bQNuC7ZJ","previousCounter":0,"rootKey":"2qsTwIce11NSwyGAFUPezG10QqlK+6gArNaSO2kzWy0="},"indexInfo":{"baseKey":"BW/mNTWoBecaDVRDOB1zE08qaTxUUMU83odhkQGx7K9V","baseKeyType":1,"closed":-1,"used":1689261925458,"created":1689261925458,"remoteIdentityKey":"BX9w0y4hH2gzEcdUexJzUTRZ7C3mkgoKxwmZuj279XcF"},"_chains":{"BQxbq+G8Q9i7z5c2lpTvBP1YbIB07WfnWWGutsttMXES":{"chainKey":{"counter":1,"key":"QfYWzmTDVeY1002Zat6BCu90DRZ1XBEKExobV7EDYw4="},"chainType":1,"messageKeys":{}}},"pendingPreKey":{"signedKeyId":4,"baseKey":"BW/mNTWoBecaDVRDOB1zE08qaTxUUMU83odhkQGx7K9V"}}},"version":"v1"}