{"_sessions":{"BfEckPhF0jQXZwqxnFJWJi7JRV5C+MnmYKJoLdgs9jZd":{"registrationId":23,"currentRatchet":{"ephemeralKeyPair":{"pubKey":"BStqx1Ac0vwEMC1SVoCAY58aApPwv99NAJ+D7FzQjKtD","privKey":"iHwj6qGM6UWuIbg5hW3G5gQTdynhzapDlHvE3FDJmU4="},"lastRemoteEphemeralKey":"BQg9VsL0D/mEwts5KJ3bnD+IcTyBjnGXLf1OtvH+T3xd","previousCounter":0,"rootKey":"s6vJueCqZALZle1bIh/gNXxLLasEZKGHthnCkv253Mo="},"indexInfo":{"baseKey":"BfEckPhF0jQXZwqxnFJWJi7JRV5C+MnmYKJoLdgs9jZd","baseKeyType":1,"closed":-1,"used":1689261925395,"created":1689261925395,"remoteIdentityKey":"BRlBTVRNLK5dDEZD9Y37ColJdq8FfdwzlWmyFQZX2CsE"},"_chains":{"BStqx1Ac0vwEMC1SVoCAY58aApPwv99NAJ+D7FzQjKtD":{"chainKey":{"counter":1,"key":"haROHCx/Bwt1oh+lo3DDcQBDOYCsQNrzDAedVwfIZm8="},"chainType":1,"messageKeys":{}}},"pendingPreKey":{"signedKeyId":1,"baseKey":"BfEckPhF0jQXZwqxnFJWJi7JRV5C+MnmYKJoLdgs9jZd"}}},"version":"v1"}