{"_sessions":{"BXOmZuGEhJtbHr3lqyyiJM/zO302DdT4gsWmi7drRMhk":{"registrationId":2104656639,"currentRatchet":{"ephemeralKeyPair":{"pubKey":"BZljzZ+ZzcCOFt5RO4xuqOikhqnWlAMIjBEQ4Jcu7o5s","privKey":"cGLF0kQdAbuTINRELJTe4hLH/fRJlq2EQeYUjD8QlnY="},"lastRemoteEphemeralKey":"BXjk375l6jrcrLEy7NFaaoKkuCJXB15uBILeNox7V5JZ","previousCounter":0,"rootKey":"U9+UDZWUTp8xMFvoqjheBEdBO9xnxDZEZhXCvIaULss="},"indexInfo":{"baseKey":"BXOmZuGEhJtbHr3lqyyiJM/zO302DdT4gsWmi7drRMhk","baseKeyType":1,"closed":-1,"used":1689261766981,"created":1689261766981,"remoteIdentityKey":"BXBqUkZha0kQN66Obzo/VWhBCp+mhj5PTnCLOg5ZhCV5"},"_chains":{"BZljzZ+ZzcCOFt5RO4xuqOikhqnWlAMIjBEQ4Jcu7o5s":{"chainKey":{"counter":0,"key":"KGJZCzEbCSaF8x4Eq/XBIez4FreCI/I3BHvmc+7dtnA="},"chainType":1,"messageKeys":{}}},"pendingPreKey":{"signedKeyId":10,"baseKey":"BXOmZuGEhJtbHr3lqyyiJM/zO302DdT4gsWmi7drRMhk","preKeyId":16336748}}},"version":"v1"}