{"_sessions":{"BfVgTuc0USxkpEvOFvcFBmt2AGUK03BGCwCNtwIT6ccm":{"registrationId":664864557,"currentRatchet":{"ephemeralKeyPair":{"pubKey":"BRDtnZozpU2RYTj/2FTWvm9RboU3QUL6yR87Jk9g2gpV","privKey":"IFcbzTKT/F7H+pJT6Dnob1+Q87FErKm03zFCzc12oGQ="},"lastRemoteEphemeralKey":"BY7rXYs0PRegWPgy/jQ+y+V424vSneza6ETp4pDplodJ","previousCounter":0,"rootKey":"pXLxsq/As2Ia5tXgCf+zYrV/oqOBqLyP1nWKnqXX9yI="},"indexInfo":{"baseKey":"BfVgTuc0USxkpEvOFvcFBmt2AGUK03BGCwCNtwIT6ccm","baseKeyType":1,"closed":-1,"used":1689261925653,"created":1689261925653,"remoteIdentityKey":"Bct8k6WXuAXFh6ZPJuzuI8O0BJgvAupJlGh+naf4IHY0"},"_chains":{"BRDtnZozpU2RYTj/2FTWvm9RboU3QUL6yR87Jk9g2gpV":{"chainKey":{"counter":1,"key":"XDUdm4VjNYUf7FLV4Jr1IpjkWNGHyNDG0mVsY7HjeuU="},"chainType":1,"messageKeys":{}}},"pendingPreKey":{"signedKeyId":0,"baseKey":"BfVgTuc0USxkpEvOFvcFBmt2AGUK03BGCwCNtwIT6ccm","preKeyId":13861750}}},"version":"v1"}