{"_sessions":{"BQZEt1+Vc2+9oVYsC0kAS6PsyMRDhKaZyCx/BxWlvLRW":{"registrationId":1084822508,"currentRatchet":{"ephemeralKeyPair":{"pubKey":"BdmXA15OujIkky3QaQSxdSwCLpul/YPlER9zPbOfrxYb","privKey":"UPhlhzpZk+p6EmSR1oZStvrDARZiV0cmm3ufPR3VXWk="},"lastRemoteEphemeralKey":"BVZv8J6Fjq8eLdreYqxqiT2MhE0Ulm7G+OuzXWuoYRxH","previousCounter":0,"rootKey":"1z12LAzycyxGFqm/J8Gq+4Dyqv3MAKJD+NyNMJkKFYI="},"indexInfo":{"baseKey":"BQZEt1+Vc2+9oVYsC0kAS6PsyMRDhKaZyCx/BxWlvLRW","baseKeyType":1,"closed":-1,"used":1689261768369,"created":1689261768369,"remoteIdentityKey":"BSIWwduABO3MMdgoxHVCD6QRm3tTBacDT8eQ3lM5HSlX"},"_chains":{"BdmXA15OujIkky3QaQSxdSwCLpul/YPlER9zPbOfrxYb":{"chainKey":{"counter":0,"key":"WkfCnW/foF31RayYwsvnAeD3wVsJoi5+bAT2cB3jqxc="},"chainType":1,"messageKeys":{}}},"pendingPreKey":{"signedKeyId":0,"baseKey":"BQZEt1+Vc2+9oVYsC0kAS6PsyMRDhKaZyCx/BxWlvLRW"}}},"version":"v1"}