{"_sessions":{"BX6Uy8fAsTaU68v/2MdA14YuvvqUC0YB9yjkMTA3YmJK":{"registrationId":1428952938,"currentRatchet":{"ephemeralKeyPair":{"pubKey":"BW2jG1y3rhWXnYNOE5Bagzc4sMDTnu7l+1oGka3yTPQc","privKey":"gHPpyS0MCC/96h11VMLGpCgC8ygseGGGaxP4bI2XZWo="},"lastRemoteEphemeralKey":"BeP9I+uw3I0wAbgynktCHk/ZtgkD9VZAv9thtcmty10N","previousCounter":0,"rootKey":"AIqmWA9naDDnTddwB4mmYX3PK8k6oo/PJixYeDsEcP0="},"indexInfo":{"baseKey":"BX6Uy8fAsTaU68v/2MdA14YuvvqUC0YB9yjkMTA3YmJK","baseKeyType":1,"closed":-1,"used":1689261768687,"created":1689261768687,"remoteIdentityKey":"BXjZdZvIbIqFizYMYkl26popKVgraXg75NFCGQblXtQr"},"_chains":{"BW2jG1y3rhWXnYNOE5Bagzc4sMDTnu7l+1oGka3yTPQc":{"chainKey":{"counter":0,"key":"Ovimh5Ekf3w24ug1h7GYdNNrb+0pMXSsBp7WwAVWwgk="},"chainType":1,"messageKeys":{}}},"pendingPreKey":{"signedKeyId":1,"baseKey":"BX6Uy8fAsTaU68v/2MdA14YuvvqUC0YB9yjkMTA3YmJK"}}},"version":"v1"}