{"_sessions":{"BStaFihf2arPnqUIhnW1+HrSqI4g+M3xDeaN4WofwrV2":{"registrationId":152509663,"currentRatchet":{"ephemeralKeyPair":{"pubKey":"BWILkz2+yEdQnzwQGM0lfGW4ZYYz6xxVykkIQpy15vYn","privKey":"ICEYSp1+rBclvr2sfzJOdyA2UVd1Nzm2fMcTZvB6mHw="},"lastRemoteEphemeralKey":"BbU4IGYubRCHgyRoHMKa+1a03TkRRi7BX6dPwMO5JtMH","previousCounter":0,"rootKey":"4MOPNzTRJfZ/8P5b/c4dyYfInfc267G64JwgLW7MNt0="},"indexInfo":{"baseKey":"BStaFihf2arPnqUIhnW1+HrSqI4g+M3xDeaN4WofwrV2","baseKeyType":1,"closed":-1,"used":1689261768753,"created":1689261768753,"remoteIdentityKey":"BQbg/3MC/ArRerm7sIXSnm3FrCN+7hIZFRI5Q+o1BPR+"},"_chains":{"BWILkz2+yEdQnzwQGM0lfGW4ZYYz6xxVykkIQpy15vYn":{"chainKey":{"counter":0,"key":"oLdE3KkW4zgPPKpqtbffZWcXADTwj5GE+0F7lNqPN4g="},"chainType":1,"messageKeys":{}}},"pendingPreKey":{"signedKeyId":3,"baseKey":"BStaFihf2arPnqUIhnW1+HrSqI4g+M3xDeaN4WofwrV2","preKeyId":2365563}}},"version":"v1"}