{"_sessions":{"BWhdf8EgdCpZ8aElOpbDp0e5DbPbR2/cLIaFHFWwDjZo":{"registrationId":229,"currentRatchet":{"ephemeralKeyPair":{"pubKey":"BY7fY8GAq/HKSxDzEYQxJX2uBNdR+VAoLxsCTFihJmFp","privKey":"aCwkyBmOikDsMkyc5/0c1NrfMwcBz+bj1tUBvpWRo0g="},"lastRemoteEphemeralKey":"BR8yLprtt68VIRNuZlbkUr5Ie9YDuSePiiRJvsa4YzZW","previousCounter":0,"rootKey":"yFhdMO3575EOirVrAbgTSCxPcRZ2rQA2oEDre4oNDUQ="},"indexInfo":{"baseKey":"BWhdf8EgdCpZ8aElOpbDp0e5DbPbR2/cLIaFHFWwDjZo","baseKeyType":1,"closed":-1,"used":1689261766358,"created":1689261766358,"remoteIdentityKey":"BQaFfx1TWgmkvYOXBnMtR61NyVg0Qt4FR2yG8e/f//RF"},"_chains":{"BY7fY8GAq/HKSxDzEYQxJX2uBNdR+VAoLxsCTFihJmFp":{"chainKey":{"counter":0,"key":"Vf+1OIIkG1RKuARk+GyjbpXnJKWP6FIh7zqs1PgMfBM="},"chainType":1,"messageKeys":{}}},"pendingPreKey":{"signedKeyId":1,"baseKey":"BWhdf8EgdCpZ8aElOpbDp0e5DbPbR2/cLIaFHFWwDjZo"}}},"version":"v1"}