{"_sessions":{"BVFyG0L+wSE4tvF+CbD/Pz8RPtnRx4C1rpPBLdu1WqVR":{"registrationId":254180833,"currentRatchet":{"ephemeralKeyPair":{"pubKey":"BXMJkFmaS1w8XI+xBLTTlveYDqOvbUjy5suQt9Cgwdtn","privKey":"yI6tRsiXT+ZXwV94++cLKPvmRcFztsqtbu2P5iV3y0c="},"lastRemoteEphemeralKey":"BbHZZaUIxSCqTeQDrqmRGzUAXFDjMzehnrgdnqGd6MIp","previousCounter":0,"rootKey":"z14kj80uRJsDimrCbosmes5CJqMEXHuplsIpAwxikV4="},"indexInfo":{"baseKey":"BVFyG0L+wSE4tvF+CbD/Pz8RPtnRx4C1rpPBLdu1WqVR","baseKeyType":1,"closed":-1,"used":1689261766783,"created":1689261766783,"remoteIdentityKey":"BZoHPwhwy37H9n9JMqjeMgaJO8ZMMaKcrAjkRjPCN2t+"},"_chains":{"BXMJkFmaS1w8XI+xBLTTlveYDqOvbUjy5suQt9Cgwdtn":{"chainKey":{"counter":0,"key":"/7cvNp8VBGQwyCkAuepxdWRPNNUygrC8HEgXyRpv+zs="},"chainType":1,"messageKeys":{}}},"pendingPreKey":{"signedKeyId":8,"baseKey":"BVFyG0L+wSE4tvF+CbD/Pz8RPtnRx4C1rpPBLdu1WqVR","preKeyId":2561345}}},"version":"v1"}