{"_sessions":{"BYMyo3Jzp+WD8AxRrRjEKOYcL9ojdU7q1KJCIwCseGFP":{"registrationId":2140665025,"currentRatchet":{"ephemeralKeyPair":{"pubKey":"Bd0xMuYX6s8vDlOYr1e34BAh5jjrSsCsH4Ep/U9CASll","privKey":"AEcvKto9Tn/TQugs6MKE7BglX9UOwouZLcd+lt1J63w="},"lastRemoteEphemeralKey":"BXSCLJVJ6x31jyQHrXeeCi0JkrjyokQK8KJWwIpdWJUP","previousCounter":0,"rootKey":"fHjFXOfcwAWqV7S2l/DGAIClI77eKa+Auo31DEdjTHs="},"indexInfo":{"baseKey":"BYMyo3Jzp+WD8AxRrRjEKOYcL9ojdU7q1KJCIwCseGFP","baseKeyType":1,"closed":-1,"used":1689261925796,"created":1689261925796,"remoteIdentityKey":"Bc7FMFG9DBCvqYS7l5g3iGpmYOTk/T226lo6XYgwk8Mm"},"_chains":{"Bd0xMuYX6s8vDlOYr1e34BAh5jjrSsCsH4Ep/U9CASll":{"chainKey":{"counter":1,"key":"AV2D/MR0S+mgS8WwCaGRwBHerGQ8EhBXn/2HPd3fULg="},"chainType":1,"messageKeys":{}}},"pendingPreKey":{"signedKeyId":0,"baseKey":"BYMyo3Jzp+WD8AxRrRjEKOYcL9ojdU7q1KJCIwCseGFP","preKeyId":3646825}}},"version":"v1"}