{"_sessions":{"BctgZcpgzok+6vo5Hu/ED9UtLf7uOc/jfyAQPXs3Q9M+":{"registrationId":1581155008,"currentRatchet":{"ephemeralKeyPair":{"pubKey":"BemmyzKmPoLQaqExmwMJDSSVNWf6aFSjkPEA/Mnmz0Bz","privKey":"IGobgwp6Pb+jnrtMYU9OSK60N7KJP8gHO+Gk3dE/okY="},"lastRemoteEphemeralKey":"BdRsXdG7NyZF+GX2qMtIKZdmaa7rTzSCgQWN/celJLlt","previousCounter":0,"rootKey":"mnF2yJXdGrfQ5cXJhuSpsFO7IjZ2Jv4BOY3HfNaAZgU="},"indexInfo":{"baseKey":"BctgZcpgzok+6vo5Hu/ED9UtLf7uOc/jfyAQPXs3Q9M+","baseKeyType":1,"closed":-1,"used":1689261926173,"created":1689261926173,"remoteIdentityKey":"BdQxSm+un3r0Pt6bhlV0svBT4gzA68c8cWPBe1ciQOF5"},"_chains":{"BemmyzKmPoLQaqExmwMJDSSVNWf6aFSjkPEA/Mnmz0Bz":{"chainKey":{"counter":1,"key":"meM4bFqDzITxsEd0Zlj0IPcV9vZr26Ep2WVU36gphEA="},"chainType":1,"messageKeys":{}}},"pendingPreKey":{"signedKeyId":0,"baseKey":"BctgZcpgzok+6vo5Hu/ED9UtLf7uOc/jfyAQPXs3Q9M+","preKeyId":13497459}}},"version":"v1"}