{"_sessions":{"BZJVVeCWcMitXhMd5ZA5bga6cxFYXmZyeMBVluTwmI5R":{"registrationId":217,"currentRatchet":{"ephemeralKeyPair":{"pubKey":"Bf7O7AwwHct3if5lz4ZccckB/xaotyuaQ8dUaXCvYY5g","privKey":"OBWZZvqm/XD09Hd4+cMl+82ZHcdmvRPhfugxAspugXE="},"lastRemoteEphemeralKey":"BW0gI+zrdWM98myB6NFmQ81TBV4lxJVADYAbmbtxZzwg","previousCounter":0,"rootKey":"Dj2Z7+P/ahZDrug4V2P/pNeiJb3/pcxLqBh3Li/b25g="},"indexInfo":{"baseKey":"BZJVVeCWcMitXhMd5ZA5bga6cxFYXmZyeMBVluTwmI5R","baseKeyType":1,"closed":-1,"used":1689261765783,"created":1689261765783,"remoteIdentityKey":"BZ0pBo1ErAeIl3QY3+qk/5dFLfS+HaxrOhru6sePwy0k"},"_chains":{"Bf7O7AwwHct3if5lz4ZccckB/xaotyuaQ8dUaXCvYY5g":{"chainKey":{"counter":0,"key":"k9MvdcCNA6tzrhNxVJHUQk+p9FW/S9x50jh45oNG7DA="},"chainType":1,"messageKeys":{}}},"pendingPreKey":{"signedKeyId":1,"baseKey":"BZJVVeCWcMitXhMd5ZA5bga6cxFYXmZyeMBVluTwmI5R"}}},"version":"v1"}