{"_sessions":{"BVNymw7MzdRyn2ZHp9nMHtu9xWVgZCyCDGMTX9DLz14S":{"registrationId":312064142,"currentRatchet":{"ephemeralKeyPair":{"pubKey":"BRPZ/O+Juabe/j+GHP5tX4vYiUURKMH/Zs28CEsAwVpK","privKey":"0F49W9AhuKNC7/Q64XL/ehGh1f764wRNSuhzHGp/434="},"lastRemoteEphemeralKey":"BYkdu94Jd5jma76ocCqORCW8QgRkFKGtXZTTN/JUuJZM","previousCounter":0,"rootKey":"Yj2XS6vpVVUfb4MgTwOOoqbOQfkV2mXWsKtfcs2AaHs="},"indexInfo":{"baseKey":"BVNymw7MzdRyn2ZHp9nMHtu9xWVgZCyCDGMTX9DLz14S","baseKeyType":1,"closed":-1,"used":1689261925868,"created":1689261925868,"remoteIdentityKey":"BWhcgcSAOCSopwFmBpoe/aJz0EHpDvIMCqbLtiMdwpRT"},"_chains":{"BRPZ/O+Juabe/j+GHP5tX4vYiUURKMH/Zs28CEsAwVpK":{"chainKey":{"counter":1,"key":"s7e5+k0Gzo/w3lkcOI6XKVqaSRGCFFiqZfTVV31OT6w="},"chainType":1,"messageKeys":{}}},"pendingPreKey":{"signedKeyId":0,"baseKey":"BVNymw7MzdRyn2ZHp9nMHtu9xWVgZCyCDGMTX9DLz14S","preKeyId":3700125}}},"version":"v1"}