{"_sessions":{"BQNlRn0HI5rx8Bj30KDp1yEMwYOr+6BQhZpnwtpnq5Z+":{"registrationId":2144819740,"currentRatchet":{"ephemeralKeyPair":{"pubKey":"BRzZ9tR4nfFvtH0Fn4TDLWVGtEcU8A8KD2BkW7xoMjMo","privKey":"CEfN0nJooLy47Ur8bbzt6jssQUtoXdv6McWeFZ4FW34="},"lastRemoteEphemeralKey":"Bd4I4Q9A/ohzp4RWJndaIlXh6UUbiUe6/wQNaWTaNjxH","previousCounter":0,"rootKey":"O15NStKutRo+3IYT931W3daoCgyTKQvOryZFTeFZcaw="},"indexInfo":{"baseKey":"BQNlRn0HI5rx8Bj30KDp1yEMwYOr+6BQhZpnwtpnq5Z+","baseKeyType":1,"closed":-1,"used":1689261766875,"created":1689261766875,"remoteIdentityKey":"BUG9fYyLZ+5TXX8nW2eIhuWALHKvHYqb+lFSAQMW9xg+"},"_chains":{"BRzZ9tR4nfFvtH0Fn4TDLWVGtEcU8A8KD2BkW7xoMjMo":{"chainKey":{"counter":0,"key":"LmJIuxe7SnltrD7yXC+ofCGBeoHaEUUOcvPXDYWak7E="},"chainType":1,"messageKeys":{}}},"pendingPreKey":{"signedKeyId":1,"baseKey":"BQNlRn0HI5rx8Bj30KDp1yEMwYOr+6BQhZpnwtpnq5Z+","preKeyId":7567615}}},"version":"v1"}