{"_sessions":{"BeGzURWrgqOMO3YY6ZazJuFWTMVSP7+60mgGaDO+Vw9C":{"registrationId":840275147,"currentRatchet":{"ephemeralKeyPair":{"pubKey":"BZYj+wxNfANCNK3fi6FjP8tzlME1bHv+tmgtEPkuSPIR","privKey":"0P6yuBC4raCxb94ex1lrTsQB9HafxB1mjjikTRvfL1o="},"lastRemoteEphemeralKey":"BSiEk8Mu0N74+q7ryG9gtzsK+yhZlXG73UVeS/j+0T4o","previousCounter":0,"rootKey":"Da5Htt6xIoQIGvFn2Uhe2tCdKZgVkKlaDUzwxiXugd8="},"indexInfo":{"baseKey":"BeGzURWrgqOMO3YY6ZazJuFWTMVSP7+60mgGaDO+Vw9C","baseKeyType":1,"closed":-1,"used":1689261768998,"created":1689261768998,"remoteIdentityKey":"BTfwJe9HuyVBxKSSwsF1uXfz9XgRw0xL9cq6hWOoL/5E"},"_chains":{"BZYj+wxNfANCNK3fi6FjP8tzlME1bHv+tmgtEPkuSPIR":{"chainKey":{"counter":0,"key":"HwpR9mMUod9IXX218H+3EgZEDtEfFUv0qwcOQY8oqiU="},"chainType":1,"messageKeys":{}}},"pendingPreKey":{"signedKeyId":0,"baseKey":"BeGzURWrgqOMO3YY6ZazJuFWTMVSP7+60mgGaDO+Vw9C","preKeyId":8815660}}},"version":"v1"}