{"_sessions":{"BeZCfSMcP6PmZLg6i9l/P/eW/ayCq5yA7Hj5RtPIMpVd":{"registrationId":1968493389,"currentRatchet":{"ephemeralKeyPair":{"pubKey":"BRmB7wcSU2wEcqE9ZeTyykmHLlzdU8fMr0Z2QmoiVugE","privKey":"6AOJbzmHtSWDR08ggY9W1HrrAMBjfjWXx+HIgUVydWQ="},"lastRemoteEphemeralKey":"BX9Wv0Z2LXxVBq5OSObwzAbly30YdcVrMVjfle343d5o","previousCounter":0,"rootKey":"2tY50c1pZ1lk/BAg7UVDpaXkH98Afd9pwvIKd/UIT64="},"indexInfo":{"baseKey":"BeZCfSMcP6PmZLg6i9l/P/eW/ayCq5yA7Hj5RtPIMpVd","baseKeyType":1,"closed":-1,"used":1689261767867,"created":1689261767867,"remoteIdentityKey":"BQq2lbXQet8iqfJAddwpFiLyW5QyohpbpiXNjqZfI+E6"},"_chains":{"BRmB7wcSU2wEcqE9ZeTyykmHLlzdU8fMr0Z2QmoiVugE":{"chainKey":{"counter":0,"key":"5n6Lncexr0BkhDPVtQ1AyDaZyFsgd2BWU9R9weeVjiM="},"chainType":1,"messageKeys":{}}},"pendingPreKey":{"signedKeyId":1,"baseKey":"BeZCfSMcP6PmZLg6i9l/P/eW/ayCq5yA7Hj5RtPIMpVd","preKeyId":3924452}}},"version":"v1"}