{"_sessions":{"Bdlhc1zdKOLHcromQ0MAkC0ugVXWDedkV+jeikYJvroG":{"registrationId":300883801,"currentRatchet":{"ephemeralKeyPair":{"pubKey":"BXjOGy6o9jYFw6xJfP/Q9JKKO2R4SUMdYwqUPF75KcgN","privKey":"ONahKZD2I38PzuE5mwuUCtDiw8DBwI3NumBGwoLJflw="},"lastRemoteEphemeralKey":"BVy+odoTRaHrTccNF0N3Fw+ARRX0ry6/wf75UHkJ1rZ+","previousCounter":0,"rootKey":"5YA8tRbIvF9E7JJs2AuAWk7C1kA0vRACGLXOwBS1af8="},"indexInfo":{"baseKey":"Bdlhc1zdKOLHcromQ0MAkC0ugVXWDedkV+jeikYJvroG","baseKeyType":1,"closed":-1,"used":1689261925809,"created":1689261925809,"remoteIdentityKey":"BQudapH8qzC4GEqHGCWLIBYO0dcONq+2Q33V7360a9JU"},"_chains":{"BXjOGy6o9jYFw6xJfP/Q9JKKO2R4SUMdYwqUPF75KcgN":{"chainKey":{"counter":1,"key":"HcPgPisyUdoEpbMtgYXeqaDZujDpXFo8VN27AoDvix0="},"chainType":1,"messageKeys":{}}},"pendingPreKey":{"signedKeyId":0,"baseKey":"Bdlhc1zdKOLHcromQ0MAkC0ugVXWDedkV+jeikYJvroG"}}},"version":"v1"}