{"_sessions":{"BT8NGDR8p+7GDzCmmHx9R1LYvNFx9z8TayOs6F0ItFFp":{"registrationId":178,"currentRatchet":{"ephemeralKeyPair":{"pubKey":"BfB+cPF6weRF57kF5HpSAt6MvCoLrVhccO3aELAjkmgN","privKey":"ACylYZe0yBsWD8d0QVhPMX5fpS2ppXuP/W5WQBkEyFU="},"lastRemoteEphemeralKey":"Befiq5MWdgxQneeUR65xyUkx27Mvx8wdFLFndO1d7FRN","previousCounter":0,"rootKey":"/WEvg9GKTiyr+zFfmeVmadapPf1KApOGm7mDiACIM/I="},"indexInfo":{"baseKey":"BT8NGDR8p+7GDzCmmHx9R1LYvNFx9z8TayOs6F0ItFFp","baseKeyType":1,"closed":-1,"used":1689261766153,"created":1689261766153,"remoteIdentityKey":"BQQYbx6gaEKf9IncDO+sA+KiB8l5HZJoiKQUnA/UMMtG"},"_chains":{"BfB+cPF6weRF57kF5HpSAt6MvCoLrVhccO3aELAjkmgN":{"chainKey":{"counter":0,"key":"jnwGPWKMHBAQmre+ffZTZMNKEqZnwcJP+Q8EYpjHX9I="},"chainType":1,"messageKeys":{}}},"pendingPreKey":{"signedKeyId":1,"baseKey":"BT8NGDR8p+7GDzCmmHx9R1LYvNFx9z8TayOs6F0ItFFp"}}},"version":"v1"}