{"_sessions":{"BSMIQERoG58hxiBZUBf8Qsd2SzP8N967ptmYA/JzXcQz":{"registrationId":618629694,"currentRatchet":{"ephemeralKeyPair":{"pubKey":"BY/YYjC6iOL2p+pM61PiPmKTgP0WfapfuFRz3qaITwZZ","privKey":"+HAhrf5Njrjf4owA72bxiqEJUaw2yelsQ0xLcoAb/EA="},"lastRemoteEphemeralKey":"BXnamzzszpun095lsQFnoBqWmAZncpdKXWjWImon3kI/","previousCounter":0,"rootKey":"uZjgGnNLOCkMtbKxnjlz4DCgUy9HVERpuzuN7uWRvQA="},"indexInfo":{"baseKey":"BSMIQERoG58hxiBZUBf8Qsd2SzP8N967ptmYA/JzXcQz","baseKeyType":1,"closed":-1,"used":1689261767051,"created":1689261767051,"remoteIdentityKey":"BZ7GQYdDcGBvnmLYPTA3rjix74D2/5zIolFRQG6mvFQu"},"_chains":{"BY/YYjC6iOL2p+pM61PiPmKTgP0WfapfuFRz3qaITwZZ":{"chainKey":{"counter":0,"key":"l84g49IMH8f4Cp6n/Tm6GEW01HYEBQEnlzB1dc3ybf0="},"chainType":1,"messageKeys":{}}},"pendingPreKey":{"signedKeyId":1,"baseKey":"BSMIQERoG58hxiBZUBf8Qsd2SzP8N967ptmYA/JzXcQz","preKeyId":11863953}}},"version":"v1"}