{"_sessions":{"BVU/tot3b9jWDW2A/1BVZ/siO9srZ1o1FxId5z7MBMkP":{"registrationId":1342334643,"currentRatchet":{"ephemeralKeyPair":{"pubKey":"BZDWkfUAOrxpY2B5yZQhgfG3mejPJq++QlcQ0P52z7Ee","privKey":"mJgyETMVs17WDLbq03vD/lbGEUaNln9bEmVbChkh4XY="},"lastRemoteEphemeralKey":"BXYdlg4WTZ6EXWAX1HT0xcmzvSIj0LNJX/CCX7C9QQsg","previousCounter":2,"rootKey":"vE6tCeocJEUPmHbdIgjjulq08r22zxxiWUHszL4a7ps="},"indexInfo":{"baseKey":"BVU/tot3b9jWDW2A/1BVZ/siO9srZ1o1FxId5z7MBMkP","baseKeyType":2,"closed":-1,"used":1689261963921,"created":1689261693876,"remoteIdentityKey":"BQaum+ZJAx/oOvh5c0NckVdHkB3+OreuPh9CXnpTGrFZ"},"_chains":{"BVbnhh0P08WvSvhjM3PRGfRSp1ZY6u1TtlklPY2eVZlj":{"chainKey":{"counter":7},"chainType":2,"messageKeys":{}},"BaolUflyQN3Po0N00biIwrWG7Q+Vz55Wnpe4NKIgc5A8":{"chainKey":{"counter":0},"chainType":2,"messageKeys":{}},"BfZqTE1psjT4DHZyBQM3hSVCw/NtXlglr5bPZ1OKvJgi":{"chainKey":{"counter":0},"chainType":2,"messageKeys":{}},"BXYdlg4WTZ6EXWAX1HT0xcmzvSIj0LNJX/CCX7C9QQsg":{"chainKey":{"counter":1,"key":"YXWxlocweOHA9WlIuUJdIdVCkPQSisWJ9qCm1axRZvU="},"chainType":2,"messageKeys":{"0":"24HcvPdypRKIkRvcY/1AUOG4xw9Mup8ZJnLdYHFFLYg="}},"BZDWkfUAOrxpY2B5yZQhgfG3mejPJq++QlcQ0P52z7Ee":{"chainKey":{"counter":7,"key":"W/EpM7DODDP3DqNBY/+SJTJnvyJ2FTTEJTB95zNfQjU="},"chainType":1,"messageKeys":{}}}}},"version":"v1"}