{"_sessions":{"BULlOafY5ojgzFBYYM7JSWJ8sxTLZpi55Erv61h5EzQ2":{"registrationId":1789808317,"currentRatchet":{"ephemeralKeyPair":{"pubKey":"BeUSfsJIByvsuTP+tSRLJS8Vw818O35f1hDwgyrUmMR4","privKey":"IMBZDRUBjh55uc5QzznTmlqBTAtGm3xt20evzVDt8lU="},"lastRemoteEphemeralKey":"Bcxr5WLhzxfefqZI0nLxoDwINJ/wgElVQdlH0BOa9Vs5","previousCounter":0,"rootKey":"WIkd2b+JVJnQ5a+E/TnVzM3gDD/XOp7V0PNCyp5tJ7U="},"indexInfo":{"baseKey":"BULlOafY5ojgzFBYYM7JSWJ8sxTLZpi55Erv61h5EzQ2","baseKeyType":1,"closed":-1,"used":1689261768390,"created":1689261768390,"remoteIdentityKey":"BSTl0kPEYh+r0nwMXIfw+ngd6bRJsvojB+42wwkMvotb"},"_chains":{"BeUSfsJIByvsuTP+tSRLJS8Vw818O35f1hDwgyrUmMR4":{"chainKey":{"counter":0,"key":"VWKzabr7wlKyaHGECr+Z/OoZG7PO5iG0Hlf6fkJlia0="},"chainType":1,"messageKeys":{}}},"pendingPreKey":{"signedKeyId":6,"baseKey":"BULlOafY5ojgzFBYYM7JSWJ8sxTLZpi55Erv61h5EzQ2","preKeyId":3702991}}},"version":"v1"}