{"_sessions":{"BTlAU+sptHZtdGARfBDrzCYfE/9A0K/SBdJLgPHsOl90":{"registrationId":1902736241,"currentRatchet":{"ephemeralKeyPair":{"pubKey":"BVRLXR9H3bB7gWiJNv+RzTkuhsjFeEfE0klJMWwKOwcZ","privKey":"yF4ofvxihHLEHxgORlLovfe4fGRrMNPvcirXSKDmn1g="},"lastRemoteEphemeralKey":"BZCb7W0Mr9h6R4MzSP6Hkd5bh1ONudD7Rhz3/drdy7Iy","previousCounter":0,"rootKey":"N1JoQTpHMzUR0V2JBAtEDkC+1B3AMsqTwvoPCAmAGO0="},"indexInfo":{"baseKey":"BTlAU+sptHZtdGARfBDrzCYfE/9A0K/SBdJLgPHsOl90","baseKeyType":1,"closed":-1,"used":1689261767174,"created":1689261767174,"remoteIdentityKey":"BRkU8AVYqdiUm/muuDYqTmrrxGYx4TT7jYa75lI2vxdZ"},"_chains":{"BVRLXR9H3bB7gWiJNv+RzTkuhsjFeEfE0klJMWwKOwcZ":{"chainKey":{"counter":0,"key":"nxa2ATMzFuKngX4WGcugKdIQnrRsxYXDuaRihnDWPfo="},"chainType":1,"messageKeys":{}}},"pendingPreKey":{"signedKeyId":6,"baseKey":"BTlAU+sptHZtdGARfBDrzCYfE/9A0K/SBdJLgPHsOl90","preKeyId":986788}}},"version":"v1"}