{"_sessions":{"BSYQMT4R5EdYGuxUNokMi0v1innt95BjqAp/u3gIvQxB":{"registrationId":216,"currentRatchet":{"ephemeralKeyPair":{"pubKey":"BeDuzvi6peGmQOWZgg2xGMaqNM+n1x0kVi8En75AAo9e","privKey":"iFf+xPfSXEZjmZ1x4Bf//E3YkKCLgwOx77OteZCt0lM="},"lastRemoteEphemeralKey":"BWqvEpZDD1+U5o7mS8ucGzOQ996Cb1t+koJG6aJbsQAQ","previousCounter":0,"rootKey":"74h5Ha7BtbVThi25IAcRYHT4k7z6JdU3sh39sHxoPvM="},"indexInfo":{"baseKey":"BSYQMT4R5EdYGuxUNokMi0v1innt95BjqAp/u3gIvQxB","baseKeyType":1,"closed":-1,"used":1689261766265,"created":1689261766265,"remoteIdentityKey":"Bc/kVQI28Tej3Tckqm60Bykd+WHT5mOmmS+Msfu7N7I4"},"_chains":{"BeDuzvi6peGmQOWZgg2xGMaqNM+n1x0kVi8En75AAo9e":{"chainKey":{"counter":0,"key":"Ip769bgbU+420zZtbjGXhDiH9enL5Pq3DofMiYcOAMc="},"chainType":1,"messageKeys":{}}},"pendingPreKey":{"signedKeyId":1,"baseKey":"BSYQMT4R5EdYGuxUNokMi0v1innt95BjqAp/u3gIvQxB"}}},"version":"v1"}