{"_sessions":{"BfjMo+rf8C7OAt/Msh01ldp0OEy/HSjDvEUou4ajmKdW":{"registrationId":1429401794,"currentRatchet":{"ephemeralKeyPair":{"pubKey":"BRDFIeS9lRx5DOweR3RJzOJIFCQSgkMAdRBl6NLxoBBp","privKey":"0FCeliIYyBC+TOwPvNhV76KPVtjDteXgTx7NpQdGu0w="},"lastRemoteEphemeralKey":"BQBssUUzfAUCmEghc1NeorHce2WGgfT/YfXQHBMjVg1I","previousCounter":0,"rootKey":"LRDPNAjLQ53Hbt/C+Nc/y+PIoQEFAqGRTwADCSasfEw="},"indexInfo":{"baseKey":"BfjMo+rf8C7OAt/Msh01ldp0OEy/HSjDvEUou4ajmKdW","baseKeyType":1,"closed":-1,"used":1689261767475,"created":1689261767475,"remoteIdentityKey":"Bcm6CAoQ54TW+iK6OfJ1e/D9Ta6OJqf43clnvwUfbZtD"},"_chains":{"BRDFIeS9lRx5DOweR3RJzOJIFCQSgkMAdRBl6NLxoBBp":{"chainKey":{"counter":0,"key":"8/tkydDI8dxOPqvgFF80U+pkxT4TU1lOG+4MP929WbM="},"chainType":1,"messageKeys":{}}},"pendingPreKey":{"signedKeyId":0,"baseKey":"BfjMo+rf8C7OAt/Msh01ldp0OEy/HSjDvEUou4ajmKdW","preKeyId":10278174}}},"version":"v1"}