{"_sessions":{"BSY/lTwVec+Ln9sXkviIcYoFuQwryi+5Q+rSuirtiL8p":{"registrationId":58,"currentRatchet":{"ephemeralKeyPair":{"pubKey":"BWOZgnemEOseBSPYl/hMlgV0cAXfa0qVmwGg44oMZPFZ","privKey":"SAHoFVcgLez2en0/bqxAz37UTmJZvXnTIbSTjd/A6VI="},"lastRemoteEphemeralKey":"BeLG9ZujvhspEn9ThIVXqwhrcKxiHtygy9fmNxmqHXNg","previousCounter":0,"rootKey":"icmhTSbl5Sw9jOf35JP10cYTwyW7BGi3vd723aYqHV8="},"indexInfo":{"baseKey":"BSY/lTwVec+Ln9sXkviIcYoFuQwryi+5Q+rSuirtiL8p","baseKeyType":1,"closed":-1,"used":1689261766101,"created":1689261766101,"remoteIdentityKey":"BZddwrML6opO//xwgBBlivZTj6/t9PcDDqBDORpnkH1J"},"_chains":{"BWOZgnemEOseBSPYl/hMlgV0cAXfa0qVmwGg44oMZPFZ":{"chainKey":{"counter":0,"key":"SklzUJdivNV+J2L83pNIfo3kjbcurQO+h2Yt8/rRwSs="},"chainType":1,"messageKeys":{}}},"pendingPreKey":{"signedKeyId":1,"baseKey":"BSY/lTwVec+Ln9sXkviIcYoFuQwryi+5Q+rSuirtiL8p"}}},"version":"v1"}