{"_sessions":{"BcidE1Cvz6d7db+HN8HtV+/qOI8a813H2eT/zZjAzWg9":{"registrationId":108,"currentRatchet":{"ephemeralKeyPair":{"pubKey":"BZfDlOF3MMabvcuXqamvQx8m/YaNBlbD7iRpqNXXnucY","privKey":"eNtUxIj0iV/RPCLBssQN6B5fIelG/9ahYTBUjrK57mc="},"lastRemoteEphemeralKey":"BSWozlKEHFuOfnJ1sU3fQrNX9t1RfdAKOdKg0CA/jbd6","previousCounter":0,"rootKey":"i1RzXWVHALWihuCNhQPCT6OWi4cxIyDUooeJMJD221o="},"indexInfo":{"baseKey":"BcidE1Cvz6d7db+HN8HtV+/qOI8a813H2eT/zZjAzWg9","baseKeyType":1,"closed":-1,"used":1689261765863,"created":1689261765863,"remoteIdentityKey":"BUU1xskkbPTL3yDxe4gOJPWX19AaVjQn0WBoh4plWpx0"},"_chains":{"BZfDlOF3MMabvcuXqamvQx8m/YaNBlbD7iRpqNXXnucY":{"chainKey":{"counter":0,"key":"VJyUgcOwGRa68o64oD1Nk2EzUop10zpvuh13rWbCQVA="},"chainType":1,"messageKeys":{}}},"pendingPreKey":{"signedKeyId":1,"baseKey":"BcidE1Cvz6d7db+HN8HtV+/qOI8a813H2eT/zZjAzWg9"}}},"version":"v1"}