{"_sessions":{"BcfGrpzQyhW+6t/Cd4Hnn5nghoFc2b8Xxm3DDcM5sLEa":{"registrationId":1558444184,"currentRatchet":{"ephemeralKeyPair":{"pubKey":"BfhjtR0irReTTPBMd8qLpbFmJojbncndNe5mQgwv94gg","privKey":"oPyB5rWcOSAzTVTynRFflIwiABwTwOu6jRLHYxtWA0w="},"lastRemoteEphemeralKey":"BesFfdnmNW5NsULGAAYDws4maycnPCO8TUXvtbqFp8BH","previousCounter":0,"rootKey":"byg7DmKUwqDPASAw+MmlxHJkwV3jVJwKAuTayl55Y3c="},"indexInfo":{"baseKey":"BcfGrpzQyhW+6t/Cd4Hnn5nghoFc2b8Xxm3DDcM5sLEa","baseKeyType":1,"closed":-1,"used":1689261767276,"created":1689261767276,"remoteIdentityKey":"BYAOn2zDppYLNtkXwXSE7ATPusEtjLfT23I8QONLD7YJ"},"_chains":{"BfhjtR0irReTTPBMd8qLpbFmJojbncndNe5mQgwv94gg":{"chainKey":{"counter":0,"key":"LL8CxWcGzZpD7hudJSdBaP3YAnyeOWp9qCl9PRRBCSU="},"chainType":1,"messageKeys":{}}},"pendingPreKey":{"signedKeyId":4,"baseKey":"BcfGrpzQyhW+6t/Cd4Hnn5nghoFc2b8Xxm3DDcM5sLEa","preKeyId":12335226}}},"version":"v1"}