{"_sessions":{"BQGQp267W73mExCx6t/ePjdmAQW8olBwArwvdq5Nwmk/":{"registrationId":1476931479,"currentRatchet":{"ephemeralKeyPair":{"pubKey":"BTCiXE/f+kRljmPt3AQR28bCwUMgv9Zah/TQ2CWJNaUh","privKey":"GCK+N3zzrNdPc48ckRFMzafpTF0HCmdNBSJrEt9prU8="},"lastRemoteEphemeralKey":"BQH481eoXrkdIehLPOM9iT12jGet7m5UXPqgcaZX7h5f","previousCounter":0,"rootKey":"lF2pJydKatXol/Pp2/KC1NYLUEoqE3J56VJacpIbOLs="},"indexInfo":{"baseKey":"BQGQp267W73mExCx6t/ePjdmAQW8olBwArwvdq5Nwmk/","baseKeyType":1,"closed":-1,"used":1689261767357,"created":1689261767357,"remoteIdentityKey":"BUar+EwT8aH3jFYg4Q03eKee3gDeWnJAzSstaB5AylBs"},"_chains":{"BTCiXE/f+kRljmPt3AQR28bCwUMgv9Zah/TQ2CWJNaUh":{"chainKey":{"counter":0,"key":"AjLoxNALEoMdAW1Srz4XkPonQWksp5qOQhAhh6NJrtI="},"chainType":1,"messageKeys":{}}},"pendingPreKey":{"signedKeyId":2,"baseKey":"BQGQp267W73mExCx6t/ePjdmAQW8olBwArwvdq5Nwmk/","preKeyId":25658}}},"version":"v1"}