{"_sessions":{"BWzjpZUzOWe56eEavFalhCl5rTdte1e8Cc85gNlmPcMZ":{"registrationId":1375295002,"currentRatchet":{"ephemeralKeyPair":{"pubKey":"BXdI8AH/+Edmhq46Wvdh1sz8DRJDAlBMvjISEBrfjFkJ","privKey":"CMmKnC4XHINqvJUjtUEDgBAHDAu+PwPI09AptgviNlQ="},"lastRemoteEphemeralKey":"BZkUqP30+6Derwi/gUof8bIALRjtclLw2DXJSWyg8n17","previousCounter":0,"rootKey":"AITIxOY7IVo1WNpDMzgV8c3XOvwKXfz4qLQQ1A0CwVM="},"indexInfo":{"baseKey":"BWzjpZUzOWe56eEavFalhCl5rTdte1e8Cc85gNlmPcMZ","baseKeyType":1,"closed":-1,"used":1689261766990,"created":1689261766990,"remoteIdentityKey":"BeLLYqs1eZk+XvbbF+VBM8QJxbkV8/3LNsuDHBIxVpEt"},"_chains":{"BXdI8AH/+Edmhq46Wvdh1sz8DRJDAlBMvjISEBrfjFkJ":{"chainKey":{"counter":0,"key":"X3b8GOnMonuElY+9ueLA3MNK+0Bpqx/S6POz4aVsEnw="},"chainType":1,"messageKeys":{}}},"pendingPreKey":{"signedKeyId":0,"baseKey":"BWzjpZUzOWe56eEavFalhCl5rTdte1e8Cc85gNlmPcMZ"}}},"version":"v1"}