{"_sessions":{"BZh0iP8znRpsO34P5zbrj5wZvUuGavmVNlaijgK6DEN5":{"registrationId":1215990874,"currentRatchet":{"ephemeralKeyPair":{"pubKey":"BVLd1bzrbCtBNLVjCB99UKivCNk7LmByhVooL5s/8IBR","privKey":"mFqgpIJfoat/m96opcptFh3pPn29QFBWyf5l6LRoZ2Y="},"lastRemoteEphemeralKey":"BQf2Tzcbe7aETG+qXcuafpskMRx10ZbTmpcAvh3lQp1Y","previousCounter":0,"rootKey":"KKaVdAx8LYS5OcWX4ZN98c2WWQR3Tat9ltpDqs0Hwt8="},"indexInfo":{"baseKey":"BZh0iP8znRpsO34P5zbrj5wZvUuGavmVNlaijgK6DEN5","baseKeyType":1,"closed":-1,"used":1689261767683,"created":1689261767683,"remoteIdentityKey":"BU4iZlneEoKBR6ZHQtOX2MB+S2J83MYVjNgetaJZo7sD"},"_chains":{"BVLd1bzrbCtBNLVjCB99UKivCNk7LmByhVooL5s/8IBR":{"chainKey":{"counter":0,"key":"+Lv2BXg5GjSy12zInBjcHzFlB0+JVbehiGXfbyqzcT0="},"chainType":1,"messageKeys":{}}},"pendingPreKey":{"signedKeyId":1,"baseKey":"BZh0iP8znRpsO34P5zbrj5wZvUuGavmVNlaijgK6DEN5","preKeyId":4450185}}},"version":"v1"}