{"_sessions":{"BUi2CQp5H0wdxNOfHVIOjzZOfKTvfHMyXayU9DP1uP8r":{"registrationId":342098463,"currentRatchet":{"ephemeralKeyPair":{"pubKey":"BQS6UExJ+7Uu+Q6k61tsCpYwlb9hsRTQi6pmXv/0zX5T","privKey":"yMOB4/fI1nDfH9oo63asNBOBZi9aogTMcIhGYCHkt0Q="},"lastRemoteEphemeralKey":"BfVLbrJmyjuS8I/WwF+zpNttpwcX1ugRApXcYiykQ71I","previousCounter":0,"rootKey":"81/63hTAzvdHNLlrnk0YBkMi2MLLTYZqohZyU+17pEo="},"indexInfo":{"baseKey":"BUi2CQp5H0wdxNOfHVIOjzZOfKTvfHMyXayU9DP1uP8r","baseKeyType":1,"closed":-1,"used":1689261768881,"created":1689261768881,"remoteIdentityKey":"BfowAcmBLBSw32pLtKsPvW7xHFlj7+aAHsQPWb/c4bEY"},"_chains":{"BQS6UExJ+7Uu+Q6k61tsCpYwlb9hsRTQi6pmXv/0zX5T":{"chainKey":{"counter":0,"key":"+MzoutTi2emsRPQgxBHltb8KJnOs6mhGP0CFuQcAXNg="},"chainType":1,"messageKeys":{}}},"pendingPreKey":{"signedKeyId":0,"baseKey":"BUi2CQp5H0wdxNOfHVIOjzZOfKTvfHMyXayU9DP1uP8r"}}},"version":"v1"}