{"_sessions":{"BfFPBi7rz6SOavsaBYLDWJsthUX9Vby9JqXalpvNtZJ3":{"registrationId":2085432208,"currentRatchet":{"ephemeralKeyPair":{"pubKey":"BftWV3n8KEYKfKoj/WZgIdLuL/HPbl4BmioXGzSWSyVs","privKey":"4KmdQzimIFTmKamN0FkZuvknMEIwhEv9NoZ7tho74W0="},"lastRemoteEphemeralKey":"BbQWO2QWXPljGrBiqLV3hctNb1/u30h/7IG1Ze5fDnta","previousCounter":0,"rootKey":"jp3MmocK46VZa2pYm26Q15XEawEJlTKaDY+gDXCPemM="},"indexInfo":{"baseKey":"BfFPBi7rz6SOavsaBYLDWJsthUX9Vby9JqXalpvNtZJ3","baseKeyType":1,"closed":-1,"used":1689261766963,"created":1689261766963,"remoteIdentityKey":"BeO41K+Hr4oHPDDhi6+lnpAgV6Lp53eQS9lcHENzfHdd"},"_chains":{"BftWV3n8KEYKfKoj/WZgIdLuL/HPbl4BmioXGzSWSyVs":{"chainKey":{"counter":0,"key":"OTGCw/R9SVqqP3MOTWhdTAoQUvkQmboj3VF+JFpmscA="},"chainType":1,"messageKeys":{}}},"pendingPreKey":{"signedKeyId":2,"baseKey":"BfFPBi7rz6SOavsaBYLDWJsthUX9Vby9JqXalpvNtZJ3","preKeyId":5470559}}},"version":"v1"}