{"_sessions":{"Bc5ydUzVYzxWArCrvdTgmb2JtWsiJRpGnHqQumwzY+Zq":{"registrationId":765121069,"currentRatchet":{"ephemeralKeyPair":{"pubKey":"BY1sSBZlt+HtsYipTKMkeHhcxw61A3VuCb5segXvzxZ3","privKey":"WJDsE3/0QNcPwqOhOfhN/ElR6TX55hmwZuG3gXn7r1M="},"lastRemoteEphemeralKey":"BSg6xSzJUsS4Bnw1Ei1J/HNvd1wWHVM3ESti8C4UX9NP","previousCounter":0,"rootKey":"rGBt7LYNMqRQy1lHRh/MXkRik1N6PBFlV3uExnr9liM="},"indexInfo":{"baseKey":"Bc5ydUzVYzxWArCrvdTgmb2JtWsiJRpGnHqQumwzY+Zq","baseKeyType":1,"closed":-1,"used":1689261768590,"created":1689261768590,"remoteIdentityKey":"Baaa3ZUZRzKG8gD4GvJ+x9PbyvVdZgtC3lbPbGiNRWdN"},"_chains":{"BY1sSBZlt+HtsYipTKMkeHhcxw61A3VuCb5segXvzxZ3":{"chainKey":{"counter":0,"key":"/5p8X6SpLfbYPj9seoKv3Ohh7lfO39VZy0OmoEQAxJo="},"chainType":1,"messageKeys":{}}},"pendingPreKey":{"signedKeyId":1,"baseKey":"Bc5ydUzVYzxWArCrvdTgmb2JtWsiJRpGnHqQumwzY+Zq","preKeyId":2671746}}},"version":"v1"}