{"_sessions":{"BfwxocMKqpgoSd5EBn0Frlhb7FqkK8t8NcHtUWogn59J":{"registrationId":1511060335,"currentRatchet":{"ephemeralKeyPair":{"pubKey":"BWRVYBn30atQ7+o7lO4zkmaW3c7/Suvir/2T73i/NaF1","privKey":"uLWQQA6B7qVmAKlumrUe7oljYMa0WT6w5/Cz2FQ2inc="},"lastRemoteEphemeralKey":"BTVLa5/Yg4D2R4cAzP1ojQ8+1/r+CpbIJTAXczDUpfwD","previousCounter":0,"rootKey":"zwmnN6mD85m6EVdA2eAdgOiYSozwpXpfZjViEvy7wSE="},"indexInfo":{"baseKey":"BfwxocMKqpgoSd5EBn0Frlhb7FqkK8t8NcHtUWogn59J","baseKeyType":1,"closed":-1,"used":1689261767197,"created":1689261767197,"remoteIdentityKey":"BeoInnCf2cSrVFlYQO2sDHxxcn9uDFz9Zh9rTFxCpmwN"},"_chains":{"BWRVYBn30atQ7+o7lO4zkmaW3c7/Suvir/2T73i/NaF1":{"chainKey":{"counter":0,"key":"ja12+cNSfd13NWdK70DMlHzfWrSzEmbkAWrBvmUbTrc="},"chainType":1,"messageKeys":{}}},"pendingPreKey":{"signedKeyId":0,"baseKey":"BfwxocMKqpgoSd5EBn0Frlhb7FqkK8t8NcHtUWogn59J"}}},"version":"v1"}