{"_sessions":{"BQzdvPi2Rj/dJft/LsxKgccQUZo7hWmf6VcWaR972OlN":{"registrationId":49,"currentRatchet":{"ephemeralKeyPair":{"pubKey":"BWN+/F1HrOEML1DzCpMSPu8Klgb+3NiDDTJHWsNZPXIy","privKey":"eMRBTkmUnMKnn+u9gwOWabl+RsW7ZmldV6EBBTdwX1E="},"lastRemoteEphemeralKey":"BUdzdp6DSblmQ+S8t88XDkHTwoUD6/Yag37Lv9qVkWFD","previousCounter":0,"rootKey":"qKlms+br/YNFKNQ6V0IuIGpVIIrOXxSkLzjxlzsIYns="},"indexInfo":{"baseKey":"BQzdvPi2Rj/dJft/LsxKgccQUZo7hWmf6VcWaR972OlN","baseKeyType":1,"closed":-1,"used":1689261925174,"created":1689261925174,"remoteIdentityKey":"BePz+WtiG5ShOSyCHErTZHCbcy1IfvmOIwCLphYedBQl"},"_chains":{"BWN+/F1HrOEML1DzCpMSPu8Klgb+3NiDDTJHWsNZPXIy":{"chainKey":{"counter":1,"key":"e0ZOqC3q8kCCwTlYvm/5wJ+yGFRzoZX/IYnAJqe8cnU="},"chainType":1,"messageKeys":{}}},"pendingPreKey":{"signedKeyId":1,"baseKey":"BQzdvPi2Rj/dJft/LsxKgccQUZo7hWmf6VcWaR972OlN"}}},"version":"v1"}