{"_sessions":{"BZrex9TcfA0i9HWKcLspwYw+P/Mj9b5BulGliXlIDhl8":{"registrationId":1405787947,"currentRatchet":{"ephemeralKeyPair":{"pubKey":"BcBtDmwNuiQQpQWS8QL1ZOsStCmxo4B9/snXK2Tup1Qe","privKey":"iNY9Y4BASDgFEAdFVejaVfoUpxluDSjwm8+artscsU8="},"lastRemoteEphemeralKey":"BVLqHiyZk9gGEaed6NTpmPTwGYnYnZY+kOKSm1vAd2VR","previousCounter":0,"rootKey":"2qiBzg/168CWlX8A+Pe8oDbAPayn1OobtUZRCiAzRhs="},"indexInfo":{"baseKey":"BZrex9TcfA0i9HWKcLspwYw+P/Mj9b5BulGliXlIDhl8","baseKeyType":1,"closed":-1,"used":1689261765704,"created":1689261765704,"remoteIdentityKey":"BQHZ4OZRo2GRnrSFb4wCpu8cxOPL7nJVrIbtKyj8P6w3"},"_chains":{"BcBtDmwNuiQQpQWS8QL1ZOsStCmxo4B9/snXK2Tup1Qe":{"chainKey":{"counter":0,"key":"AoT9+/U3kIn/6yJ9UZrWfM68VhYT3tHcBX4sbvZSGxU="},"chainType":1,"messageKeys":{}}},"pendingPreKey":{"signedKeyId":1,"baseKey":"BZrex9TcfA0i9HWKcLspwYw+P/Mj9b5BulGliXlIDhl8"}}},"version":"v1"}