{"_sessions":{"Be3XAfiHdGHgFjUZMJrch5DJqC2ol1g/5Q64HgxGGVwB":{"registrationId":1557812225,"currentRatchet":{"ephemeralKeyPair":{"pubKey":"BRg7kJnPR/dAbLOge6kV+RO593vL+/Kne3EnCvIWQYFI","privKey":"UNWJeu08bJGfVILffV5478Bf58LlCmrARnju4OPc2Fk="},"lastRemoteEphemeralKey":"BWpcboGEMAxLa0Ir2SxFiKNGjcrqsqQyJDTPQ3TIeEgK","previousCounter":0,"rootKey":"pwrEC7SzqQFBe2e6m/UsTHgvowA4AlHvGhqnkTFFW+M="},"indexInfo":{"baseKey":"Be3XAfiHdGHgFjUZMJrch5DJqC2ol1g/5Q64HgxGGVwB","baseKeyType":1,"closed":-1,"used":1689261767863,"created":1689261767863,"remoteIdentityKey":"BYrWFoT2ZWyGMwcwhRQlIuoamm1yeuPGgaI2kzLz82MA"},"_chains":{"BRg7kJnPR/dAbLOge6kV+RO593vL+/Kne3EnCvIWQYFI":{"chainKey":{"counter":0,"key":"bYQn1Of6VT9bSLkASAS47UqrMW7SYplih3Pb/ELxDEQ="},"chainType":1,"messageKeys":{}}},"pendingPreKey":{"signedKeyId":0,"baseKey":"Be3XAfiHdGHgFjUZMJrch5DJqC2ol1g/5Q64HgxGGVwB","preKeyId":3669710}}},"version":"v1"}