{"_sessions":{"Bbum/O9rDG92OpUBpYXChcB5PzPRPI79ML2hiK8KvvZ6":{"registrationId":244,"currentRatchet":{"ephemeralKeyPair":{"pubKey":"BfHq/7903GoLrn7WV1l5pmWEmoZw2fUOQRnQ+ZNXcwYp","privKey":"2AqEbu8DEXBftWRnTNWYPJWd8dTWgs6j72GMvSfjo1c="},"lastRemoteEphemeralKey":"BQS06NruTQdun72zkifD4jlnqNE+qaSFkZ8wCMzZ17hE","previousCounter":0,"rootKey":"yalxn+/TWwaFwirgFsi5PMOK5kFniA4SCQGTHZd0/9o="},"indexInfo":{"baseKey":"Bbum/O9rDG92OpUBpYXChcB5PzPRPI79ML2hiK8KvvZ6","baseKeyType":1,"closed":-1,"used":1689261766283,"created":1689261766283,"remoteIdentityKey":"BdtrnjfEiflsFXIt56FAgnD0XJmvZJVnQEFE0x6Ha/MH"},"_chains":{"BfHq/7903GoLrn7WV1l5pmWEmoZw2fUOQRnQ+ZNXcwYp":{"chainKey":{"counter":0,"key":"Uyd26qyW6N88XWQI6oF6SAebuuybi/UOvA4w25i0jHg="},"chainType":1,"messageKeys":{}}},"pendingPreKey":{"signedKeyId":1,"baseKey":"Bbum/O9rDG92OpUBpYXChcB5PzPRPI79ML2hiK8KvvZ6"}}},"version":"v1"}