{"_sessions":{"BQm9MSP/iAdk1uXQJCPyz6gIJ42442h5Vi/0jG39optc":{"registrationId":57,"currentRatchet":{"ephemeralKeyPair":{"pubKey":"Ba2ySetoMZ1cZDNr9jgkhFOoFw3amiEOFrlHKOx2Qe4l","privKey":"SEJCIQ/0sAeEPtIJOn2b6/hdvmVqADbjIuJZszyiQ38="},"lastRemoteEphemeralKey":"BWGHvjTMAjnbGE4GLhaeCzL7EWJJvPKV96NRfvcb/esd","previousCounter":0,"rootKey":"HibWkdcLSutI/9oBWoE9jp70/w/A9VWvWS43XLfcWu0="},"indexInfo":{"baseKey":"BQm9MSP/iAdk1uXQJCPyz6gIJ42442h5Vi/0jG39optc","baseKeyType":2,"closed":-1,"used":1689261700604,"created":1689261700604,"remoteIdentityKey":"Bb2zDgmlTdsTUv5PNz7HvirF70siRp5v8NXDWvySvZs6"},"_chains":{"BWGHvjTMAjnbGE4GLhaeCzL7EWJJvPKV96NRfvcb/esd":{"chainKey":{"counter":0,"key":"rt0hDCTUhQ1PId03zen5se14jJcE7HwszjGm6N1OfPw="},"chainType":2,"messageKeys":{}},"Ba2ySetoMZ1cZDNr9jgkhFOoFw3amiEOFrlHKOx2Qe4l":{"chainKey":{"counter":1,"key":"l2UdRlHQFmlHE4pgNUUnwZJ3KEHT/2/xLHxnw7bA600="},"chainType":1,"messageKeys":{}}}}},"version":"v1"}