{"_sessions":{"Bcrv/KOqc9cPpKNe4sWmanF7vW+R0zo3PQkLByzaQvpv":{"registrationId":131777120,"currentRatchet":{"ephemeralKeyPair":{"pubKey":"BVau8l55S4s2bNhTMyAQGuxaSfXaY9EE3nN8vmirQElP","privKey":"OFBOOPlo/jSAGTnKZogXYawicnvQR6Usz7Slham8bkQ="},"lastRemoteEphemeralKey":"BZpAv5CLrn0it0reQ1Vt27ZZShB1De3CPkvF/yShkvVP","previousCounter":0,"rootKey":"tdL6jIZNPfIqK2bCNwQWkFWxp/ItQ9cTIiRXNBCdCRI="},"indexInfo":{"baseKey":"Bcrv/KOqc9cPpKNe4sWmanF7vW+R0zo3PQkLByzaQvpv","baseKeyType":1,"closed":-1,"used":1689261768195,"created":1689261768195,"remoteIdentityKey":"BXZY+0yRBfNQBZ6jzxvrcguV1Dszzcs/UldKaSSVrr80"},"_chains":{"BVau8l55S4s2bNhTMyAQGuxaSfXaY9EE3nN8vmirQElP":{"chainKey":{"counter":0,"key":"cLo6i2/6lsrOV6hq9b4uE9wgIi9Jyf4gQgPfIUNpBVY="},"chainType":1,"messageKeys":{}}},"pendingPreKey":{"signedKeyId":3,"baseKey":"Bcrv/KOqc9cPpKNe4sWmanF7vW+R0zo3PQkLByzaQvpv","preKeyId":2101201}}},"version":"v1"}