{"_sessions":{"BeO8WHkfk4uxLtEPEIeTx8VfOQMPMhVumL8w0HQAJTA7":{"registrationId":1416330992,"currentRatchet":{"ephemeralKeyPair":{"pubKey":"BZNuykueVogLWp4xEInxK1kSRkxbjXGaiHRnGF/hcIVo","privKey":"YBLoXJmBeCnMKY3syD2d2jinp3ygMPwE89xqGOzJEUo="},"lastRemoteEphemeralKey":"BdyTxzUUaeV33tLzrVk37kEWh0gaZmsEVe6gm0kihPgg","previousCounter":0,"rootKey":"XljpCFFZ/7jbSxfyEG48y8AOq5x3IWoqFBIZFuV8B8M="},"indexInfo":{"baseKey":"BeO8WHkfk4uxLtEPEIeTx8VfOQMPMhVumL8w0HQAJTA7","baseKeyType":1,"closed":-1,"used":1689261926195,"created":1689261926195,"remoteIdentityKey":"BVtvKjPhlJNOUqz7AgsFFdJweC4XsbxuLNIKc6fOHap+"},"_chains":{"BZNuykueVogLWp4xEInxK1kSRkxbjXGaiHRnGF/hcIVo":{"chainKey":{"counter":1,"key":"5FZuFDpDzixFMh0TQyC8BVj0+w3xYJEfnm+d1Sx5HEs="},"chainType":1,"messageKeys":{}}},"pendingPreKey":{"signedKeyId":0,"baseKey":"BeO8WHkfk4uxLtEPEIeTx8VfOQMPMhVumL8w0HQAJTA7","preKeyId":7850562}}},"version":"v1"}