{"_sessions":{"BaOmf+76mLgnm+2cUU/ETKYorKJT0vk4zp4qLsYvAdNt":{"registrationId":45004601,"currentRatchet":{"ephemeralKeyPair":{"pubKey":"BRL67ZRGgxblVGlgX/SD2rBCrUAzm8XHDJL+3KLC1jFk","privKey":"SAoQjFeuzTXpy2Bnv95UmCWmNhqu6WBcKwCTBiFcdGc="},"lastRemoteEphemeralKey":"BRwbMtHDxhfugjGEW0KiPmQAEP8v5WfCUp5xwSTzGj8j","previousCounter":0,"rootKey":"cNqRGYfJGOt5rwXg91uFekNMiprJSJ+uX3zhVN6Rzpk="},"indexInfo":{"baseKey":"BaOmf+76mLgnm+2cUU/ETKYorKJT0vk4zp4qLsYvAdNt","baseKeyType":1,"closed":-1,"used":1689261925518,"created":1689261925518,"remoteIdentityKey":"BSKxKfm8wfKR/4TpIfLh5P4fg/PTSGvcTg++3wJJdeA1"},"_chains":{"BRL67ZRGgxblVGlgX/SD2rBCrUAzm8XHDJL+3KLC1jFk":{"chainKey":{"counter":1,"key":"ez9OP1q6ckx6CPIwJuE/FNLxvsUgg7zrXS1OQb3pjjo="},"chainType":1,"messageKeys":{}}},"pendingPreKey":{"signedKeyId":8,"baseKey":"BaOmf+76mLgnm+2cUU/ETKYorKJT0vk4zp4qLsYvAdNt","preKeyId":3723661}}},"version":"v1"}