{"_sessions":{"BfOSB1OCJF4c/Z+8ZsUUJM6YiTxENgDzLWLIB9DkGwte":{"registrationId":334324068,"currentRatchet":{"ephemeralKeyPair":{"pubKey":"BVI54IuDnChFxFWFuWNDYZdN0mzlo927X8tFOhIu9Qcv","privKey":"YFIqKpev3y9m0MXIDT+8EIWuW1NCuu8kw+lTTLAtRX0="},"lastRemoteEphemeralKey":"BRUFe2LkgRg6Q+WKFl6gVNLcXkOlsNoS7aFnInHbCmxW","previousCounter":0,"rootKey":"pZqVjyxGfoOKJ6XcWlDnR9/c1d02RHaby3TCTKI3NX8="},"indexInfo":{"baseKey":"BfOSB1OCJF4c/Z+8ZsUUJM6YiTxENgDzLWLIB9DkGwte","baseKeyType":1,"closed":-1,"used":1689261768060,"created":1689261768060,"remoteIdentityKey":"BfPgu658vgFTRQPo0LOSxzVhNDtEiZrtYTiEpvksQ6sj"},"_chains":{"BVI54IuDnChFxFWFuWNDYZdN0mzlo927X8tFOhIu9Qcv":{"chainKey":{"counter":0,"key":"pKO/NmrZL8ZlkMyirjwgZdH7/ykNGAbhGoN6azBcw9s="},"chainType":1,"messageKeys":{}}},"pendingPreKey":{"signedKeyId":0,"baseKey":"BfOSB1OCJF4c/Z+8ZsUUJM6YiTxENgDzLWLIB9DkGwte"}}},"version":"v1"}