{"_sessions":{"BXhOCEQohoWWe2oBmOWhWHPk2sSu3MrSe45vSO6FV60t":{"registrationId":1178890533,"currentRatchet":{"ephemeralKeyPair":{"pubKey":"BX/3332Ay/NpboNsGn5Y5o74OJZVi7y7WzBXvrh6lj8+","privKey":"mPU5lOEeVJOyKXT34Hn+dmC61RohykbV2c+NSRnyt2Q="},"lastRemoteEphemeralKey":"Bdlqi4q81vCVmx2i2LdAr0SWFMCttThkAmBKUFDy0hJQ","previousCounter":0,"rootKey":"YTay/Ef4vyw/Uk17CCjiKAPmnxFbeuO0IIgh2ky4WnA="},"indexInfo":{"baseKey":"BXhOCEQohoWWe2oBmOWhWHPk2sSu3MrSe45vSO6FV60t","baseKeyType":1,"closed":-1,"used":1689261768191,"created":1689261768191,"remoteIdentityKey":"BYlE7c2ErPAHc/TGMCnA9O0PfMQQZLkCtU9u293hAoAY"},"_chains":{"BX/3332Ay/NpboNsGn5Y5o74OJZVi7y7WzBXvrh6lj8+":{"chainKey":{"counter":0,"key":"arnxLEQ7XwlEWyNHCnRowjbthiZIQ02TJMyoqEk/8ZA="},"chainType":1,"messageKeys":{}}},"pendingPreKey":{"signedKeyId":0,"baseKey":"BXhOCEQohoWWe2oBmOWhWHPk2sSu3MrSe45vSO6FV60t"}}},"version":"v1"}