{"_sessions":{"BXhEv6Z3lCRrz4DWURzXlCCzmlGIJ+QT4oXVCpjTdSJ+":{"registrationId":215,"currentRatchet":{"ephemeralKeyPair":{"pubKey":"BQwm67hIfc/2ojN02jjadPKxhaQe/kUp6X1aQL/muuwD","privKey":"KL1VraR1tkEVOYOec4Vg8yVwafsa1OL8A3NooaQVo10="},"lastRemoteEphemeralKey":"BajOjT50D0JZ8QTfgj4WPZfyq/VCCYr00xLnunVweJkL","previousCounter":0,"rootKey":"O2sVuwpTxkoDWirEyjTq+i8VJIHd/BoWe6cVA4DJBTo="},"indexInfo":{"baseKey":"BXhEv6Z3lCRrz4DWURzXlCCzmlGIJ+QT4oXVCpjTdSJ+","baseKeyType":1,"closed":-1,"used":1689261925399,"created":1689261925399,"remoteIdentityKey":"BXx5cSgWuYX3T7pQBzYeG97seg85nCfSwP5y8gLMV+Ui"},"_chains":{"BQwm67hIfc/2ojN02jjadPKxhaQe/kUp6X1aQL/muuwD":{"chainKey":{"counter":1,"key":"DZHvT6XCtWDSFrSCkfdr6lwN/xAZsMoLzHqyw1DqtTQ="},"chainType":1,"messageKeys":{}}},"pendingPreKey":{"signedKeyId":1,"baseKey":"BXhEv6Z3lCRrz4DWURzXlCCzmlGIJ+QT4oXVCpjTdSJ+"}}},"version":"v1"}