{"_sessions":{"BWnzrg5Q0nheVIz+qKeS/i2qTij3Z3MSmL3WL6C76QEo":{"registrationId":1661802785,"currentRatchet":{"ephemeralKeyPair":{"pubKey":"BbEhusiabAdQFUAtAtuzpBn8Rs8RFoqul08PRX8pI+5P","privKey":"qEZMQGIt/7OjibjAT6J99t4dWySZWMxeSChGPag+tEk="},"lastRemoteEphemeralKey":"BZDQJRUbqFzg5+9SZLPbrrpqXSoHwfcG0e/b0iC+ni5v","previousCounter":0,"rootKey":"XXoof5gry4C93oz13yFDsUd5Tc+SEC8pJPMkp8Modxo="},"indexInfo":{"baseKey":"BWnzrg5Q0nheVIz+qKeS/i2qTij3Z3MSmL3WL6C76QEo","baseKeyType":1,"closed":-1,"used":1689261766776,"created":1689261766776,"remoteIdentityKey":"BV41sU6Rv6bGqBC3UPnXROh4eiXbO8yDIrXebVmD8w4S"},"_chains":{"BbEhusiabAdQFUAtAtuzpBn8Rs8RFoqul08PRX8pI+5P":{"chainKey":{"counter":0,"key":"7g8cdKKoQB25usopP+VzRuZGUwYykkThO2ExrirPvJs="},"chainType":1,"messageKeys":{}}},"pendingPreKey":{"signedKeyId":0,"baseKey":"BWnzrg5Q0nheVIz+qKeS/i2qTij3Z3MSmL3WL6C76QEo","preKeyId":10397705}}},"version":"v1"}