{"_sessions":{"BSMuxJ4W0XeFrnIGuZ+BnN89ecElQ9cgrNf0pYfPOpwy":{"registrationId":72215389,"currentRatchet":{"ephemeralKeyPair":{"pubKey":"BXWUM8dHyiWbwXYBK4KClm5U08DOQncpKynE51DSxcoJ","privKey":"0NS9HHIDrTJzCkPZIh54iQEoIc81Ex2S8qkwZOTc/EQ="},"lastRemoteEphemeralKey":"BbuFpeHIBQJIt7Sm/U9IVaLmOvf0KDCdg3m0WiqMUOp1","previousCounter":0,"rootKey":"ThdDkvwIOIBQWq8MzXs/UN1mc6vYWrhfdAh4spUa+bE="},"indexInfo":{"baseKey":"BSMuxJ4W0XeFrnIGuZ+BnN89ecElQ9cgrNf0pYfPOpwy","baseKeyType":1,"closed":-1,"used":1689261767991,"created":1689261767991,"remoteIdentityKey":"BYmIOpy1MJ/7+TzJp3BaaYNcaf5B4osQkZ11WaQyoFdL"},"_chains":{"BXWUM8dHyiWbwXYBK4KClm5U08DOQncpKynE51DSxcoJ":{"chainKey":{"counter":0,"key":"YtPh02wSNpYIbhhj+hsRm2eCLJ8G9ss0EGhXWW+DOS8="},"chainType":1,"messageKeys":{}}},"pendingPreKey":{"signedKeyId":1,"baseKey":"BSMuxJ4W0XeFrnIGuZ+BnN89ecElQ9cgrNf0pYfPOpwy","preKeyId":7186253}}},"version":"v1"}