{"_sessions":{"Bbc3tsFzs6SN/oNCCZYqNuQ4YQD8YcPkskob04z2gOwV":{"registrationId":227,"currentRatchet":{"ephemeralKeyPair":{"pubKey":"BdoqymnmEw/F4RzzbEhe3U8p0R9+zrV5aeULL4Mr9r8N","privKey":"II4ZiDNkH4Tdj9kEu3MSerm9xqeeSKQrrsXqliBMoH0="},"lastRemoteEphemeralKey":"BZO0GSVmur8Wd6Op0V1QidJ7YAC7IO9FF+EntS+LHIA8","previousCounter":0,"rootKey":"4q/W7GJaKTyptNz2zYqStr5K/Q3jbLLlHRb8wK7/TNw="},"indexInfo":{"baseKey":"Bbc3tsFzs6SN/oNCCZYqNuQ4YQD8YcPkskob04z2gOwV","baseKeyType":1,"closed":-1,"used":1689261765980,"created":1689261765980,"remoteIdentityKey":"BUtg9zJLpDogcgBd4GlZv+1WbDg4IzhcrwxU7UkOhIQk"},"_chains":{"BdoqymnmEw/F4RzzbEhe3U8p0R9+zrV5aeULL4Mr9r8N":{"chainKey":{"counter":0,"key":"ewoMRWDCM05PeNq0aIi9TJWbWi9msAV3KacMj+8YJYI="},"chainType":1,"messageKeys":{}}},"pendingPreKey":{"signedKeyId":1,"baseKey":"Bbc3tsFzs6SN/oNCCZYqNuQ4YQD8YcPkskob04z2gOwV"}}},"version":"v1"}