{"_sessions":{"Bc17gMwPptMnywxvsA0483qQK/e/VXbX/E8ZKmjRFytW":{"registrationId":8695,"currentRatchet":{"ephemeralKeyPair":{"pubKey":"BTp1p2aD0++TAYk43BOTNUdTjFWiIQoS1ociAqprRm1S","privKey":"YIWxQtWPGqPfy1D1L2jhEA9z32gNyLm9VuxbdVVkxW0="},"lastRemoteEphemeralKey":"BRQHEyE6QXmTR6Fjaryk6bT8TKmMn63cBwCWHOj/O7MC","previousCounter":0,"rootKey":"JKRpnJ8wEC4sAHu4dRVm3J0vkIC2oIkEEmhUY2ARh3U="},"indexInfo":{"baseKey":"Bc17gMwPptMnywxvsA0483qQK/e/VXbX/E8ZKmjRFytW","baseKeyType":1,"closed":-1,"used":1689261925320,"created":1689261925320,"remoteIdentityKey":"BTtt5S6tpHfhU3zp20+EkXnlwSTLyZ4VdVZJisHOE1ts"},"_chains":{"BTp1p2aD0++TAYk43BOTNUdTjFWiIQoS1ociAqprRm1S":{"chainKey":{"counter":1,"key":"ylx/v8CWMwE5jsdqMcu8/L8wVjbR9wQHa3BfVAGEv4o="},"chainType":1,"messageKeys":{}}},"pendingPreKey":{"signedKeyId":1,"baseKey":"Bc17gMwPptMnywxvsA0483qQK/e/VXbX/E8ZKmjRFytW"}}},"version":"v1"}