{"_sessions":{"BeEzkUfowB/ASxsNc1hasH2oK0E4I8+hVPSFqmHPRSoV":{"registrationId":2001102943,"currentRatchet":{"ephemeralKeyPair":{"pubKey":"BeyE7P4NQPF7KpRmoOvCJYJASref9xVnD2MhaWD74mVI","privKey":"OAbp9sOUdIkATWC5mqfkdXppa5hRTX+vG2sYmdECt1E="},"lastRemoteEphemeralKey":"BRI21x8aSiGTN3SSNmspW3HzGxrBc9eZ2GotUNa+heJF","previousCounter":0,"rootKey":"9qjaMXMwWMrTIvGdVW1djSEaoOlNGk2CPoTt+n9It7o="},"indexInfo":{"baseKey":"BeEzkUfowB/ASxsNc1hasH2oK0E4I8+hVPSFqmHPRSoV","baseKeyType":1,"closed":-1,"used":1689261769063,"created":1689261769063,"remoteIdentityKey":"BR0YYDmrjyFygPO4jp1+IqK/a9SDdMhbpWKb/cDog5At"},"_chains":{"BeyE7P4NQPF7KpRmoOvCJYJASref9xVnD2MhaWD74mVI":{"chainKey":{"counter":0,"key":"h8yr3v9srZAn+x3xE4TvgACa/0XgEfIaGj65d+q2Grs="},"chainType":1,"messageKeys":{}}},"pendingPreKey":{"signedKeyId":1,"baseKey":"BeEzkUfowB/ASxsNc1hasH2oK0E4I8+hVPSFqmHPRSoV","preKeyId":10970279}}},"version":"v1"}