{"_sessions":{"BW/nBUy3F8SZN766k1X96OmBv51Fzp6D5juAlxP0vnBp":{"registrationId":106,"currentRatchet":{"ephemeralKeyPair":{"pubKey":"Bc4CFejUcCMtY8Gbf4VorydvQAXWqIkseNQWz0/9Oedm","privKey":"SFSHYhIQEcUl1xKuj36GH3NCiTAgOCrDiHdZbFuSNHU="},"lastRemoteEphemeralKey":"BSOqXwQNTED7xPa8JNaIyFYvzyjxpQMRgIU5mkPek0lS","previousCounter":0,"rootKey":"RUXlLSAPz551zpXBzb8yN1Xc0LjH+me+jE5B1FsFE0w="},"indexInfo":{"baseKey":"BW/nBUy3F8SZN766k1X96OmBv51Fzp6D5juAlxP0vnBp","baseKeyType":1,"closed":-1,"used":1689261766676,"created":1689261766676,"remoteIdentityKey":"BbNZjoU8tYILmC7cyNw5va2Zp6wfDVlAY9TxaIKi2jgv"},"_chains":{"Bc4CFejUcCMtY8Gbf4VorydvQAXWqIkseNQWz0/9Oedm":{"chainKey":{"counter":0,"key":"/Ylthd/WDeg7cQnpHkkQFoCNmPtloaadEYxLM0kWu5s="},"chainType":1,"messageKeys":{}}},"pendingPreKey":{"signedKeyId":1,"baseKey":"BW/nBUy3F8SZN766k1X96OmBv51Fzp6D5juAlxP0vnBp"}}},"version":"v1"}