{"_sessions":{"BUzfLSmqV9lrj5+zq0pgU/ommaXxKaSTbooX8gop8gNx":{"registrationId":1917790509,"currentRatchet":{"ephemeralKeyPair":{"pubKey":"BZgSerV2cDO+KkrexQV/gg36VKY94CJMg0MQKm105uJ4","privKey":"uBgv96YfJucSUfoPq+yjSs0ZA/Hqgy6FlbH7tSGzL20="},"lastRemoteEphemeralKey":"BfSJ67236MaDu/BH4vT5PsJKDlMgIQugnFEQ1M+jKYVM","previousCounter":0,"rootKey":"cFYtPoA5c0E3IQkDgAvED2h+h/ug3nL2e5EcQjyESIE="},"indexInfo":{"baseKey":"BUzfLSmqV9lrj5+zq0pgU/ommaXxKaSTbooX8gop8gNx","baseKeyType":1,"closed":-1,"used":1689261925508,"created":1689261925508,"remoteIdentityKey":"BcGuQA3JMt2ruEPg3CXXuDhN912BoMQ60HGAyzejt5Qj"},"_chains":{"BZgSerV2cDO+KkrexQV/gg36VKY94CJMg0MQKm105uJ4":{"chainKey":{"counter":1,"key":"rDN3falvExZKUqdRRfgGE6EqNrvSfGBnL2YIDeBkAj8="},"chainType":1,"messageKeys":{}}},"pendingPreKey":{"signedKeyId":3,"baseKey":"BUzfLSmqV9lrj5+zq0pgU/ommaXxKaSTbooX8gop8gNx","preKeyId":12903431}}},"version":"v1"}