{"_sessions":{"BXtzdUoAenCZft5i4X0GbNywrFvJCcrNRT2FDnBWqVRJ":{"registrationId":1874711043,"currentRatchet":{"ephemeralKeyPair":{"pubKey":"BSY5hpaWjZLiC2svvPe4sepQ4B5YNIaNB+GDUcgffcB7","privKey":"MFphXelLE+76ixDHgU+45YLOgiQj8lCbrNU8aIHbR3w="},"lastRemoteEphemeralKey":"BZJDTMXqYAURx1vDJbgXWk9yauN2bxnOnOdHgUC5+9UO","previousCounter":0,"rootKey":"orL6YuJYgd+jgxoiksnhAA9nQp8F3Ht/bmNYHI+oVeM="},"indexInfo":{"baseKey":"BXtzdUoAenCZft5i4X0GbNywrFvJCcrNRT2FDnBWqVRJ","baseKeyType":1,"closed":-1,"used":1689261767674,"created":1689261767674,"remoteIdentityKey":"BV6fqtbubDALaLfUzZLFdEhl2Es3eZeI7ZfKbaXhP/QQ"},"_chains":{"BSY5hpaWjZLiC2svvPe4sepQ4B5YNIaNB+GDUcgffcB7":{"chainKey":{"counter":0,"key":"jw85mwB36Fbav+tGJ+HMWSuLhJD4B7HdGXzEqGqNEXE="},"chainType":1,"messageKeys":{}}},"pendingPreKey":{"signedKeyId":1,"baseKey":"BXtzdUoAenCZft5i4X0GbNywrFvJCcrNRT2FDnBWqVRJ","preKeyId":9798395}}},"version":"v1"}