{"_sessions":{"BYDKY3CRjfsBgiudcKs1qdsyZF6wKEGJnFE4M/Hcm0J2":{"registrationId":1198410645,"currentRatchet":{"ephemeralKeyPair":{"pubKey":"BYf5VBNXWXWggYhZYPrQ7D9PbwnNpmqHYwoEHuWzoMcj","privKey":"SO+B3SPCpyoqWleDJj6J0I6PPkJaL3zTcyNqXGiJwGM="},"lastRemoteEphemeralKey":"Bf32ECd4fLzf1c3qLAqQ8LtB4u2m6Uv9gDFaIw7bMMh+","previousCounter":0,"rootKey":"Cu2K+luZ74dclEMCC1URhnyuQfaN/Q+0odulNH8Ega4="},"indexInfo":{"baseKey":"BYDKY3CRjfsBgiudcKs1qdsyZF6wKEGJnFE4M/Hcm0J2","baseKeyType":1,"closed":-1,"used":1689261766791,"created":1689261766791,"remoteIdentityKey":"Be2eXysvFmIZm6mugtvkdoJz3JlT+IkBFgcgMgDAd3Un"},"_chains":{"BYf5VBNXWXWggYhZYPrQ7D9PbwnNpmqHYwoEHuWzoMcj":{"chainKey":{"counter":0,"key":"76rkXOQFtdqYLZ7C5+wOu5pBozgcvJAiX9p6853LS+g="},"chainType":1,"messageKeys":{}}},"pendingPreKey":{"signedKeyId":4464426,"baseKey":"BYDKY3CRjfsBgiudcKs1qdsyZF6wKEGJnFE4M/Hcm0J2","preKeyId":10844}}},"version":"v1"}