{"_sessions":{"Bec2jZ2eAAK/3LYGoxaVYAQ3MMVSdU0JVoPlt4upKckh":{"registrationId":230503565,"currentRatchet":{"ephemeralKeyPair":{"pubKey":"BRD6oRMkRFnD7XRVVZ/hLJJg/+9q85z7RzrHm+H+UG4d","privKey":"wNpBGXEZ6Ye8OBZ92Xwo4nI8GC50hcltRDY7Wb5CPlY="},"lastRemoteEphemeralKey":"BQxu6cZDSpAm++cvay0UpR4CvpxPV+TAj8YNcWvGMKt7","previousCounter":0,"rootKey":"arNAFLto3Fc2Rc7jRMYD9ncGKIKMR2+ul+dokmgsuOI="},"indexInfo":{"baseKey":"Bec2jZ2eAAK/3LYGoxaVYAQ3MMVSdU0JVoPlt4upKckh","baseKeyType":1,"closed":-1,"used":1689261768550,"created":1689261768550,"remoteIdentityKey":"Bf1UXJbXYbEDeHz8Y2j9Bqme/3Yxm95eCb4trbnIiSNw"},"_chains":{"BRD6oRMkRFnD7XRVVZ/hLJJg/+9q85z7RzrHm+H+UG4d":{"chainKey":{"counter":0,"key":"kSBgI10Sl3K3/0hzsQNGQsZGphsHZP3IcDOC1aJI+h8="},"chainType":1,"messageKeys":{}}},"pendingPreKey":{"signedKeyId":0,"baseKey":"Bec2jZ2eAAK/3LYGoxaVYAQ3MMVSdU0JVoPlt4upKckh"}}},"version":"v1"}