{"_sessions":{"BQJ9xKqU8MRAOL7K+teSPYXp+QHQv6MgRnmgWeGy1UoX":{"registrationId":2065381542,"currentRatchet":{"ephemeralKeyPair":{"pubKey":"BbJGUUPFCchcYafchQraII3pb3hfxI80AHINiRXlY982","privKey":"mIe4sbjhWvcHCKUo8j+Y7IPhsxIUe5NG3LJZbFP953k="},"lastRemoteEphemeralKey":"BVxOJsOp3oiHy5DWce5EY90uuIsc/oipi5ROrLCYUjAI","previousCounter":0,"rootKey":"/W7r7eqHV+ARaTEXAB75qnvvZBSh6wkh5Jz/HvtwMAY="},"indexInfo":{"baseKey":"BQJ9xKqU8MRAOL7K+teSPYXp+QHQv6MgRnmgWeGy1UoX","baseKeyType":1,"closed":-1,"used":1689261767255,"created":1689261767255,"remoteIdentityKey":"BU1Hd546A2u1EnLkGUN6aAlQ6lDwrlnaOW2jM7lMXLA4"},"_chains":{"BbJGUUPFCchcYafchQraII3pb3hfxI80AHINiRXlY982":{"chainKey":{"counter":0,"key":"YVbUFEgrZgo7uN/AhJlEVXl4NNcC+SnfR1hKhRAovtI="},"chainType":1,"messageKeys":{}}},"pendingPreKey":{"signedKeyId":6,"baseKey":"BQJ9xKqU8MRAOL7K+teSPYXp+QHQv6MgRnmgWeGy1UoX"}}},"version":"v1"}