{"_sessions":{"BaGOrkyvAYqT1w2nqoAL97t29ATRwSHhQdfgto5HqOZ4":{"registrationId":252713975,"currentRatchet":{"ephemeralKeyPair":{"pubKey":"BcwbemsWO3QfnZmnfNRwl34vG5Tx6HW0h7Kip5ktqfc/","privKey":"wLBz8m5HI4K/+4xCsYtYSeQRDsMQHG8ENjiol/ip7E4="},"lastRemoteEphemeralKey":"Bc7n3s8aYSX+QWx28ReuSU6eC8PMS5GPEPifx/hkrc9j","previousCounter":0,"rootKey":"bNQeoiy12TxaXdVhNzBtyIkeMPdGrKgnLP5sB4TbjJQ="},"indexInfo":{"baseKey":"BaGOrkyvAYqT1w2nqoAL97t29ATRwSHhQdfgto5HqOZ4","baseKeyType":1,"closed":-1,"used":1689261768279,"created":1689261768279,"remoteIdentityKey":"BQZ173pry93IPv2NNqv7rpYaEX6GCGxw3ueASWRlD/hD"},"_chains":{"BcwbemsWO3QfnZmnfNRwl34vG5Tx6HW0h7Kip5ktqfc/":{"chainKey":{"counter":0,"key":"Q8+DhyXsrRdouhIfXkgJFOSso28x9cmi8EVk1mLk4MM="},"chainType":1,"messageKeys":{}}},"pendingPreKey":{"signedKeyId":2,"baseKey":"BaGOrkyvAYqT1w2nqoAL97t29ATRwSHhQdfgto5HqOZ4","preKeyId":8098037}}},"version":"v1"}