{"_sessions":{"BYmg7u/v0in6VmHDR2PfR1uuRgcf9mYAXbIP+xRRP4cK":{"registrationId":2066269162,"currentRatchet":{"ephemeralKeyPair":{"pubKey":"BfJ79Tlwn/RV4zMlaQgmnu0B/CtDPM7YDr9hceA+/EE0","privKey":"+M7CBQNMHLCEBp6xCS8z0jTem539o/KCzkOuKed/qWA="},"lastRemoteEphemeralKey":"BSj2y7dfLsGgtGfVHMxV+WBi7Idg/jP/+B6KIYN9XXIx","previousCounter":0,"rootKey":"dhlTyDgb5fZpqtfEWvZqDXSm647FmBDG820P9kCkjk8="},"indexInfo":{"baseKey":"BYmg7u/v0in6VmHDR2PfR1uuRgcf9mYAXbIP+xRRP4cK","baseKeyType":1,"closed":-1,"used":1689261768775,"created":1689261768775,"remoteIdentityKey":"BYGjrSLnvCygZqnbpgaj1n2tUVBZDd+6z6d9H3x1h4Vv"},"_chains":{"BfJ79Tlwn/RV4zMlaQgmnu0B/CtDPM7YDr9hceA+/EE0":{"chainKey":{"counter":0,"key":"5aZzX2KAF6pKasWT6cZPvVAbtfZUgh41fNbOK+gzTl8="},"chainType":1,"messageKeys":{}}},"pendingPreKey":{"signedKeyId":7,"baseKey":"BYmg7u/v0in6VmHDR2PfR1uuRgcf9mYAXbIP+xRRP4cK","preKeyId":1621408}}},"version":"v1"}