{"_sessions":{"BV8N1LxnMYjFEXcsPM01LtVWozFR8VHodS5UUL9l0KcB":{"registrationId":951930499,"currentRatchet":{"ephemeralKeyPair":{"pubKey":"BSW2YR/4GQjpAv5UlGSlZQNOsEb56UCt7SY1q4pIhos8","privKey":"QERIEif71i6bseTZ8lvPxfav5YHtvH6ZCctFJwpUvXw="},"lastRemoteEphemeralKey":"BU6VPaJOWkYW5GbLwS9XvbCD0sDzjoFAd8JoEc6dG5Q8","previousCounter":0,"rootKey":"voAwtQdL5QmeNZUt5NYWbHCl88Yzd2M9nCpvM36nOVw="},"indexInfo":{"baseKey":"BV8N1LxnMYjFEXcsPM01LtVWozFR8VHodS5UUL9l0KcB","baseKeyType":1,"closed":-1,"used":1689261767556,"created":1689261767556,"remoteIdentityKey":"BRV11HGjiZBm2bqDkwzZGc/JelZ10t4S4TK5+1Ps5GAS"},"_chains":{"BSW2YR/4GQjpAv5UlGSlZQNOsEb56UCt7SY1q4pIhos8":{"chainKey":{"counter":0,"key":"O6JpBJ3GTsCOzfrY+YByiZYTnuYkrpPuBujpym0s0dA="},"chainType":1,"messageKeys":{}}},"pendingPreKey":{"signedKeyId":1,"baseKey":"BV8N1LxnMYjFEXcsPM01LtVWozFR8VHodS5UUL9l0KcB"}}},"version":"v1"}