{"_sessions":{"Bb82ixae8PLa6brKC8y3Mxj539a+RUSfXI+y49Svj/kb":{"registrationId":1082902704,"currentRatchet":{"ephemeralKeyPair":{"pubKey":"BWCtDtvUbzmbaek057bnj/GK/nEhcXk629A8KYw95W1g","privKey":"SNJeca8eGsvb4ZsHOJM/7B7FFdlrFplxqcgnEzcXdk4="},"lastRemoteEphemeralKey":"Bc3UOQgHOxK97MKwlKthXvCqhbwRphh9AGi/7paZVQBL","previousCounter":0,"rootKey":"mD15Ys0tPg8Njf7zo6+BR1nzx69zf6FKytV+BG7fxNw="},"indexInfo":{"baseKey":"Bb82ixae8PLa6brKC8y3Mxj539a+RUSfXI+y49Svj/kb","baseKeyType":1,"closed":-1,"used":1689261925462,"created":1689261925462,"remoteIdentityKey":"BYedbc9EXesRZzgD6SPHHx+YuGk3kL529CYkohNWmIZP"},"_chains":{"BWCtDtvUbzmbaek057bnj/GK/nEhcXk629A8KYw95W1g":{"chainKey":{"counter":1,"key":"EIT0W/pChMvJkzF3fi0hWy+xhv0n592WZk/1zc0fimg="},"chainType":1,"messageKeys":{}}},"pendingPreKey":{"signedKeyId":0,"baseKey":"Bb82ixae8PLa6brKC8y3Mxj539a+RUSfXI+y49Svj/kb"}}},"version":"v1"}