{"_sessions":{"BTKsrfRI0eEr8F3kOJBzchi4qMKvmotwofLSspbKUWg7":{"registrationId":10710544,"currentRatchet":{"ephemeralKeyPair":{"pubKey":"BSmKzo/XCwiNCD3YTO7t/6ECO1SAMmS8ci3QukmQavIP","privKey":"AEqoJdqmfz9C1Iq1HRhRYS3cgHLpIRbqAZgYYJN7mmQ="},"lastRemoteEphemeralKey":"BWhu7Ej7nJAsnGACQOUPO1ztKaKu3intJPoEsYsNZR5B","previousCounter":0,"rootKey":"D530xInkNcUtoiI/yNox2LU+wBu3vk82FH4GKPdf+Xw="},"indexInfo":{"baseKey":"BTKsrfRI0eEr8F3kOJBzchi4qMKvmotwofLSspbKUWg7","baseKeyType":1,"closed":-1,"used":1689261766884,"created":1689261766884,"remoteIdentityKey":"Bf1WJLUPmsykLptTgOajMBsB9y/W3vdR0ri91+/rHIc4"},"_chains":{"BSmKzo/XCwiNCD3YTO7t/6ECO1SAMmS8ci3QukmQavIP":{"chainKey":{"counter":0,"key":"4Driy7WyP6BwagSiSEJjtF9X2lMZ1rFS4El/LQSbYwI="},"chainType":1,"messageKeys":{}}},"pendingPreKey":{"signedKeyId":1,"baseKey":"BTKsrfRI0eEr8F3kOJBzchi4qMKvmotwofLSspbKUWg7","preKeyId":8544030}}},"version":"v1"}