{"_sessions":{"BdL2GjhuJIhN0vpqrANY/f0sAjQaojaiAUtaXW3r4Lt+":{"registrationId":2039035979,"currentRatchet":{"ephemeralKeyPair":{"pubKey":"BZ36XnUhIn6RJf446ZLBkm2hKpwmUeDcdzyPehvJBF9O","privKey":"6NuH7kukeE3XP4aqeaAsoIBzYuJB/9DZsghsSWMKs2U="},"lastRemoteEphemeralKey":"BcJ/tg9GvRttoOGEZmET9Gos+cunC8fCMX7eW4PgKJhn","previousCounter":0,"rootKey":"RlbBukrAwA21O3HFiq/0r7VBCVGdZneE84laySajXDE="},"indexInfo":{"baseKey":"BdL2GjhuJIhN0vpqrANY/f0sAjQaojaiAUtaXW3r4Lt+","baseKeyType":1,"closed":-1,"used":1689261767653,"created":1689261767653,"remoteIdentityKey":"BYY0N47EwpaR+DJpIjpoefeQZdjIhKc5sZZn4ylUopJZ"},"_chains":{"BZ36XnUhIn6RJf446ZLBkm2hKpwmUeDcdzyPehvJBF9O":{"chainKey":{"counter":0,"key":"mEWmduVPFYL+HpmBSRnVDNgmzIZDcxwMnY78vfou2vI="},"chainType":1,"messageKeys":{}}},"pendingPreKey":{"signedKeyId":0,"baseKey":"BdL2GjhuJIhN0vpqrANY/f0sAjQaojaiAUtaXW3r4Lt+","preKeyId":13914061}}},"version":"v1"}