{"_sessions":{"BTsl5wOUUPuA1hLmSIhnHFmLURXuB8X1NVQdKbsnILxB":{"registrationId":253,"currentRatchet":{"ephemeralKeyPair":{"pubKey":"BX4SHg/rE4QHvm66nRlVHUN3RmH11ZS5EMlcw++Yv8g8","privKey":"KJvmZWUn2fK1aKRmnM1qyTtMoMh4vd8i1QvjBELoSUM="},"lastRemoteEphemeralKey":"Ba9p4xK6EaQw8RFN25UzdGa9w7PsH0Es5987Ki8Y7nhf","previousCounter":0,"rootKey":"B9dF3rBYumuBtjAQItGXbzW2qIEfgZczIS/1eVueEvw="},"indexInfo":{"baseKey":"BTsl5wOUUPuA1hLmSIhnHFmLURXuB8X1NVQdKbsnILxB","baseKeyType":2,"closed":-1,"used":1689261700288,"created":1689261700288,"remoteIdentityKey":"BXOZjs1wgxAVdTrfp8Wmtxmwb0umcwXGbtZgwaxSab9E"},"_chains":{"Ba9p4xK6EaQw8RFN25UzdGa9w7PsH0Es5987Ki8Y7nhf":{"chainKey":{"counter":102,"key":"Pn5EsJ3h95EhBcmTfZRt9iVXY30D7Gmcu1cfVjwQmIw="},"chainType":2,"messageKeys":{"17":"yQmrX9zI5vv3Kz7ZG5FlxHogYkQaBxynsu6CBY/rXyo=","19":"vaUZ7H/hqzmKSvRP/AExMt/FwlolTVMPqt9ti4yj8hU=","20":"0Dh6IM7e7aZA+kxrcK9T+r09yiPe6YPWFM1OEWGbS8Q=","21":"ATN6K2qratEBU7ch1FNXdFEsgmmiRl9QsL4yeuIUDMk=","22":"xFbsbB/VnsR5dbG6HOPR2i8ElMNi+R9A2DS9JbP3GHw=","23":"ac6TeMnEdviM/1yaq2FZp89w67Uts2rXmEUdViA2n4A=","57":"NRZjaNf4mbVdtBEuPeBm7Qk/AKFYR5XgNs2VyXTVHsw="}},"BX4SHg/rE4QHvm66nRlVHUN3RmH11ZS5EMlcw++Yv8g8":{"chainKey":{"counter":-1,"key":"m8lIIDpLi+zzupCLIR9nt/jft0T/BydZgJs40J0vtzM="},"chainType":1,"messageKeys":{}}}}},"version":"v1"}