{"_sessions":{"BVDpSWacyiVeF5o6KRK1wtEz4E8omlxgxV9Blm88R5V5":{"registrationId":1318956368,"currentRatchet":{"ephemeralKeyPair":{"pubKey":"BZB6Jt+3LTWFALmZbSFyCrP50ApaCfp8sUarjDRs2uYk","privKey":"kNLd1kbvcbgUNl1f7LzQb86kwdDpxH5Zh4tM4Cxzdk8="},"lastRemoteEphemeralKey":"BZfcV8K1VwD6ztR+0Fbs491wnVOBhQPFBLl3DAAzeKlN","previousCounter":0,"rootKey":"7K6ZxU5lkALUYJXnoLKvXDwRIP3aI0zmU8kiOG4uNNQ="},"indexInfo":{"baseKey":"BVDpSWacyiVeF5o6KRK1wtEz4E8omlxgxV9Blm88R5V5","baseKeyType":1,"closed":-1,"used":1689261767076,"created":1689261767076,"remoteIdentityKey":"BcflEhOPZWV0elpRoXI2H7ZmxoWNGOFoDfGkUS0gTOUh"},"_chains":{"BZB6Jt+3LTWFALmZbSFyCrP50ApaCfp8sUarjDRs2uYk":{"chainKey":{"counter":0,"key":"5cAIAG2NLXVJXnb9cVWYT0l2/00iyTd2ZnFMoz1pg1I="},"chainType":1,"messageKeys":{}}},"pendingPreKey":{"signedKeyId":0,"baseKey":"BVDpSWacyiVeF5o6KRK1wtEz4E8omlxgxV9Blm88R5V5"}}},"version":"v1"}