{"_sessions":{"Bc3Lbm2jrvDPksAtSre5Zcgk/jPMlcYwmHzngkEaxCgO":{"registrationId":751932994,"currentRatchet":{"ephemeralKeyPair":{"pubKey":"BZ5Q7uzEByJxwhO+howlH+F6HQ1G1WdQrhNT9nbxxIRG","privKey":"OKIH7xHajCAkF6JKj08ywbskF5Yt1zlqr1zvyXB5YHM="},"lastRemoteEphemeralKey":"BYs5uvYD9KgHX35sS5FRxKVyXesbQjB3tIVcZ6/AGIMX","previousCounter":0,"rootKey":"GgrBlBSi1PKo0F3+k/UiIG/XFJQ4YkOrcu9cjphTquc="},"indexInfo":{"baseKey":"Bc3Lbm2jrvDPksAtSre5Zcgk/jPMlcYwmHzngkEaxCgO","baseKeyType":1,"closed":-1,"used":1689261926168,"created":1689261926168,"remoteIdentityKey":"BSYGjv4NwUngUi13zHEv+ah2dr5I2q3/6krjQsfPHRMM"},"_chains":{"BZ5Q7uzEByJxwhO+howlH+F6HQ1G1WdQrhNT9nbxxIRG":{"chainKey":{"counter":1,"key":"K1d99BcmasIwVRriaKimfNwLDojhEpQ9I8FHdVo4DNo="},"chainType":1,"messageKeys":{}}},"pendingPreKey":{"signedKeyId":1,"baseKey":"Bc3Lbm2jrvDPksAtSre5Zcgk/jPMlcYwmHzngkEaxCgO","preKeyId":14465280}}},"version":"v1"}