{"_sessions":{"BRwM80PoxhEeBQ6HWsrSGPIOLZCAkLtWYG2hwYPQxYhp":{"registrationId":678379578,"currentRatchet":{"ephemeralKeyPair":{"pubKey":"BXbsEy5F1PPYPKr4pDdyNkwT7leYsvxVs99E16JakdUx","privKey":"cHMTzM+DPVVvhYq4qWpenBi31s+Bx3n5d+gINmpJXUo="},"lastRemoteEphemeralKey":"BWL9vbnLyu3fld7IwkoCzpFUmyj9PTFpzFKfmtCG2ZBU","previousCounter":0,"rootKey":"8hqdwaZeOBAYSNm+80RnAxAl/vbIoFGIWz/taQ0pXOs="},"indexInfo":{"baseKey":"BRwM80PoxhEeBQ6HWsrSGPIOLZCAkLtWYG2hwYPQxYhp","baseKeyType":1,"closed":-1,"used":1689261766858,"created":1689261766858,"remoteIdentityKey":"BSTq3PJYq+Tvj8Mtn/7fhnfruYH/ypkI7UYzRGVXrioO"},"_chains":{"BXbsEy5F1PPYPKr4pDdyNkwT7leYsvxVs99E16JakdUx":{"chainKey":{"counter":0,"key":"BWrfRMF1FilC8bCL9mLyUd2Nz66m+/y+zjVB/m1pmcg="},"chainType":1,"messageKeys":{}}},"pendingPreKey":{"signedKeyId":7,"baseKey":"BRwM80PoxhEeBQ6HWsrSGPIOLZCAkLtWYG2hwYPQxYhp","preKeyId":7025775}}},"version":"v1"}