{"_sessions":{"BZIprNeV+V8SAMCfXOUnjwhdbrZfsSs9h9KS2nPc+YkT":{"registrationId":107297515,"currentRatchet":{"ephemeralKeyPair":{"pubKey":"BQuEYwDkWDVGdJfKzGM1nSfH1UFx6QirAGCe/T9PFU4W","privKey":"WOwoOEe7S85fZGb954RnyPPN7Ba7Tmu3YBQapjqLvG4="},"lastRemoteEphemeralKey":"BRujuLm5o3qZpSL4jffFC5BEj/CyPpWBkaQeAvFGschh","previousCounter":0,"rootKey":"kMDZs5SqnkxvnlNS0ghE8qaA5S14aqHrp9vAkXH8/eA="},"indexInfo":{"baseKey":"BZIprNeV+V8SAMCfXOUnjwhdbrZfsSs9h9KS2nPc+YkT","baseKeyType":1,"closed":-1,"used":1689261767875,"created":1689261767875,"remoteIdentityKey":"BZbUfGuJfzctky2VetWUPenL8jFdLBQGxI8vIxs9A2kx"},"_chains":{"BQuEYwDkWDVGdJfKzGM1nSfH1UFx6QirAGCe/T9PFU4W":{"chainKey":{"counter":0,"key":"BOWeYnjqs6Sh8Rsm+3g+EysJY/Wa5oAyhHYBVRZ4l/M="},"chainType":1,"messageKeys":{}}},"pendingPreKey":{"signedKeyId":3,"baseKey":"BZIprNeV+V8SAMCfXOUnjwhdbrZfsSs9h9KS2nPc+YkT","preKeyId":14624298}}},"version":"v1"}