{"_sessions":{"BSD/pdM3gNwjSzdPyn6elwP7Hbjf83pPXJ/qrkYZEVEC":{"registrationId":1755807743,"currentRatchet":{"ephemeralKeyPair":{"pubKey":"BVCh7WLvHpAWSHYO3mbfONpik8YObakM7qcZELCgy6Ur","privKey":"6OYTIlRlHhVIji4JQgDO8Qr04AiyQdg6Sz0TmcXZrH0="},"lastRemoteEphemeralKey":"BbppuTp1Y2qTi1K7KfFqf3GL9ygXA4sC2uwuwpODAK56","previousCounter":0,"rootKey":"EbTOdLCICWNAM0JEJ+507QSEVmQG+606OszApnMna6I="},"indexInfo":{"baseKey":"BSD/pdM3gNwjSzdPyn6elwP7Hbjf83pPXJ/qrkYZEVEC","baseKeyType":1,"closed":-1,"used":1689261767485,"created":1689261767485,"remoteIdentityKey":"BbuSfnYtSJtoI3v1Hi93M/CaiXVc0O6K+B8u2eqX9T1N"},"_chains":{"BVCh7WLvHpAWSHYO3mbfONpik8YObakM7qcZELCgy6Ur":{"chainKey":{"counter":0,"key":"JdiUFWzjFKDFn3mzXaSjFytwH+N1aVakVbSy7f0MbTM="},"chainType":1,"messageKeys":{}}},"pendingPreKey":{"signedKeyId":1,"baseKey":"BSD/pdM3gNwjSzdPyn6elwP7Hbjf83pPXJ/qrkYZEVEC","preKeyId":9494459}}},"version":"v1"}