{"_sessions":{"BeCL9B5xVRvbZfDLOSW5oyEvoSrosCgThNt1VVv86a9a":{"registrationId":969912641,"currentRatchet":{"ephemeralKeyPair":{"pubKey":"BYaq9DnPpfJTu32m/T8wxnn40ORvGUR+N5E2PA0wJp8f","privKey":"IAVcgtb18lKa0/4fsMX0y+auxAbZ6DTW27cVTV+zrUk="},"lastRemoteEphemeralKey":"BYLAodaBr1wn6zigbCpHdLP5sipWWMxPOaW3DaR4k/gD","previousCounter":0,"rootKey":"Jf2i7zQP0aA/rHEqRDDlhUgkIdh3jaeAWO3CIi63j/0="},"indexInfo":{"baseKey":"BeCL9B5xVRvbZfDLOSW5oyEvoSrosCgThNt1VVv86a9a","baseKeyType":1,"closed":-1,"used":1689261925494,"created":1689261925494,"remoteIdentityKey":"BdZeEXKEKtkrCXvsLEAWSFrQ8fmIO6PGKupiwlNV2Ctx"},"_chains":{"BYaq9DnPpfJTu32m/T8wxnn40ORvGUR+N5E2PA0wJp8f":{"chainKey":{"counter":1,"key":"Y1H7tPEYcqNKTMPJTvwGtc9LPTdlorX9h5yBmFsAB1s="},"chainType":1,"messageKeys":{}}},"pendingPreKey":{"signedKeyId":7,"baseKey":"BeCL9B5xVRvbZfDLOSW5oyEvoSrosCgThNt1VVv86a9a","preKeyId":10607218}}},"version":"v1"}