{"_sessions":{"BRVJKveVIeN8fRzDou5+sx68tFtKCZ7Ac7PYZN77Oggv":{"registrationId":441870895,"currentRatchet":{"ephemeralKeyPair":{"pubKey":"BXS1Y5mpRSdxXVmNH5i8hRdHGQ21kWD4q2QFRJcIDcN7","privKey":"IEnP7lS2bOqz9xDnttQ0bbWQHtreTyjoI/UsX+NSh14="},"lastRemoteEphemeralKey":"BfNmC3t6nEOcOeQWRRSojFBqO/kqOEVl4j41LSaGBllu","previousCounter":0,"rootKey":"qo+IeVUChhIZ7joJCs9dfkL4NvfvGaagmDFMhv/Q8v0="},"indexInfo":{"baseKey":"BRVJKveVIeN8fRzDou5+sx68tFtKCZ7Ac7PYZN77Oggv","baseKeyType":1,"closed":-1,"used":1689261768680,"created":1689261768680,"remoteIdentityKey":"BTm1GHf9LF+fQWNe6LWiuA3IfiZKinYhkC6zTCfiK3dZ"},"_chains":{"BXS1Y5mpRSdxXVmNH5i8hRdHGQ21kWD4q2QFRJcIDcN7":{"chainKey":{"counter":0,"key":"ysGysmevSmsNGSBna2W2LzHj8sbPEkau977jWszZFUI="},"chainType":1,"messageKeys":{}}},"pendingPreKey":{"signedKeyId":1,"baseKey":"BRVJKveVIeN8fRzDou5+sx68tFtKCZ7Ac7PYZN77Oggv","preKeyId":861965}}},"version":"v1"}