{"_sessions":{"BcqdQAUo1yezNL/GwHq8AhcFXNahuF55+yQabqkhpvR5":{"registrationId":844956468,"currentRatchet":{"ephemeralKeyPair":{"pubKey":"BWXHP6xAbc9NPlpDqgAVZ5PgxBJpXpZ03sjrRxds9V4A","privKey":"wJvACwdyeqnLZNoMGAOwfF8M7HE0cEE/bOSLOBlNm3s="},"lastRemoteEphemeralKey":"BbiOiX4azR2gZ5+oeJdxU481zIUTIZ722aPjSNQoih0B","previousCounter":0,"rootKey":"+tebYNDHVN0JsNyO78BJ/dNa/HSMEzOFiE9Acc2ZGzo="},"indexInfo":{"baseKey":"BcqdQAUo1yezNL/GwHq8AhcFXNahuF55+yQabqkhpvR5","baseKeyType":1,"closed":-1,"used":1689261767793,"created":1689261767793,"remoteIdentityKey":"BXMeMDD5gQQQc30Rp+pVCWkaZ1ry1D00gZrw+YJOKDAR"},"_chains":{"BWXHP6xAbc9NPlpDqgAVZ5PgxBJpXpZ03sjrRxds9V4A":{"chainKey":{"counter":0,"key":"cZeMc542gY3ox3QpkuXhE5I47PdTAGSROIR1T/mLn30="},"chainType":1,"messageKeys":{}}},"pendingPreKey":{"signedKeyId":0,"baseKey":"BcqdQAUo1yezNL/GwHq8AhcFXNahuF55+yQabqkhpvR5"}}},"version":"v1"}