{"_sessions":{"BaWl50IobzY8mG3tTfE78un6iUrxOjQrfvBpEUb9U4FE":{"registrationId":59,"currentRatchet":{"ephemeralKeyPair":{"pubKey":"BUMK9Xk41vwNNOY2xKceSpSIjIbu0uladHymZyyXZ/sJ","privKey":"+NUmjYEm8fwgb6oB+z4LWO4ujnUAsLoShox/JSpJd1g="},"lastRemoteEphemeralKey":"BRLy3TKmy+msj3rykbSA2xpC1XlvTtDYjlE7Nr1kQOsI","previousCounter":0,"rootKey":"FH2HTSXJHoNecrrQRVsxX/VoTMUOxISoWzVL4l8DVHQ="},"indexInfo":{"baseKey":"BaWl50IobzY8mG3tTfE78un6iUrxOjQrfvBpEUb9U4FE","baseKeyType":1,"closed":-1,"used":1689261766180,"created":1689261766180,"remoteIdentityKey":"BfOrE0+WGGL+ycrmPpfFuRfZWt3dBDRSogxAaiId1GsJ"},"_chains":{"BUMK9Xk41vwNNOY2xKceSpSIjIbu0uladHymZyyXZ/sJ":{"chainKey":{"counter":0,"key":"RbO75BAa/7JmjU+FbU6SjnK4fgJ801U+H6pqcGhxt2I="},"chainType":1,"messageKeys":{}}},"pendingPreKey":{"signedKeyId":1,"baseKey":"BaWl50IobzY8mG3tTfE78un6iUrxOjQrfvBpEUb9U4FE"}}},"version":"v1"}