{"_sessions":{"BZKAJfi1HnizeTnsM7t3mjCPFdn5SBUg0UhLEG3jVrMS":{"registrationId":192480520,"currentRatchet":{"ephemeralKeyPair":{"pubKey":"BXTNF/yS1KvgDkWJCsd8J1Gc1uubOCXuyQp+TdchOp9e","privKey":"WIK72kgI5gdar0fC/0WHYhpzLlYpXUfVxon0dejUFnU="},"lastRemoteEphemeralKey":"BXQxXSLRS2ej0W5m8ffizVCdJrH5dV79HzWm/G6hi40H","previousCounter":0,"rootKey":"02Py15eV6Chg1GJaUUuBnSR9Jp2o/SPuv+GSBXzXJrM="},"indexInfo":{"baseKey":"BZKAJfi1HnizeTnsM7t3mjCPFdn5SBUg0UhLEG3jVrMS","baseKeyType":1,"closed":-1,"used":1689261768878,"created":1689261768878,"remoteIdentityKey":"Bf+cGi/f3pkzRyaNzXYuHsyey73RBp4/nwruSCY1od8a"},"_chains":{"BXTNF/yS1KvgDkWJCsd8J1Gc1uubOCXuyQp+TdchOp9e":{"chainKey":{"counter":0,"key":"ftgNAZqxNgR0ZdHgcxCK1GP2tKrgUpcUK6W2sM4/LB8="},"chainType":1,"messageKeys":{}}},"pendingPreKey":{"signedKeyId":0,"baseKey":"BZKAJfi1HnizeTnsM7t3mjCPFdn5SBUg0UhLEG3jVrMS","preKeyId":2033924}}},"version":"v1"}