{"_sessions":{"BR7MkxhC3sVTCiVyacz4VFcjUajqVOnrxop3XVRFlSwn":{"registrationId":580692191,"currentRatchet":{"ephemeralKeyPair":{"pubKey":"BVWkf6US7K41b5pHkdH6W0/ouIOQVSH3BiiwsWEfFQhO","privKey":"WGuRW4SUSAHDk6ONksYQVcRzKqNlmtif+HTcK13QUlY="},"lastRemoteEphemeralKey":"BeQol0QJfO7v8982gSpOuaFj/VxvQaKlg86PZTj/npF1","previousCounter":0,"rootKey":"Exg1v7i1uaYDkEVZfg7JxFKu2+escMTtDkPNfEp7+8s="},"indexInfo":{"baseKey":"BR7MkxhC3sVTCiVyacz4VFcjUajqVOnrxop3XVRFlSwn","baseKeyType":1,"closed":-1,"used":1689261767186,"created":1689261767186,"remoteIdentityKey":"BRjS8LPNu7XUoLjoVoG3n8zwZk4CGGI77TpUn7lV1l5e"},"_chains":{"BVWkf6US7K41b5pHkdH6W0/ouIOQVSH3BiiwsWEfFQhO":{"chainKey":{"counter":0,"key":"Vhq2bdk0fEO91tR4BhZP0MqTz4vTvAhrQeAkM61XKPM="},"chainType":1,"messageKeys":{}}},"pendingPreKey":{"signedKeyId":0,"baseKey":"BR7MkxhC3sVTCiVyacz4VFcjUajqVOnrxop3XVRFlSwn","preKeyId":9573638}}},"version":"v1"}