{"_sessions":{"BTlRKv9zc5heq5iKOyesY4xpjC6IDl4qW5AHXyEuUz46":{"registrationId":1086196718,"currentRatchet":{"ephemeralKeyPair":{"pubKey":"BUxwpMGZJ6K2HoUKWnHVuj+AmZNatXXSGUfRgRRmLHks","privKey":"MOl2z7FlLNiIXf0t7KyTTCV01ZSGWcy8tNdjLxOC/Gg="},"lastRemoteEphemeralKey":"BR9ZJ+ovIs+CXaTtl+esRocwaV9+kxGu0HYspA8K0WEN","previousCounter":0,"rootKey":"yGIOvxoI4bh8+BbmtV0FjP3rpNg3WFjK8/Ql4gcLtDc="},"indexInfo":{"baseKey":"BTlRKv9zc5heq5iKOyesY4xpjC6IDl4qW5AHXyEuUz46","baseKeyType":1,"closed":-1,"used":1689261926085,"created":1689261926085,"remoteIdentityKey":"BVjcdxdHaba8yjImNtlOJ+TEYT87yEtsx4S0nOCXc5dT"},"_chains":{"BUxwpMGZJ6K2HoUKWnHVuj+AmZNatXXSGUfRgRRmLHks":{"chainKey":{"counter":1,"key":"sq2wwAi8W8LdgBdDVBG7yFJdEf7dwuTm+WhTcFErMV8="},"chainType":1,"messageKeys":{}}},"pendingPreKey":{"signedKeyId":1,"baseKey":"BTlRKv9zc5heq5iKOyesY4xpjC6IDl4qW5AHXyEuUz46","preKeyId":13098648}}},"version":"v1"}