{"_sessions":{"BXShopSIzj383f3sipxpnsgxqLvzpelsHs58HKBeqz9V":{"registrationId":61,"currentRatchet":{"ephemeralKeyPair":{"pubKey":"Ba/PWvKp7OHeal2L7lQC2V6BU8x4BwCrz78Asvo5Lk9r","privKey":"oAAw9674jH3u7fOfZoljnsLSMF6mDI9+RvfTVWnmFE0="},"lastRemoteEphemeralKey":"BaILdzNGKwS8J1ZWP3x2Pb22EDzsSUrg0Rg1H/iQyeRR","previousCounter":0,"rootKey":"OrDbOGaVqE5yzaHSGx900tiUVD+l+u5/QrczUmgkOrA="},"indexInfo":{"baseKey":"BXShopSIzj383f3sipxpnsgxqLvzpelsHs58HKBeqz9V","baseKeyType":1,"closed":-1,"used":1689261766469,"created":1689261766469,"remoteIdentityKey":"BT/9a38C4W2mbaRIvWgwGBf43nFUxmik5+5Lms78htkV"},"_chains":{"Ba/PWvKp7OHeal2L7lQC2V6BU8x4BwCrz78Asvo5Lk9r":{"chainKey":{"counter":0,"key":"ilkZdWpbiMgLSyRpKn1qgzRrJBzHbz964F7qLIv2OcA="},"chainType":1,"messageKeys":{}}},"pendingPreKey":{"signedKeyId":1,"baseKey":"BXShopSIzj383f3sipxpnsgxqLvzpelsHs58HKBeqz9V"}}},"version":"v1"}