{"_sessions":{"BSOQTXrK7j/+aTHYQbH/IRiBsf1neh2wuPViw7PgajYD":{"registrationId":2002768501,"currentRatchet":{"ephemeralKeyPair":{"pubKey":"BZ3g5yuSguefOH9XYTnmqhUvB4NOIbSReY5Go7CaeGt1","privKey":"EIWmQJxcT1g3Al/ocaHeUHMcoTr/qEQ6CWu7PhDI0WE="},"lastRemoteEphemeralKey":"BaaMqNqTx2QieizA3ozY8MPbIYIUtK3Mj23pQSIxwz97","previousCounter":0,"rootKey":"MsRFhNiAT7Q9fv53tskDOLa7QxzdEDhSoOOEqMVNiyI="},"indexInfo":{"baseKey":"BSOQTXrK7j/+aTHYQbH/IRiBsf1neh2wuPViw7PgajYD","baseKeyType":1,"closed":-1,"used":1689261767964,"created":1689261767964,"remoteIdentityKey":"BccM7HjpfboZiizJlSLW+Hf91AOLj89wfFGvMUQP578K"},"_chains":{"BZ3g5yuSguefOH9XYTnmqhUvB4NOIbSReY5Go7CaeGt1":{"chainKey":{"counter":0,"key":"ozFoXecrMon/4YGoDh7y+1xc4u6iIOs0uAZu979ypDw="},"chainType":1,"messageKeys":{}}},"pendingPreKey":{"signedKeyId":2,"baseKey":"BSOQTXrK7j/+aTHYQbH/IRiBsf1neh2wuPViw7PgajYD","preKeyId":7948511}}},"version":"v1"}