{"_sessions":{"BbKVGqwLXR8nk875oNcoWOlir21T4eGl/eAiNUsb5QNq":{"registrationId":115145680,"currentRatchet":{"ephemeralKeyPair":{"pubKey":"BbS1RGLhwY38kbc3t3MYXytRKz5TwFTBIKCvTOTWrUsX","privKey":"cFrxLmGBp9oVQD8DTc2q9EMWzlYzZ+9othzTh1xWL0I="},"lastRemoteEphemeralKey":"BYZd8QupkFtfYj+ThhuwZktlZJl45AtSkaDq1X+vVE4E","previousCounter":0,"rootKey":"nW/8kBG5KxjRlHquW7NOrEJ6Ba0dNXNq6Igm75AXTuM="},"indexInfo":{"baseKey":"BbKVGqwLXR8nk875oNcoWOlir21T4eGl/eAiNUsb5QNq","baseKeyType":1,"closed":-1,"used":1689261767660,"created":1689261767660,"remoteIdentityKey":"Bei7QNshrKxmUxpmub5NwU1MbD9mRh7EMQTl9EIj8h9g"},"_chains":{"BbS1RGLhwY38kbc3t3MYXytRKz5TwFTBIKCvTOTWrUsX":{"chainKey":{"counter":0,"key":"WfSdEpoNk4IJQ0TDbIepVSLhejnqFEjqTPEjgLyuKb4="},"chainType":1,"messageKeys":{}}},"pendingPreKey":{"signedKeyId":1,"baseKey":"BbKVGqwLXR8nk875oNcoWOlir21T4eGl/eAiNUsb5QNq","preKeyId":7225049}}},"version":"v1"}