{"_sessions":{"BTV301tIP95WttoBedd8k2ZOnEASoFGT/BB+qiVSHqMX":{"registrationId":1737058373,"currentRatchet":{"ephemeralKeyPair":{"pubKey":"Bb63MUgS1T3HReBJUlgKKKhM32c3ygt9ojAbjMMglh1/","privKey":"iOwHbF7wd31rOSrASmOzMR/dwO0RHwGD6SIlb5driUs="},"lastRemoteEphemeralKey":"Bc/rpolaWd9J79bi5ifcRQ0QP9MXmYKXEawaF6s6lxw+","previousCounter":0,"rootKey":"fctBqfU0fqf0kbiU1CZ7PWKg8Pr+V/fliXvARLj9Ao0="},"indexInfo":{"baseKey":"BTV301tIP95WttoBedd8k2ZOnEASoFGT/BB+qiVSHqMX","baseKeyType":1,"closed":-1,"used":1689261767279,"created":1689261767279,"remoteIdentityKey":"BUCp3PEHdKE+lCPf1QiWqXR995RKa5YgnPMTw/TnYoB5"},"_chains":{"Bb63MUgS1T3HReBJUlgKKKhM32c3ygt9ojAbjMMglh1/":{"chainKey":{"counter":0,"key":"aCdy6PcmaqNw+d/vJO5FOS/oqbM6TsVtLAx/RStGUlM="},"chainType":1,"messageKeys":{}}},"pendingPreKey":{"signedKeyId":0,"baseKey":"BTV301tIP95WttoBedd8k2ZOnEASoFGT/BB+qiVSHqMX","preKeyId":11836200}}},"version":"v1"}