{"_sessions":{"BWrTZV1syTQNoGdGd3BcvAgZSBfhd3gF8Pwvjg2oFc9L":{"registrationId":441520817,"currentRatchet":{"ephemeralKeyPair":{"pubKey":"BVVY33qNpPgdnDsuAvh59OSo4dX+a4vtF0p6+n6wx1sx","privKey":"gAdoLb3eMvXv3Jmw0UNWiJKCQHGsMpmQxN/IgZsID2U="},"lastRemoteEphemeralKey":"BecYLkAiVKGlkNWlLuR9QZSlP0wli3zLj+jj5eidk7oK","previousCounter":0,"rootKey":"H8stESjMnsEdyq/jh+4G6mG6hlnuNL6Yr5nEVDJk15I="},"indexInfo":{"baseKey":"BWrTZV1syTQNoGdGd3BcvAgZSBfhd3gF8Pwvjg2oFc9L","baseKeyType":1,"closed":-1,"used":1689261767086,"created":1689261767086,"remoteIdentityKey":"Bcm7Pt59pAobIri+b6rDmur0pFS9quArg3n7bcL+eQYw"},"_chains":{"BVVY33qNpPgdnDsuAvh59OSo4dX+a4vtF0p6+n6wx1sx":{"chainKey":{"counter":0,"key":"UjLailgo/FWuSC1vwoMQG9kXrTMd/HXeuf9ye+YmKzQ="},"chainType":1,"messageKeys":{}}},"pendingPreKey":{"signedKeyId":3,"baseKey":"BWrTZV1syTQNoGdGd3BcvAgZSBfhd3gF8Pwvjg2oFc9L","preKeyId":13776129}}},"version":"v1"}