{"_sessions":{"BRzr0JEOCNjrqtjDImwfM4RwOySzeobx/8SMsxaTfZ0V":{"registrationId":690246794,"currentRatchet":{"ephemeralKeyPair":{"pubKey":"BR4wUYeHs6Y/qM2H6oKb8nD1x6vpyDklwXOyutXz93dL","privKey":"2FhxFWMpK6zUMJEnwKFN2+/vhjklJlhiFANxVamxMG8="},"lastRemoteEphemeralKey":"BZtSA3W9hWsdXQeE2Ga2cRIq0l/Aa5vnMvPCux0vM79r","previousCounter":0,"rootKey":"fVdfOT/FSg8Zo6qkHBnLU33WWyN7pBLUDlMoBa4hi60="},"indexInfo":{"baseKey":"BRzr0JEOCNjrqtjDImwfM4RwOySzeobx/8SMsxaTfZ0V","baseKeyType":1,"closed":-1,"used":1689261768570,"created":1689261768570,"remoteIdentityKey":"BRqAQddxtsvG+l+vwyMlOgFcxtAmE5MCL20pg5qeYjA1"},"_chains":{"BR4wUYeHs6Y/qM2H6oKb8nD1x6vpyDklwXOyutXz93dL":{"chainKey":{"counter":0,"key":"oK5V8G5RSJ/qSZgBeUZYbve8NH17H1bZREIlKLXrbEk="},"chainType":1,"messageKeys":{}}},"pendingPreKey":{"signedKeyId":1,"baseKey":"BRzr0JEOCNjrqtjDImwfM4RwOySzeobx/8SMsxaTfZ0V","preKeyId":6163890}}},"version":"v1"}