{"_sessions":{"Bb14Zoerfl2Hmd/GBIUeHyJmF31mUEy/fS2GcoyDO+xT":{"registrationId":1481539965,"currentRatchet":{"ephemeralKeyPair":{"pubKey":"BQgL1Sn0X1dchwRfiX633Bf++ZkoPQ6RaT2Q1rxr0EQo","privKey":"kN0/QQpwKFNO77INnGDs/Mf+r1y7VxzNyDyqRjGaD0E="},"lastRemoteEphemeralKey":"BULzmCq20BqM9W6pmsybTiV4Z1x0yawwzSdC7VBWXrMW","previousCounter":0,"rootKey":"yOQXLLYzoBUjkOz7JR44nJtcfbteSjYg6ILEg+ox8N8="},"indexInfo":{"baseKey":"Bb14Zoerfl2Hmd/GBIUeHyJmF31mUEy/fS2GcoyDO+xT","baseKeyType":1,"closed":-1,"used":1689261768666,"created":1689261768666,"remoteIdentityKey":"BTWb9Qzfzcb/SZGNC3jTmM/UUso7u3ihTlKvnXDD0IBO"},"_chains":{"BQgL1Sn0X1dchwRfiX633Bf++ZkoPQ6RaT2Q1rxr0EQo":{"chainKey":{"counter":0,"key":"YQnX8gGUXpjyp1LrUlK847bUHmWD9obmY3UoraURwYM="},"chainType":1,"messageKeys":{}}},"pendingPreKey":{"signedKeyId":3,"baseKey":"Bb14Zoerfl2Hmd/GBIUeHyJmF31mUEy/fS2GcoyDO+xT","preKeyId":6266056}}},"version":"v1"}