{"_sessions":{"BQu83SlVZjg94yhZ8okNzJEZr4cpZ6SuvohGX/Ly/rJg":{"registrationId":2103124706,"currentRatchet":{"ephemeralKeyPair":{"pubKey":"Be8zSZQ/PuB0JclPCK1BykHfV6Bz31Uza7xPihwg3kw0","privKey":"0Oby4+VCO7yOwZdS4YHryDIsSc+8dV6AqsX7hG6PgGg="},"lastRemoteEphemeralKey":"BZEN7Y78sUJWBBwP23RxKBn94+YeSiml8eKCKFFq7PFa","previousCounter":0,"rootKey":"sPiqB4FZIFbjPsM/uLe6R+zoFqfX2ctYaz7cb2mS2mE="},"indexInfo":{"baseKey":"BQu83SlVZjg94yhZ8okNzJEZr4cpZ6SuvohGX/Ly/rJg","baseKeyType":1,"closed":-1,"used":1689261926187,"created":1689261926187,"remoteIdentityKey":"BYqqQoxCmCXLAOHp2KkqmYmbQx0VWgj09HkTXYr2r2AZ"},"_chains":{"Be8zSZQ/PuB0JclPCK1BykHfV6Bz31Uza7xPihwg3kw0":{"chainKey":{"counter":1,"key":"txzdRdjyrwLyYKSIRb0nUpr4GO5O8ZhVVBEugu1b7kI="},"chainType":1,"messageKeys":{}}},"pendingPreKey":{"signedKeyId":1,"baseKey":"BQu83SlVZjg94yhZ8okNzJEZr4cpZ6SuvohGX/Ly/rJg","preKeyId":8287158}}},"version":"v1"}