{"_sessions":{"BcwiPtGaEYr10VTYvBp1W3/87BC7rE9FZ2QQwEAJZmhm":{"registrationId":256508647,"currentRatchet":{"ephemeralKeyPair":{"pubKey":"BbXVRWR+UgU1JYwsht9rNiFQVSmmeL1E80K3XtBmVBVb","privKey":"yHqCccqKhIDmk3+/ilzRNeZf/9pRnX4wDY327CiEvHg="},"lastRemoteEphemeralKey":"BTQVdLG4MdqpL/rnwlB9HiNItG1EFIhi9RVnmktKFeZ4","previousCounter":0,"rootKey":"AdAanaZzX2RVUGMKWQPZ1j+amv0p3Ep4RKAJnR2ZmRE="},"indexInfo":{"baseKey":"BcwiPtGaEYr10VTYvBp1W3/87BC7rE9FZ2QQwEAJZmhm","baseKeyType":1,"closed":-1,"used":1689261926286,"created":1689261926286,"remoteIdentityKey":"BQS1gIGumrTikj++qhL6ztlTLvVrwF8DgDQes5iKxPAd"},"_chains":{"BbXVRWR+UgU1JYwsht9rNiFQVSmmeL1E80K3XtBmVBVb":{"chainKey":{"counter":1,"key":"W/q3/z0ijPaVIf9gGBSNxPNhBGo5j39J2fkLDWgGY3U="},"chainType":1,"messageKeys":{}}},"pendingPreKey":{"signedKeyId":11,"baseKey":"BcwiPtGaEYr10VTYvBp1W3/87BC7rE9FZ2QQwEAJZmhm","preKeyId":10121172}}},"version":"v1"}