{"_sessions":{"BbXapRhwEtytBIpKPhQ3FrRc2iTHuoCo4LJtelvpt4cg":{"registrationId":1783110244,"currentRatchet":{"ephemeralKeyPair":{"pubKey":"BWx453+JhDkeFu6eD0CN+vCIyI06uYAQhWYzF7iQYSsl","privKey":"KBf9AtVHqGmjtT4p9yRWiiXfJjmVS8OXz3GVKgGACUI="},"lastRemoteEphemeralKey":"BRUTQO+hN3hC2DXsIBYmPk3kTrfE4qFMl7hD0/nOsfgM","previousCounter":0,"rootKey":"WOIlrZ8K8jb0WOhsKItpVaU9rZtZmgsb4rzdpSXxbok="},"indexInfo":{"baseKey":"BbXapRhwEtytBIpKPhQ3FrRc2iTHuoCo4LJtelvpt4cg","baseKeyType":1,"closed":-1,"used":1689261926298,"created":1689261926298,"remoteIdentityKey":"BSJ2aZiTIBbOVTzv+g3Z8IQylYjUba2DKfZtSYkqW7EF"},"_chains":{"BWx453+JhDkeFu6eD0CN+vCIyI06uYAQhWYzF7iQYSsl":{"chainKey":{"counter":1,"key":"DQzwouhisQe1Qlq15NIHLFQ+yirI5i65vxS428vI6uo="},"chainType":1,"messageKeys":{}}},"pendingPreKey":{"signedKeyId":0,"baseKey":"BbXapRhwEtytBIpKPhQ3FrRc2iTHuoCo4LJtelvpt4cg","preKeyId":1679321}}},"version":"v1"}