{"_sessions":{"BWX6nNJAamh+f4+F+2Wi8BBbZkxLS7t7HPLQ30sAgGU/":{"registrationId":70685916,"currentRatchet":{"ephemeralKeyPair":{"pubKey":"BX4m3PewSbTD0cxKfr9X6WWn1Z7pkMfyxooCr0RIp6It","privKey":"CEzFbpkWLVCsm6aLgRViYF9hvoxsv4B2d82SCyrGylQ="},"lastRemoteEphemeralKey":"BZodDLs02E/rSBig6C22of4VtqCHy8kecw7GsT1RrMlR","previousCounter":0,"rootKey":"tYa1rKuvfRpFsUuiXLVxb4XarmIOTyDE71VzkOPUqaY="},"indexInfo":{"baseKey":"BWX6nNJAamh+f4+F+2Wi8BBbZkxLS7t7HPLQ30sAgGU/","baseKeyType":1,"closed":-1,"used":1689261926274,"created":1689261926274,"remoteIdentityKey":"BS1xF/uNZldZno1xX0eOyh282KZ+pJDoHm/ZFxlyFgcv"},"_chains":{"BX4m3PewSbTD0cxKfr9X6WWn1Z7pkMfyxooCr0RIp6It":{"chainKey":{"counter":1,"key":"N939TQPKyBV1mpw1tmVgw49fhumz3dlA2PpXP6S/G04="},"chainType":1,"messageKeys":{}}},"pendingPreKey":{"signedKeyId":7,"baseKey":"BWX6nNJAamh+f4+F+2Wi8BBbZkxLS7t7HPLQ30sAgGU/","preKeyId":6274902}}},"version":"v1"}