{"_sessions":{"Bf3/0f2xnQQtRPwpmD1ZKs3BbY43z0zOQJYtvVd5KZU+":{"registrationId":122547026,"currentRatchet":{"ephemeralKeyPair":{"pubKey":"BRg/AYs+gOPqFUgXvPSHd8bca+5Z9TS0zmmG3qO5+zZF","privKey":"WEwmHk1KyaEDIVtrvNGlNH20WWe6FqBkl2Im9TDvUGA="},"lastRemoteEphemeralKey":"BSyVQeClzQEzGXwLDPNO9gDa+s9XlRYFo5Xpt9RwV6Eg","previousCounter":0,"rootKey":"uFeQijF8sxGLrudYVv1RbBRhJ3EE5LKwvtgehjxkrhI="},"indexInfo":{"baseKey":"Bf3/0f2xnQQtRPwpmD1ZKs3BbY43z0zOQJYtvVd5KZU+","baseKeyType":1,"closed":-1,"used":1689261767178,"created":1689261767178,"remoteIdentityKey":"BTse4agbyJaZ/m+SP09b9+EaGngvOH+DkOHkIuoXLiZ9"},"_chains":{"BRg/AYs+gOPqFUgXvPSHd8bca+5Z9TS0zmmG3qO5+zZF":{"chainKey":{"counter":2,"key":"EgnWr0UUal98QBB8JnNXc83KWqDQOEzeefqtOaUG1gU="},"chainType":1,"messageKeys":{}}},"pendingPreKey":{"signedKeyId":0,"baseKey":"Bf3/0f2xnQQtRPwpmD1ZKs3BbY43z0zOQJYtvVd5KZU+","preKeyId":6086828}}},"version":"v1"}