{"_sessions":{"BWUhwzD5MtpmTJcva/qo1nV5SvGwX9aHUatM9KJZKIEj":{"registrationId":1154366081,"currentRatchet":{"ephemeralKeyPair":{"pubKey":"BbmYAHBlAYy91tXEH4CN99ogGQDrfxwNsBt8y7pLkBwQ","privKey":"uD5S6OxlUTH1SV3a7xUCfvEeowUkLZv/5q6Au/8f4HY="},"lastRemoteEphemeralKey":"BfvFUfRUNqaevwz6fwYxqn+o3oSpkx1k2IlfL1NYwa0s","previousCounter":0,"rootKey":"tIHyuqcgi/0CXFuh45E/ara2QEjHCtgktTC/YaDDhws="},"indexInfo":{"baseKey":"BWUhwzD5MtpmTJcva/qo1nV5SvGwX9aHUatM9KJZKIEj","baseKeyType":1,"closed":-1,"used":1689261767464,"created":1689261767464,"remoteIdentityKey":"BRgWRcho4Cz1jeUEkRKqmhj+fd0ZClpffzSvgcSRyncF"},"_chains":{"BbmYAHBlAYy91tXEH4CN99ogGQDrfxwNsBt8y7pLkBwQ":{"chainKey":{"counter":0,"key":"ewDt6it0o9FVnsLxokCfyJnOCgmyuwshdefXSxE211s="},"chainType":1,"messageKeys":{}}},"pendingPreKey":{"signedKeyId":0,"baseKey":"BWUhwzD5MtpmTJcva/qo1nV5SvGwX9aHUatM9KJZKIEj","preKeyId":13080190}}},"version":"v1"}