{"_sessions":{"BYZvFZJbBaKX/9CGbJbZDFkTschKExz8rMmH4l04bWZ8":{"registrationId":2073271280,"currentRatchet":{"ephemeralKeyPair":{"pubKey":"BWpklCXUSnlIaRXW7yw/znIOPh7Bx/1Nm/APP8/OE/ky","privKey":"qJ4PTIFbvAfxwB10sk1vx2mRslMZG5cYVnOXeHJYOVw="},"lastRemoteEphemeralKey":"BXEOO6r9bpzF3leBjncUySGmw2dcDEUPe/OQuHaXvEMM","previousCounter":0,"rootKey":"K8EBFV7NQibUocO+bEsvbmPFiCTf2nJTo39ANyLz3og="},"indexInfo":{"baseKey":"BYZvFZJbBaKX/9CGbJbZDFkTschKExz8rMmH4l04bWZ8","baseKeyType":1,"closed":-1,"used":1689261926064,"created":1689261926064,"remoteIdentityKey":"BVChf4AMStYcXuXZOGvUR6l7MAJA9zhLMwGdtE+c+XFg"},"_chains":{"BWpklCXUSnlIaRXW7yw/znIOPh7Bx/1Nm/APP8/OE/ky":{"chainKey":{"counter":1,"key":"ORdtu3qAGKOGPtYucGXmq6Qyh8Kwv2LzcD1yHpjKr2A="},"chainType":1,"messageKeys":{}}},"pendingPreKey":{"signedKeyId":0,"baseKey":"BYZvFZJbBaKX/9CGbJbZDFkTschKExz8rMmH4l04bWZ8","preKeyId":13253392}}},"version":"v1"}