{"_sessions":{"BVHdarm2o9ZGb3kexCfPV1vo932z2PW17OACOFnpxXQy":{"registrationId":1024352414,"currentRatchet":{"ephemeralKeyPair":{"pubKey":"BdXr7uJtjIVjydxsWMQwmzHoNHa/PkQsMQK+XxqdRAE5","privKey":"cEfQ/QSWlbE1xiiAIsebw/6ZMvnv1xjpcQjs4qYiM1U="},"lastRemoteEphemeralKey":"BYJgg+aC0862Z3/T3cw/UX2tNMKM94OTsht00pB/mFdB","previousCounter":0,"rootKey":"fEGDbXO8TWiippK/SOhWan/I6UcGvjUF1hqrB7e8VHY="},"indexInfo":{"baseKey":"BVHdarm2o9ZGb3kexCfPV1vo932z2PW17OACOFnpxXQy","baseKeyType":1,"closed":-1,"used":1689261925960,"created":1689261925960,"remoteIdentityKey":"BbXLaJbAlC6Z0IbBGAiy+Z1HvX3EfS6z5GPUZjW1tMRW"},"_chains":{"BdXr7uJtjIVjydxsWMQwmzHoNHa/PkQsMQK+XxqdRAE5":{"chainKey":{"counter":1,"key":"yg0+M9doVJ95c2ImM4jAHXnb2sgwThFtzaPPjFali/g="},"chainType":1,"messageKeys":{}}},"pendingPreKey":{"signedKeyId":2,"baseKey":"BVHdarm2o9ZGb3kexCfPV1vo932z2PW17OACOFnpxXQy","preKeyId":3680100}}},"version":"v1"}