{"_sessions":{"BS7N8yb+sGjFa6DHGZQCgDJqccNqYVG7VIcfnnCT48x1":{"registrationId":589143595,"currentRatchet":{"ephemeralKeyPair":{"pubKey":"BYg+L66I8nNIxx5Uriw/UOGS5MIUzNT043Kp16IQfTJU","privKey":"wPRvyJBDPwg3WbffGJnu43NCM6WvQvMdzBeCbn+MEGQ="},"lastRemoteEphemeralKey":"Beo9Ml0+ItGN1ZPI7Ldd9/5+ot/t7shDFgncmNKk7O45","previousCounter":0,"rootKey":"kuaGj9Y5mE70zOz+EOCkjkQTDpynAq0iHxkyTksla6Q="},"indexInfo":{"baseKey":"BS7N8yb+sGjFa6DHGZQCgDJqccNqYVG7VIcfnnCT48x1","baseKeyType":1,"closed":-1,"used":1689261767688,"created":1689261767688,"remoteIdentityKey":"Be2BCZkrP/uwRORHVEomI7e2of9jy6XF7As3nii5Wp0o"},"_chains":{"BYg+L66I8nNIxx5Uriw/UOGS5MIUzNT043Kp16IQfTJU":{"chainKey":{"counter":0,"key":"IACKLV3ZSQsPlQm9n0sWf83Cqu2x49S5aY6OOZwcZXw="},"chainType":1,"messageKeys":{}}},"pendingPreKey":{"signedKeyId":10,"baseKey":"BS7N8yb+sGjFa6DHGZQCgDJqccNqYVG7VIcfnnCT48x1","preKeyId":9361377}}},"version":"v1"}