{"_sessions":{"BaNB+v1S13jl/catPkxsvXNG91fnqe7AXpjx9NtCsM8F":{"registrationId":241,"currentRatchet":{"ephemeralKeyPair":{"pubKey":"Bd7xF/N6OcrEyz+VUXL/mJEV2T9k6yVGSImBCwOOu1lE","privKey":"iJGVdmwXiEEAI3IDBT2/jbjfpMxUelFGIxGc3+q200o="},"lastRemoteEphemeralKey":"BfQYq+j6H5jZ07NXoVYi6AHnzNBzrmMtfbNsAzFvIFFR","previousCounter":0,"rootKey":"WKAsIL+l0bB0HMnSZvrw05YEPkWbXoOpidp1Gej8J3A="},"indexInfo":{"baseKey":"BaNB+v1S13jl/catPkxsvXNG91fnqe7AXpjx9NtCsM8F","baseKeyType":1,"closed":-1,"used":1689261766765,"created":1689261766765,"remoteIdentityKey":"BVCmjPnUsxdZDIbY8YMdzneROqjCC81LF3Ralu7ORTYl"},"_chains":{"Bd7xF/N6OcrEyz+VUXL/mJEV2T9k6yVGSImBCwOOu1lE":{"chainKey":{"counter":0,"key":"MACI9NJ1dyUtEKtxTZla+6QHRtTDkqOR8jKUB6JPJgo="},"chainType":1,"messageKeys":{}}},"pendingPreKey":{"signedKeyId":1,"baseKey":"BaNB+v1S13jl/catPkxsvXNG91fnqe7AXpjx9NtCsM8F"}}},"version":"v1"}