{"_sessions":{"Bcq5smG6upERXdRZAxI9y+t895UZwmVtHSLeucd+bHck":{"registrationId":1990117793,"currentRatchet":{"ephemeralKeyPair":{"pubKey":"BcpAEZq+JUGH3GycVQk0xSbDNXqHHdp9fw77EXni085m","privKey":"aL/7e93AGBKeGOdqUcbpI8uMUiOkDcsl67BkX/rBvEI="},"lastRemoteEphemeralKey":"BXwvhYfaz5/khB6nxEkre9RhHzCOQNdN4g/DLhg0acJm","previousCounter":0,"rootKey":"c+SNrZdhOEUxZlxPAc+XUQi5Ecatg1boHTpMDqWe058="},"indexInfo":{"baseKey":"Bcq5smG6upERXdRZAxI9y+t895UZwmVtHSLeucd+bHck","baseKeyType":1,"closed":-1,"used":1689261767299,"created":1689261767299,"remoteIdentityKey":"BUNcC7SojAMaDBhJCYwvcXXkmkJu2anyJqokeEKTwcgS"},"_chains":{"BcpAEZq+JUGH3GycVQk0xSbDNXqHHdp9fw77EXni085m":{"chainKey":{"counter":0,"key":"dEYp11CoIbVnjbBHSBQxPvZMtPhUbyiz2rMSqX5T1+A="},"chainType":1,"messageKeys":{}}},"pendingPreKey":{"signedKeyId":0,"baseKey":"Bcq5smG6upERXdRZAxI9y+t895UZwmVtHSLeucd+bHck","preKeyId":6302035}}},"version":"v1"}