{"_sessions":{"BV0Tsoi7J4EhBm7yGEe5AhhJLUsl2RtNtZ+q2jF0M6po":{"registrationId":1737660873,"currentRatchet":{"ephemeralKeyPair":{"pubKey":"BZ0leycdqKDEbdxD50t2xHgkXQoZxHPbXvrNblUlCIJR","privKey":"0Pf2TtDsnpZPMITBwmz3PixFfZE51Pm1vfQU8e6PY38="},"lastRemoteEphemeralKey":"BSqULenyd/H2NnFg62m6H7p0/c7zhXzE12eugCiGM1Ml","previousCounter":0,"rootKey":"Qm5kQkFhhBlzZ51QMnx275TvaxuKoUHQMNcTeIee5uw="},"indexInfo":{"baseKey":"BV0Tsoi7J4EhBm7yGEe5AhhJLUsl2RtNtZ+q2jF0M6po","baseKeyType":1,"closed":-1,"used":1689261768577,"created":1689261768577,"remoteIdentityKey":"BcRivJaVCdT9TseAHk2OtZg9fm0pVu7VFt6UfFV6vnxv"},"_chains":{"BZ0leycdqKDEbdxD50t2xHgkXQoZxHPbXvrNblUlCIJR":{"chainKey":{"counter":0,"key":"ZF2mODTNtzRejwHz/TxgKlMRHThNyg5maYkiJfX+5Uk="},"chainType":1,"messageKeys":{}}},"pendingPreKey":{"signedKeyId":0,"baseKey":"BV0Tsoi7J4EhBm7yGEe5AhhJLUsl2RtNtZ+q2jF0M6po"}}},"version":"v1"}