{"_sessions":{"BdYtpR+hdO9PyxXYmaOjyIur3V7O16Xd2ONqeKrSj9Qs":{"registrationId":173723773,"currentRatchet":{"ephemeralKeyPair":{"pubKey":"BRg89BgxZpuhJV+q3t73D/G0BKgPzRLeVZOaH6gD+7wE","privKey":"IBfUtOlWCuv/WNPBeDjt6CHEs+ecumkArBIpVabHv0Q="},"lastRemoteEphemeralKey":"BXJJGYazulr1N0KY5BcXqF3zh+U1BnzMQoNnJAWUqhx5","previousCounter":0,"rootKey":"luhEJ2Ubf5Gw8yOSVasCGC/TqUxT0OTC3F+AXWD848o="},"indexInfo":{"baseKey":"BdYtpR+hdO9PyxXYmaOjyIur3V7O16Xd2ONqeKrSj9Qs","baseKeyType":1,"closed":-1,"used":1689261925980,"created":1689261925980,"remoteIdentityKey":"BevLrTyqwiCols/WdS7mtT53419DieaCPtGo4GRCc/RZ"},"_chains":{"BRg89BgxZpuhJV+q3t73D/G0BKgPzRLeVZOaH6gD+7wE":{"chainKey":{"counter":1,"key":"olowTvk7gee40e+kBCw24cRGueZtN/+J67pv4qc0BE4="},"chainType":1,"messageKeys":{}}},"pendingPreKey":{"signedKeyId":3,"baseKey":"BdYtpR+hdO9PyxXYmaOjyIur3V7O16Xd2ONqeKrSj9Qs","preKeyId":3807517}}},"version":"v1"}