{"_sessions":{"BYS6BJDAM5VPzOmuZLAjz7ceHLdu752PEl8LcZM6e0Ql":{"registrationId":1205276042,"currentRatchet":{"ephemeralKeyPair":{"pubKey":"BZ1I2MZT5HTTlyQEK0NzI9kDga6GFKuT/idJpcoZVWt2","privKey":"mCXQBlhJ0l0bFyhUIb77sDBlWrwhvim0qzEj+iCQkGo="},"lastRemoteEphemeralKey":"Bfj7r3+y7NW2DfkGb80xsFwGlQTYVUafNSUEK7t8OQVe","previousCounter":0,"rootKey":"L6zLW73VbBas+3nTUqz2QlPfcsWrB4ZU+pLwjfnu8Ao="},"indexInfo":{"baseKey":"BYS6BJDAM5VPzOmuZLAjz7ceHLdu752PEl8LcZM6e0Ql","baseKeyType":1,"closed":-1,"used":1689261925985,"created":1689261925985,"remoteIdentityKey":"BSjqy7xYwMTOP4XVB7OcHsS1KRRj0R5Ft1Q812dZ9al4"},"_chains":{"BZ1I2MZT5HTTlyQEK0NzI9kDga6GFKuT/idJpcoZVWt2":{"chainKey":{"counter":1,"key":"cFcb8+g51czFGCIfpv+EF4LNKU0m3l2X3D7kpYPKbWY="},"chainType":1,"messageKeys":{}}},"pendingPreKey":{"signedKeyId":0,"baseKey":"BYS6BJDAM5VPzOmuZLAjz7ceHLdu752PEl8LcZM6e0Ql","preKeyId":9667132}}},"version":"v1"}