{"_sessions":{"BfdFoFOt+i8G/Gl7jOshsm7SIJ8sE/vgVsi51afIdBls":{"registrationId":907063757,"currentRatchet":{"ephemeralKeyPair":{"pubKey":"BeJd0rm3PNVpwvIyaoLWf7fKa16AKFecV7ZLlPAwFRs6","privKey":"aKt4/7fjvHalqoTUOwAkf+JV3RQSLkZUQGR/6v4pjkY="},"lastRemoteEphemeralKey":"BYNHIoQEUu9VmEGFIB5rYpYnWae0An2qQ2PRqJzds/Zu","previousCounter":0,"rootKey":"TEwkN/mWe+NDdoEwGZ39592xBxatYB1IKJUW3qdZh+U="},"indexInfo":{"baseKey":"BfdFoFOt+i8G/Gl7jOshsm7SIJ8sE/vgVsi51afIdBls","baseKeyType":1,"closed":-1,"used":1689261926252,"created":1689261926252,"remoteIdentityKey":"BWzg55q69N6Wdm/1Ul2PV3Qj/yWXze0YFoFFONVVVe4A"},"_chains":{"BeJd0rm3PNVpwvIyaoLWf7fKa16AKFecV7ZLlPAwFRs6":{"chainKey":{"counter":1,"key":"LV/RhLiFxNn1zuTzVKuXZO4Yw9jmVZJLMtsk+neKNqs="},"chainType":1,"messageKeys":{}}},"pendingPreKey":{"signedKeyId":1,"baseKey":"BfdFoFOt+i8G/Gl7jOshsm7SIJ8sE/vgVsi51afIdBls","preKeyId":11180565}}},"version":"v1"}