{"_sessions":{"BcUkF6o8laNnPLdmsz8+EpEXoPul6mhwesC242pnbtwD":{"registrationId":1568864290,"currentRatchet":{"ephemeralKeyPair":{"pubKey":"BZhpORobitP6uswPKm0OWLBf4Jb471KAIzJ1v3p2kG8h","privKey":"qLCNByM54jKOwyGC5W1hofUSpTtdAui+aqeocXFREUI="},"lastRemoteEphemeralKey":"BdWCobFfMajcr5GZENe6R0J3CAoI3MhKX5vZRIDB/w8r","previousCounter":0,"rootKey":"2X8vZRSbqihKqtTSVXlTlahLMzSw4YuMpQUloiRviJg="},"indexInfo":{"baseKey":"BcUkF6o8laNnPLdmsz8+EpEXoPul6mhwesC242pnbtwD","baseKeyType":1,"closed":-1,"used":1689261768253,"created":1689261768253,"remoteIdentityKey":"BXauXnJ+f3xtsO47o81Snt5NJnXiLZ3Ma6nfQUnZ6xtC"},"_chains":{"BZhpORobitP6uswPKm0OWLBf4Jb471KAIzJ1v3p2kG8h":{"chainKey":{"counter":0,"key":"XHv+tulk8HoZN6wUCIuo2kTutiF+0wG0kS2bdvY/HUQ="},"chainType":1,"messageKeys":{}}},"pendingPreKey":{"signedKeyId":0,"baseKey":"BcUkF6o8laNnPLdmsz8+EpEXoPul6mhwesC242pnbtwD","preKeyId":9911660}}},"version":"v1"}