{"_sessions":{"BXzpPWdQXlGlXe73yK6SnEjcRjTzCTUuzPdYjNaS7rtq":{"registrationId":505667705,"currentRatchet":{"ephemeralKeyPair":{"pubKey":"BZK4h41PnNfsVlQ0rmbpU3QbzbXsMLQHle/biUSk6jQX","privKey":"aK/BGFQYCjtl0DOsAwkVdy0iiXtxsGQO/1BysED371M="},"lastRemoteEphemeralKey":"BYBAxRmsKs/rg5bWScn+1e/4KRAnm1U3jmv4T0tQS7Us","previousCounter":0,"rootKey":"cxnE8056RDe74esHlL0TQbbUkxlqFv+R7cMVfJXI+30="},"indexInfo":{"baseKey":"BXzpPWdQXlGlXe73yK6SnEjcRjTzCTUuzPdYjNaS7rtq","baseKeyType":1,"closed":-1,"used":1689261925896,"created":1689261925896,"remoteIdentityKey":"BUAOGFr8FLq4swCp5ldkFcG4MkbZ56utd3zy8rOBe2IZ"},"_chains":{"BZK4h41PnNfsVlQ0rmbpU3QbzbXsMLQHle/biUSk6jQX":{"chainKey":{"counter":1,"key":"rBfooCn8M6+po3lQdaTyJOOOytzOGN753Pu1dZt+9yo="},"chainType":1,"messageKeys":{}}},"pendingPreKey":{"signedKeyId":0,"baseKey":"BXzpPWdQXlGlXe73yK6SnEjcRjTzCTUuzPdYjNaS7rtq","preKeyId":7236129}}},"version":"v1"}