{"_sessions":{"BdQ9uNdOsC64j/U0xKdOvpJ5oMT4Xw9K7uAH4BiF8Cce":{"registrationId":1767113692,"currentRatchet":{"ephemeralKeyPair":{"pubKey":"Bf7ydTQ2uAbROOWdQnya4p2vSHYveozQBjL/0w+E6+AE","privKey":"UA2QBTi1tnR/heXm5O7QdZAOL5LJjO1B3Ue+2usFgWY="},"lastRemoteEphemeralKey":"BfwMdRqx86fTEhiv/bpd+r6ig31qzTGo5u8HHOMfYzRU","previousCounter":0,"rootKey":"B1gJ8L7cmqWsQPAnkzhZFFqjrLWd9UU/t08qXbDqNW0="},"indexInfo":{"baseKey":"BdQ9uNdOsC64j/U0xKdOvpJ5oMT4Xw9K7uAH4BiF8Cce","baseKeyType":1,"closed":-1,"used":1689261767268,"created":1689261767268,"remoteIdentityKey":"BV17J6/913XTxUatprKuI20UKHd1Jp/y/le2qIJyl2ZR"},"_chains":{"Bf7ydTQ2uAbROOWdQnya4p2vSHYveozQBjL/0w+E6+AE":{"chainKey":{"counter":0,"key":"6tNyc6JDVssynua57jhbf7xzXECTv2ZIY6qOLopVjYg="},"chainType":1,"messageKeys":{}}},"pendingPreKey":{"signedKeyId":0,"baseKey":"BdQ9uNdOsC64j/U0xKdOvpJ5oMT4Xw9K7uAH4BiF8Cce"}}},"version":"v1"}