{"_sessions":{"BQ2dLBYYaskcZ29HHN2lWfgKwmg9M82cOsM7xd+Vofsc":{"registrationId":754592814,"currentRatchet":{"ephemeralKeyPair":{"pubKey":"BZqydz+cyXAvBLlOMzzzVkSaeJLyPQxozYBhpgvLmPMx","privKey":"kN6GnzwHopi29EZwI5/QL/Dp1jqLcsDJglHIaTSR8Eo="},"lastRemoteEphemeralKey":"BaEprGf7cpH0ZAgFWoqXubl5NwIpaZ0o8QzXjIl4EbwN","previousCounter":0,"rootKey":"MLSx8wd2zvDajZUisQWqmm9Hq5uRjCvjFFHpvsxyrtc="},"indexInfo":{"baseKey":"BQ2dLBYYaskcZ29HHN2lWfgKwmg9M82cOsM7xd+Vofsc","baseKeyType":1,"closed":-1,"used":1689261768449,"created":1689261768449,"remoteIdentityKey":"BcFYYU1fD2T4d/QPJwp0u6g0dyiARRFyWD4b6vB4PpZA"},"_chains":{"BZqydz+cyXAvBLlOMzzzVkSaeJLyPQxozYBhpgvLmPMx":{"chainKey":{"counter":0,"key":"6oZt7ELtRYQc1SrWp63iwWYLvuIF26f6ZJTYssjLX1E="},"chainType":1,"messageKeys":{}}},"pendingPreKey":{"signedKeyId":0,"baseKey":"BQ2dLBYYaskcZ29HHN2lWfgKwmg9M82cOsM7xd+Vofsc"}}},"version":"v1"}