{"_sessions":{"BYRt6LHOGsQA88PcaMvC515r9JxLM/s8W1dFrsmy12US":{"registrationId":1146002448,"currentRatchet":{"ephemeralKeyPair":{"pubKey":"BZ4vJ7TsTQtD46Btnm/PqVa8VYTFRYYjp1CiDNj7qHsc","privKey":"+GA/NB3eyiPMQ1AXEkpxI7G2D8vPqXklBgmrVRPfGFY="},"lastRemoteEphemeralKey":"BcIa0EpuP9hwIzIZh59RjtJwcc4kAHCJBEu7xYWf231+","previousCounter":0,"rootKey":"C07WtXxsjySD4SQjEc0NG949NS3R8pIaF+e1qC2zHNg="},"indexInfo":{"baseKey":"BYRt6LHOGsQA88PcaMvC515r9JxLM/s8W1dFrsmy12US","baseKeyType":1,"closed":-1,"used":1689261768962,"created":1689261768962,"remoteIdentityKey":"BSv/hVwP+WIvk697V1ruJYH+SAQFy0ax1lF5t6Z3eqI9"},"_chains":{"BZ4vJ7TsTQtD46Btnm/PqVa8VYTFRYYjp1CiDNj7qHsc":{"chainKey":{"counter":0,"key":"uGMLFL+75Qf5kKggcYW3Xadm9Wmnd4NaTJdRe35kUgw="},"chainType":1,"messageKeys":{}}},"pendingPreKey":{"signedKeyId":2,"baseKey":"BYRt6LHOGsQA88PcaMvC515r9JxLM/s8W1dFrsmy12US","preKeyId":14747883}}},"version":"v1"}