{"_sessions":{"BQJh+uj1SfS1JSdriDbJvQyxLfqaRqt/F1p8Z1fT3vwg":{"registrationId":182,"currentRatchet":{"ephemeralKeyPair":{"pubKey":"BbGiAn4uC8yrL8AcMJdDkxMY69T8fNUfpz04z+W8bN0D","privKey":"ILtCgKd7PsTeQ78GMD396tNHEQGLkzGJ/ZR1BLkgg0o="},"lastRemoteEphemeralKey":"BVuzF83U2BGjEpFzOl6xJpyPPU/k/EkIHvmbggTlUUR1","previousCounter":0,"rootKey":"1IgwfvdY4Aa4xxEpP59Bt6AMEXEGZ54inzrQd3XOcTE="},"indexInfo":{"baseKey":"BQJh+uj1SfS1JSdriDbJvQyxLfqaRqt/F1p8Z1fT3vwg","baseKeyType":1,"closed":-1,"used":1689261766104,"created":1689261766104,"remoteIdentityKey":"BbwZoGOgqZmoNfbeZwleucztwCjloZx+vJe5E+qrsY5w"},"_chains":{"BbGiAn4uC8yrL8AcMJdDkxMY69T8fNUfpz04z+W8bN0D":{"chainKey":{"counter":0,"key":"zhw8Uw6JpvbRHCIGrCBJuVHJPxh2mhU0EmYjThnX0zs="},"chainType":1,"messageKeys":{}}},"pendingPreKey":{"signedKeyId":1,"baseKey":"BQJh+uj1SfS1JSdriDbJvQyxLfqaRqt/F1p8Z1fT3vwg"}}},"version":"v1"}