{"_sessions":{"BR9X1CqrooLB4H7AMZLr+lMha/HTX6goV0cZ45VyRhNc":{"registrationId":183779470,"currentRatchet":{"ephemeralKeyPair":{"pubKey":"BXY5QLMgaI9xyNjzL2FVRSRT8QtQxoUBUDmIsFjvB7Yb","privKey":"8H98I7MSzP6mVUg5Kr8krkqjds+fWtHyNH37eVnkTHc="},"lastRemoteEphemeralKey":"BYjCU7vlzMPh0EuzCI+DLaE2CZbgcZ92h++Ga/M/4JZ8","previousCounter":0,"rootKey":"FTTdS18Oho3T/zYr8+3v58lysBydETBObXh8nVFt0k4="},"indexInfo":{"baseKey":"BR9X1CqrooLB4H7AMZLr+lMha/HTX6goV0cZ45VyRhNc","baseKeyType":1,"closed":-1,"used":1689261925787,"created":1689261925787,"remoteIdentityKey":"BaOwuI/V3zP9Nj2FPCJ2m6GKjoNHI+YrT82b/uqViCVe"},"_chains":{"BXY5QLMgaI9xyNjzL2FVRSRT8QtQxoUBUDmIsFjvB7Yb":{"chainKey":{"counter":1,"key":"7+szDWMqGs1cf5X3O1jddiocvzw/3gvFWw9kv20goyY="},"chainType":1,"messageKeys":{}}},"pendingPreKey":{"signedKeyId":0,"baseKey":"BR9X1CqrooLB4H7AMZLr+lMha/HTX6goV0cZ45VyRhNc"}}},"version":"v1"}