{"_sessions":{"BRI0xlsaXeBAkHbC92MD3cLEOPOCSqMTpMgd3ASIVxlk":{"registrationId":187445342,"currentRatchet":{"ephemeralKeyPair":{"pubKey":"BenTOqAg9zyVqW8aKw6m5jJjyhR1B9OwSou1zAc3wfRR","privKey":"gEucRmeBvNLYcQSy+3OSTZtXvRIl6kqFg8gv3thlXlA="},"lastRemoteEphemeralKey":"BV6/Ao69MrWfY6uElKu7/LDq9wssDOt2jDMeiirQSepq","previousCounter":0,"rootKey":"Hi5BqBC1D9+x2RRuExISYS6B5CkYyHaXGjVtGR5gFaQ="},"indexInfo":{"baseKey":"BRI0xlsaXeBAkHbC92MD3cLEOPOCSqMTpMgd3ASIVxlk","baseKeyType":1,"closed":-1,"used":1689261926163,"created":1689261926163,"remoteIdentityKey":"BSdKdVg0A6X5l8ihZ1Aa9Yht/R3lj1WG3xpMQFtKjcsQ"},"_chains":{"BenTOqAg9zyVqW8aKw6m5jJjyhR1B9OwSou1zAc3wfRR":{"chainKey":{"counter":1,"key":"j4DC+qGbLPeOAI7q0d8ZXuvmeEZg1uhg4NsBB5ThypU="},"chainType":1,"messageKeys":{}}},"pendingPreKey":{"signedKeyId":1,"baseKey":"BRI0xlsaXeBAkHbC92MD3cLEOPOCSqMTpMgd3ASIVxlk","preKeyId":4346296}}},"version":"v1"}