{"_sessions":{"BaqM8NbqdAwmwZfh+EBSjTcIrjw4wObHtvmqjGUPdntE":{"registrationId":316900019,"currentRatchet":{"ephemeralKeyPair":{"pubKey":"BSearCQQsPOJWPYw55ILSEi1YhetYKbRiOayoZhUuDAW","privKey":"wLPPLpzSqecnEpQ7PdIONei3TqhBAMHzdWnRHRJ3rHE="},"lastRemoteEphemeralKey":"BYOqrJnxkLPhISnRRAlLDOS3nt8CzaDpnmmlVH4K+tJX","previousCounter":0,"rootKey":"1rSoou28O8yiGQbE5AuPMqqv0q3uWA482Sig2aKSVlk="},"indexInfo":{"baseKey":"BaqM8NbqdAwmwZfh+EBSjTcIrjw4wObHtvmqjGUPdntE","baseKeyType":1,"closed":-1,"used":1689261925706,"created":1689261925706,"remoteIdentityKey":"Bf4fqjk/br/3T8QMI9B6SO6PlhXu3xipx8vYHHSeXbBg"},"_chains":{"BSearCQQsPOJWPYw55ILSEi1YhetYKbRiOayoZhUuDAW":{"chainKey":{"counter":1,"key":"ZpjlmLox2N9/KOOmsuXXlQtioqWnIszxwKx2devHpxs="},"chainType":1,"messageKeys":{}}},"pendingPreKey":{"signedKeyId":0,"baseKey":"BaqM8NbqdAwmwZfh+EBSjTcIrjw4wObHtvmqjGUPdntE","preKeyId":1726584}}},"version":"v1"}