{"_sessions":{"BZxz7XH9nIZQPrYP7jcmE4wqrlc9yU30HPOpyv+viHR9":{"registrationId":3153,"currentRatchet":{"ephemeralKeyPair":{"pubKey":"BVlP0vPBUNqg42jwNO/ppZjefVkWsl84yhN+XYJMJNdB","privKey":"KK9GOf/3K97x64JiIoF18Qg0rCWopZy+YsQnlOJI9Xg="},"lastRemoteEphemeralKey":"BYq+dYuHLW4KkPL/ucdm6OS6D19M2w/REC7Lv/qJN3ot","previousCounter":0,"rootKey":"TTuMxC06nyin3XvHNFtXxbVNIGFnUo2nWtq/glkroZA="},"indexInfo":{"baseKey":"BZxz7XH9nIZQPrYP7jcmE4wqrlc9yU30HPOpyv+viHR9","baseKeyType":1,"closed":-1,"used":1689261766053,"created":1689261766053,"remoteIdentityKey":"Bbzm9gqn5q31BcQ2vCWwFiM4VVsG7GeokJM3iS8OySl+"},"_chains":{"BVlP0vPBUNqg42jwNO/ppZjefVkWsl84yhN+XYJMJNdB":{"chainKey":{"counter":0,"key":"ugIlVK0D1+JgS5OokNfjlxtR1bUU4f98WArwr/unY/M="},"chainType":1,"messageKeys":{}}},"pendingPreKey":{"signedKeyId":1,"baseKey":"BZxz7XH9nIZQPrYP7jcmE4wqrlc9yU30HPOpyv+viHR9","preKeyId":609}}},"version":"v1"}