{"_sessions":{"BQEBOVPhgUZdmkYUJSyOvMGzOlJz9yh+u5KeiiwsFsd/":{"registrationId":131808161,"currentRatchet":{"ephemeralKeyPair":{"pubKey":"BaVyPrgBe4HHvlbC6hLJtFs4bJN5dqinsmuDSdS4JMEv","privKey":"4C7YJaadBEo65FK3vjY0D6zzeudNhd0ced2YYjb++X8="},"lastRemoteEphemeralKey":"BeckDadKX/IyeLLKzq39xweufoWHo/rtNONzzXiDSbtl","previousCounter":0,"rootKey":"8p0fKMc1F3vRwAeQSp0axTwYXXs1Ig5WcOT0Ypr3Khg="},"indexInfo":{"baseKey":"BQEBOVPhgUZdmkYUJSyOvMGzOlJz9yh+u5KeiiwsFsd/","baseKeyType":1,"closed":-1,"used":1689261766879,"created":1689261766879,"remoteIdentityKey":"BcCvDEzf6W+4v4LHsAi8C5lK+6AASf5mkjpq67HaNblN"},"_chains":{"BaVyPrgBe4HHvlbC6hLJtFs4bJN5dqinsmuDSdS4JMEv":{"chainKey":{"counter":0,"key":"WEn3g15L5QlcL5WB3eCX9I9FkOiA5eeA1sUUvbXBiIU="},"chainType":1,"messageKeys":{}}},"pendingPreKey":{"signedKeyId":0,"baseKey":"BQEBOVPhgUZdmkYUJSyOvMGzOlJz9yh+u5KeiiwsFsd/"}}},"version":"v1"}