{"_sessions":{"BS2qeY4cTZ3cMEFrWfKuLK5nrNEFakbeaMWRjH16MBM+":{"registrationId":9356330,"currentRatchet":{"ephemeralKeyPair":{"pubKey":"BWOjct/WELwf1+P9NjYaiIqoIUiIQgI2sELlbFghkDo2","privKey":"iBgt69tGij3bbOndDehmLhdGFQs2Eu0m5EWauBFYpHs="},"lastRemoteEphemeralKey":"BTX0FWd/Le4miuqFHDPK99336eOFrl6N5qS9FUxYASUZ","previousCounter":0,"rootKey":"IRrGv6uAaglLOwxSX+b+TsmnK6/b/BUQoIR8h1EYQgU="},"indexInfo":{"baseKey":"BS2qeY4cTZ3cMEFrWfKuLK5nrNEFakbeaMWRjH16MBM+","baseKeyType":1,"closed":-1,"used":1689261767589,"created":1689261767589,"remoteIdentityKey":"BQfMs5P1H/CzMCEJ39awlu/iIBS8k0kFJNzgRp4oXAol"},"_chains":{"BWOjct/WELwf1+P9NjYaiIqoIUiIQgI2sELlbFghkDo2":{"chainKey":{"counter":0,"key":"p1orqjhFDzz8UP6GE5FsIsiZ73PzjTEoTGVvNFSB7Dc="},"chainType":1,"messageKeys":{}}},"pendingPreKey":{"signedKeyId":0,"baseKey":"BS2qeY4cTZ3cMEFrWfKuLK5nrNEFakbeaMWRjH16MBM+"}}},"version":"v1"}