{"_sessions":{"BVbKZetTuzrzxFSNAzv5wqIx/z734/RZDnpHWimrBT5n":{"registrationId":750925683,"currentRatchet":{"ephemeralKeyPair":{"pubKey":"BbvxHIaHXn8aPFEhIP8bLjYDN3XngqWtnTSZWZFA6woq","privKey":"CGrfxhtDPc2/5fNwGgyFvQmhjAEe2I4u0kT2+KizD2c="},"lastRemoteEphemeralKey":"BSXfUQqZ+z5MfPvtBTNNUVzGaqh37cYshqytduWeZK97","previousCounter":0,"rootKey":"GxSuysHpxpQgeP/B1R7BS9zqmpQ3DQjcB6AUuJKfh5w="},"indexInfo":{"baseKey":"BVbKZetTuzrzxFSNAzv5wqIx/z734/RZDnpHWimrBT5n","baseKeyType":1,"closed":-1,"used":1689261767951,"created":1689261767951,"remoteIdentityKey":"BZ1GrDQQZY+kdbO87dSMB8xf4e/DXxs0MYL2CtumsJYU"},"_chains":{"BbvxHIaHXn8aPFEhIP8bLjYDN3XngqWtnTSZWZFA6woq":{"chainKey":{"counter":0,"key":"C9x+C8ahxgQxLpR9fcjb3IhOM87fZoIfb1lKWiHJ2O0="},"chainType":1,"messageKeys":{}}},"pendingPreKey":{"signedKeyId":0,"baseKey":"BVbKZetTuzrzxFSNAzv5wqIx/z734/RZDnpHWimrBT5n","preKeyId":12461609}}},"version":"v1"}