{"_sessions":{"BeOKf4bulSU/HMd+UbttezzoOHqnhDiBB7jkU0Ma3slY":{"registrationId":63,"currentRatchet":{"ephemeralKeyPair":{"pubKey":"BfkZtSc19AVQGfzYNxZI84cPTqRfdKrtoWHByBmJn8sF","privKey":"yGMGGgtxlUGSeF+P/CayDM9JVNZXY/H/3Cq3ig92znU="},"lastRemoteEphemeralKey":"BXLJfl81t059ptPuAa2f6G761MGFLCeZ3Ug4khRffXgr","previousCounter":0,"rootKey":"Mw6NMMqCTAwLOrcaaRjGkU9Q50dAd67Jak1MMAf01ZA="},"indexInfo":{"baseKey":"BeOKf4bulSU/HMd+UbttezzoOHqnhDiBB7jkU0Ma3slY","baseKeyType":1,"closed":-1,"used":1689261925343,"created":1689261925343,"remoteIdentityKey":"BTD9YzN62/B2z6OHOXqoHzZ/f3eMo03ea1yuQW3vudJC"},"_chains":{"BfkZtSc19AVQGfzYNxZI84cPTqRfdKrtoWHByBmJn8sF":{"chainKey":{"counter":1,"key":"qPwoIUn7RRmRWvhLrlOLljyMjNdwKLDxDqO5bZPxw5c="},"chainType":1,"messageKeys":{}}},"pendingPreKey":{"signedKeyId":1,"baseKey":"BeOKf4bulSU/HMd+UbttezzoOHqnhDiBB7jkU0Ma3slY"}}},"version":"v1"}