{"_sessions":{"BY1oBSf5NmnOFKFHZKQzq7kA0dXQo3tCvELs253TiGhg":{"registrationId":208469690,"currentRatchet":{"ephemeralKeyPair":{"pubKey":"Ba9E394Jv8AcLpLJqGg2uJZLChlZl/CFvK68mleSFutI","privKey":"4N/3gvsFWFBG1itHZ4cfzX/BfEn2+HQUXrF+0cWSXXY="},"lastRemoteEphemeralKey":"BfU4xQpg+hiM+BDPwNXNMtojZBV0V+Iof1emChgfPAkd","previousCounter":0,"rootKey":"KpFmjECLwqUlahetNT1bdpE/mhRz3e6bzSMPZb/N7Ig="},"indexInfo":{"baseKey":"BY1oBSf5NmnOFKFHZKQzq7kA0dXQo3tCvELs253TiGhg","baseKeyType":1,"closed":-1,"used":1689261925891,"created":1689261925891,"remoteIdentityKey":"BfpzhVsH+Fd7Sxce8T5N6nQITPE+FS5RL2CtgQifpo0d"},"_chains":{"Ba9E394Jv8AcLpLJqGg2uJZLChlZl/CFvK68mleSFutI":{"chainKey":{"counter":1,"key":"ut/do4Zkbi2eDVcIIpjTVk7jFjGHJqznYMr5AJR+0a0="},"chainType":1,"messageKeys":{}}},"pendingPreKey":{"signedKeyId":1,"baseKey":"BY1oBSf5NmnOFKFHZKQzq7kA0dXQo3tCvELs253TiGhg","preKeyId":15759024}}},"version":"v1"}