{"_sessions":{"BftDFFDnS2pZYLDV92qCsGTTlPnNb6cVIYiRLfTqc2w9":{"registrationId":248246556,"currentRatchet":{"ephemeralKeyPair":{"pubKey":"Bf7ICTg4d/Q/514NHynGvQJVftIto80eD3hSJPjhKH0E","privKey":"0JKNZtff+HibU+MDQEQfA8g0S/rUPz/vEfiSP7fGEWg="},"lastRemoteEphemeralKey":"BTthkx8DXXkWWkuzPXPkZe/VOjE4HhBVFwdAbeO4K4Nx","previousCounter":0,"rootKey":"2gMRjv69fnOHXFUPgcLFm8ITvUYUJBZvJelRNnKEQMA="},"indexInfo":{"baseKey":"BftDFFDnS2pZYLDV92qCsGTTlPnNb6cVIYiRLfTqc2w9","baseKeyType":1,"closed":-1,"used":1689261766796,"created":1689261766796,"remoteIdentityKey":"BZM8hfTcy4NBlfzJ9xPa+QwlcwDscf1ktJ7H647tFXwT"},"_chains":{"Bf7ICTg4d/Q/514NHynGvQJVftIto80eD3hSJPjhKH0E":{"chainKey":{"counter":0,"key":"XhCwvaS9NM7BtfOm+wdTIOT/aTsbsUbOyujj0ghYiDc="},"chainType":1,"messageKeys":{}}},"pendingPreKey":{"signedKeyId":1,"baseKey":"BftDFFDnS2pZYLDV92qCsGTTlPnNb6cVIYiRLfTqc2w9","preKeyId":677216}}},"version":"v1"}