{"_sessions":{"BYSBePO7/nlnfimKhflMAQl3RCmS7YxLXpvvhilRXJ8O":{"registrationId":661310781,"currentRatchet":{"ephemeralKeyPair":{"pubKey":"BcGx6aFGrx667frZIOxBzo95AKeba6/yo589IQYlEnpm","privKey":"qHYmxxIS7gemxbOfiBCCYkRsYhR4kGokvY0M6lGFfnA="},"lastRemoteEphemeralKey":"BfCLki1Y4Lj6uhjT+fBB0WFl/YzDdDU10MNbzM+kDCsT","previousCounter":0,"rootKey":"vfS7cIsQQHpbgTnXJSj0esJg1EggIzymU3l6Ri7LFF8="},"indexInfo":{"baseKey":"BYSBePO7/nlnfimKhflMAQl3RCmS7YxLXpvvhilRXJ8O","baseKeyType":1,"closed":-1,"used":1689261767493,"created":1689261767493,"remoteIdentityKey":"BbErIqcGFGBmh51Wy2Dyzm+Bl9F00kqa1Bx7RUDaCRg6"},"_chains":{"BcGx6aFGrx667frZIOxBzo95AKeba6/yo589IQYlEnpm":{"chainKey":{"counter":0,"key":"KOsg/hpZs/dZmPVTpv3E17GkcRd/uxUyIm0xUZlRMlU="},"chainType":1,"messageKeys":{}}},"pendingPreKey":{"signedKeyId":0,"baseKey":"BYSBePO7/nlnfimKhflMAQl3RCmS7YxLXpvvhilRXJ8O","preKeyId":6471572}}},"version":"v1"}