{"_sessions":{"BZA5SXEttTDEo0GFiRf5RC7YKskFzqG+NI36Y+tjsGdx":{"registrationId":201,"currentRatchet":{"ephemeralKeyPair":{"pubKey":"BcvvdJqcwC9ds3vLZzzvlHnOQ61+dw/xRNxpo0b9QiJO","privKey":"mBAFatRKB9O8oZOeyhMJIivH1u1fLUSUtpTRHIEYX04="},"lastRemoteEphemeralKey":"Bcrzr8zfmAQxPAOz8BVVGQBuXhDl44Lu/9Y6c0ULbgVv","previousCounter":0,"rootKey":"FlPC6GjPi6wmj6/9i0unjyDy4+eaEbOBA6DxYbxaWuc="},"indexInfo":{"baseKey":"BZA5SXEttTDEo0GFiRf5RC7YKskFzqG+NI36Y+tjsGdx","baseKeyType":1,"closed":-1,"used":1689261925083,"created":1689261925083,"remoteIdentityKey":"BfvnD41NhMp3Jp8cYWKfHpIlxYDGBS2CTn39AXf7zmYW"},"_chains":{"BcvvdJqcwC9ds3vLZzzvlHnOQ61+dw/xRNxpo0b9QiJO":{"chainKey":{"counter":1,"key":"pDU4j/CeFTg+Coey8Kil2vjK/49KYpB3gNrCCBjm8ds="},"chainType":1,"messageKeys":{}}},"pendingPreKey":{"signedKeyId":1,"baseKey":"BZA5SXEttTDEo0GFiRf5RC7YKskFzqG+NI36Y+tjsGdx"}}},"version":"v1"}