{"_sessions":{"BU5iKadtRUNWkBIYp72hKyiD+HOaAx7dMudl3ehE6EZC":{"registrationId":165,"currentRatchet":{"ephemeralKeyPair":{"pubKey":"BW+ZVOEM2LdvEVOvDr+lJ1MffSvvBUmArRpqqyPEWUAp","privKey":"IMtwy6X2wH42L54HuQfTz42uRnYXnrU+NM5F2oNnz2I="},"lastRemoteEphemeralKey":"BbmRY1qoqYhU5Lplti4r3noDbvCSK2bCGV9oZ4vlz1hD","previousCounter":0,"rootKey":"poPcKu+HkSybq5XN+gZhIbIHdGJK4tOip0ybiz536/g="},"indexInfo":{"baseKey":"BU5iKadtRUNWkBIYp72hKyiD+HOaAx7dMudl3ehE6EZC","baseKeyType":1,"closed":-1,"used":1689261766019,"created":1689261766019,"remoteIdentityKey":"Bfe9uo1QhdYuez+NG4C3wVx1z4fBScUeoYaS6MY8IQ1q"},"_chains":{"BW+ZVOEM2LdvEVOvDr+lJ1MffSvvBUmArRpqqyPEWUAp":{"chainKey":{"counter":0,"key":"z0FySKveKS6A6QXKPh2RQ4rethyT0AgBV74hwRtCyaA="},"chainType":1,"messageKeys":{}}},"pendingPreKey":{"signedKeyId":1,"baseKey":"BU5iKadtRUNWkBIYp72hKyiD+HOaAx7dMudl3ehE6EZC"}}},"version":"v1"}