{"_sessions":{"BVDTSVtlcP9pgRTTRtEYVaIzMlA658f9jxIkGK9vAZER":{"registrationId":2028246090,"currentRatchet":{"ephemeralKeyPair":{"pubKey":"BXoalqO7N2BXAP8580oYz126YkNgto3bG6vQmEUCtZp0","privKey":"CGNcWb2/8iv0afj0wHP188sj8EBE1UpdenVOxzG6b24="},"lastRemoteEphemeralKey":"BT8J1s69HUbMvQiQwF7sgjMXruR2ZPD15y1aYT+aG35h","previousCounter":0,"rootKey":"mURgAPG1dr9GkaD9b6Yx0mTdzkjneYhFvRavA0Eh0j4="},"indexInfo":{"baseKey":"BVDTSVtlcP9pgRTTRtEYVaIzMlA658f9jxIkGK9vAZER","baseKeyType":1,"closed":-1,"used":1689261925974,"created":1689261925974,"remoteIdentityKey":"BcLMJiPNkMddihsgUx6kJqWh9K5bKjg+OSIlh2cUqF8f"},"_chains":{"BXoalqO7N2BXAP8580oYz126YkNgto3bG6vQmEUCtZp0":{"chainKey":{"counter":1,"key":"z2WmNG/FhPCrCi+m9AQn3Uiqcar93AltEiVG0wwWHL8="},"chainType":1,"messageKeys":{}}},"pendingPreKey":{"signedKeyId":1,"baseKey":"BVDTSVtlcP9pgRTTRtEYVaIzMlA658f9jxIkGK9vAZER","preKeyId":5101109}}},"version":"v1"}