{"_sessions":{"BXx2+1DHy3l0hTRPlkDGqr2ji3eo7ABmElswDqbSOZIo":{"registrationId":1913971285,"currentRatchet":{"ephemeralKeyPair":{"pubKey":"BZ0YcRyGZuDqMuDLhZzutrS6Jx/G2uoT7Ly67MukMGAe","privKey":"sNjMw2kFCLJWE5HcM4eOczBKzu4XO9Kn5v8lrTdL8k8="},"lastRemoteEphemeralKey":"BcRXaSVEBa9LxEzCvaJ0WXDsWB/j+SxBHrzgvmkoZngc","previousCounter":0,"rootKey":"6TOlOpYTCHTMV5j+1ITStfeXaorI1DI311f63tDwoaA="},"indexInfo":{"baseKey":"BXx2+1DHy3l0hTRPlkDGqr2ji3eo7ABmElswDqbSOZIo","baseKeyType":1,"closed":-1,"used":1689261925668,"created":1689261925668,"remoteIdentityKey":"BXxUfFvx/9jptDrDLPN8H+Y0HQdqMntBYM6fboXaroxc"},"_chains":{"BZ0YcRyGZuDqMuDLhZzutrS6Jx/G2uoT7Ly67MukMGAe":{"chainKey":{"counter":1,"key":"ZPRTq9ZEO2PbqwxdO1CrKQj0UsAii+N/0YgKzNtbNTg="},"chainType":1,"messageKeys":{}}},"pendingPreKey":{"signedKeyId":0,"baseKey":"BXx2+1DHy3l0hTRPlkDGqr2ji3eo7ABmElswDqbSOZIo","preKeyId":10018688}}},"version":"v1"}