{"_sessions":{"BbqyL2S1CicvWiEvXlsDw3rFCiIO8uumO2zSV2NlUJFJ":{"registrationId":37,"currentRatchet":{"ephemeralKeyPair":{"pubKey":"BZRI7Rt/i7zamrsuIn4xtI3R+IhfH6ZSFOx7UJloqmwu","privKey":"uHnxf1Q+zVZdS0rhj/HMHKL3xJuE7LqERUNo1ey8FHo="},"lastRemoteEphemeralKey":"BfF4YUUuevVykgNUdP1X65VMwOyHpDf9nYNTThg5Bfh3","previousCounter":0,"rootKey":"YMzvPWdjOjRN/X5HQk0piSLAFjB9Bn+7yD/IFr1yBVY="},"indexInfo":{"baseKey":"BbqyL2S1CicvWiEvXlsDw3rFCiIO8uumO2zSV2NlUJFJ","baseKeyType":1,"closed":-1,"used":1689261766756,"created":1689261766756,"remoteIdentityKey":"BbI5rzRtBEkPPaRTs0cx6ChngYys/5VFhZUDwtwx3mQw"},"_chains":{"BZRI7Rt/i7zamrsuIn4xtI3R+IhfH6ZSFOx7UJloqmwu":{"chainKey":{"counter":0,"key":"DP+mHklHAEHEOsD7LocP2daK0/vB4dK+w57T1vjCZAs="},"chainType":1,"messageKeys":{}}},"pendingPreKey":{"signedKeyId":1,"baseKey":"BbqyL2S1CicvWiEvXlsDw3rFCiIO8uumO2zSV2NlUJFJ"}}},"version":"v1"}