{"_sessions":{"BbNlmzLKItPSh+VOuhftQudUWfUJK+us4mstg9GTVX1+":{"registrationId":1173328602,"currentRatchet":{"ephemeralKeyPair":{"pubKey":"BcPRc+Al8pQAscycL/cVnIf4My2bJgel+Dyy/h0ZjCx4","privKey":"iD3TaMuJNHRea38HmO+UrXo66c2b2mJavf72LaYXDEQ="},"lastRemoteEphemeralKey":"BeugIt3FyWB+0kihsf0ncyteiS69/SUGi0dICBRMsZ5E","previousCounter":0,"rootKey":"dacRjiqvrJ0ehPjzkxeBX1ogRTpIEfW5YNk+of4GBeQ="},"indexInfo":{"baseKey":"BbNlmzLKItPSh+VOuhftQudUWfUJK+us4mstg9GTVX1+","baseKeyType":1,"closed":-1,"used":1689261768782,"created":1689261768782,"remoteIdentityKey":"BW0QlG26FGSvf+nS/XgX93q+iQi3xl57bxSQGBA2p5pk"},"_chains":{"BcPRc+Al8pQAscycL/cVnIf4My2bJgel+Dyy/h0ZjCx4":{"chainKey":{"counter":0,"key":"QSs2iwTvt9r6mUS0xNvmHMeKWO7WKhKLbmuDGzghbf8="},"chainType":1,"messageKeys":{}}},"pendingPreKey":{"signedKeyId":0,"baseKey":"BbNlmzLKItPSh+VOuhftQudUWfUJK+us4mstg9GTVX1+","preKeyId":3131151}}},"version":"v1"}