{"_sessions":{"BZ45TOuqM8dKocZECYARfxW7xG1ohhnu/5un0VYPETRs":{"registrationId":949216583,"currentRatchet":{"ephemeralKeyPair":{"pubKey":"BdPEpRN0NZXb+obkJcSVqxSsws/A7uKlaqN98g6mPvl9","privKey":"gDpguZkOHY+31doUwR9LriDgmPrRMbHUXDkWfIKesEk="},"lastRemoteEphemeralKey":"Bbeplq/JmmjWFvt7OPDI+WlNhAHNacErvB5bRUhkDBJU","previousCounter":0,"rootKey":"cc9xZS4LtIxBa0mBzMmifhTt3rlDErKHY6eVfXG5f0k="},"indexInfo":{"baseKey":"BZ45TOuqM8dKocZECYARfxW7xG1ohhnu/5un0VYPETRs","baseKeyType":2,"closed":-1,"used":1689261743073,"created":1689261743073,"remoteIdentityKey":"BWXGWCQzYW91SnfI8Q86Gq1uT1P02CiKNKMrd7rvJDwk"},"_chains":{"Bbeplq/JmmjWFvt7OPDI+WlNhAHNacErvB5bRUhkDBJU":{"chainKey":{"counter":0,"key":"oC57TqlUgW5AevE/5WvvmhHojeTd28OswQbL0j/Y8dY="},"chainType":2,"messageKeys":{}},"BdPEpRN0NZXb+obkJcSVqxSsws/A7uKlaqN98g6mPvl9":{"chainKey":{"counter":0,"key":"7CBd+AU0hr7iY8RCR8f2Nm3g7p+mrjoe/wgr3LlvyOs="},"chainType":1,"messageKeys":{}}}}},"version":"v1"}