{"_sessions":{"BWDNmja1rJ1Y1bdsM6hc4OcnuVKkPTVG4UPShcpfxd8c":{"registrationId":232,"currentRatchet":{"ephemeralKeyPair":{"pubKey":"BfkHtbxgR9TUe7LrVkVyG7Jbw5zJnVDLvoueAZsykbJI","privKey":"sP2J/XaXfUl29l4Z0MgMPnMKj7d/Ptsn1bqxrLmNZ2w="},"lastRemoteEphemeralKey":"Ba+mVjPhmW/eLiwdXmCeU4m/QycwUw5SeGKMc9aloesi","previousCounter":0,"rootKey":"JXLdi1zQeL0zI4NOCMhpzQxjf+x+EwHr6HcSd65X8h0="},"indexInfo":{"baseKey":"BWDNmja1rJ1Y1bdsM6hc4OcnuVKkPTVG4UPShcpfxd8c","baseKeyType":1,"closed":-1,"used":1689261766289,"created":1689261766289,"remoteIdentityKey":"BX1yyq1J6CloGl099DynyApRa9lM2WAw7JZU2IJubgko"},"_chains":{"BfkHtbxgR9TUe7LrVkVyG7Jbw5zJnVDLvoueAZsykbJI":{"chainKey":{"counter":0,"key":"LAXB42yxi7kdQVUvUMJRugtC3VVXqvLbuag+O/zU+JQ="},"chainType":1,"messageKeys":{}}},"pendingPreKey":{"signedKeyId":1,"baseKey":"BWDNmja1rJ1Y1bdsM6hc4OcnuVKkPTVG4UPShcpfxd8c"}}},"version":"v1"}