{"_sessions":{"BTQf7nVgF9D42F8hO4zpT5BNBGJuu3JwkKw7SlRGlDsM":{"registrationId":160,"currentRatchet":{"ephemeralKeyPair":{"pubKey":"BbM1lJP/cKnqmyyOKbrACBFVATMPTy7MBo5BzRmIk10e","privKey":"eG6iHPaF5wkkdokoLp7F8/OtBWaAsA/x5E8izYoAuE8="},"lastRemoteEphemeralKey":"BYL/zwnCs5eEAk+Xacea+940HbiTr+i0ECGazEc5mk4s","previousCounter":0,"rootKey":"w0UvKd6qXkOm6oXER3SS9yvSRMk8zelBA54XezxKP7k="},"indexInfo":{"baseKey":"BTQf7nVgF9D42F8hO4zpT5BNBGJuu3JwkKw7SlRGlDsM","baseKeyType":1,"closed":-1,"used":1689261766455,"created":1689261766455,"remoteIdentityKey":"BU8Rf3kw5yBmgrQp4f0yTskzXQewU74kRFVgLUNZ55Bk"},"_chains":{"BbM1lJP/cKnqmyyOKbrACBFVATMPTy7MBo5BzRmIk10e":{"chainKey":{"counter":0,"key":"JGuWTPZeVSfwWP2fxKhaLWpGe23XMpGaknW18OlFjnI="},"chainType":1,"messageKeys":{}}},"pendingPreKey":{"signedKeyId":1,"baseKey":"BTQf7nVgF9D42F8hO4zpT5BNBGJuu3JwkKw7SlRGlDsM"}}},"version":"v1"}