{"_sessions":{"BXZRtxjkHypPlpbUzKOtJZ1inPkq8ooYS6wuozsrrb9M":{"registrationId":827016899,"currentRatchet":{"ephemeralKeyPair":{"pubKey":"Bf1m/tArcutm20d+S8Q0FuGnUY09NAG6zD9/2Ab92VUt","privKey":"QIK4BMLVkbEnxdwaRadA7LPbyfioOY3KOS6wsUbVKlc="},"lastRemoteEphemeralKey":"BeNFBpjKoY2VdAw1+xjjOjX8SxsVty6uvU37kAjj9C5N","previousCounter":0,"rootKey":"ZEnuEk/2/ORBA5rRv7BV+AbMDDr5AXIJ9Xl1tdOee4U="},"indexInfo":{"baseKey":"BXZRtxjkHypPlpbUzKOtJZ1inPkq8ooYS6wuozsrrb9M","baseKeyType":1,"closed":-1,"used":1689261926060,"created":1689261926060,"remoteIdentityKey":"BUHEKqlAAtcnKsw4ckOr2C4NYOYE2n8lZUzcCdAxv2I6"},"_chains":{"Bf1m/tArcutm20d+S8Q0FuGnUY09NAG6zD9/2Ab92VUt":{"chainKey":{"counter":1,"key":"4Dlz5e/Drm0N3mXvcd5Tv10FmQ70jNSmaehMC9/2vWs="},"chainType":1,"messageKeys":{}}},"pendingPreKey":{"signedKeyId":0,"baseKey":"BXZRtxjkHypPlpbUzKOtJZ1inPkq8ooYS6wuozsrrb9M"}}},"version":"v1"}