{"_sessions":{"BeC+1XLTTtySInU1pWbwVP8tLPFUcjxdvBoFXx0T7i0L":{"registrationId":590574290,"currentRatchet":{"ephemeralKeyPair":{"pubKey":"BTZ0O8Msc/nS6DPhD6EoB3o4TO4iFxltJB5JwGee6noJ","privKey":"yGT6nrMxLdmbS+m5/V+RSaHTu+NBSzrEKlS1i0ZcsE0="},"lastRemoteEphemeralKey":"BVpqPPvrHVmWpfDUVQ2IcVfcsrt4O7FUB4yUhWDjGr8P","previousCounter":0,"rootKey":"mLepAdA14Q/oEtg6QY2kZ4uVK+9T2v5aT4+1CsHMCCE="},"indexInfo":{"baseKey":"BeC+1XLTTtySInU1pWbwVP8tLPFUcjxdvBoFXx0T7i0L","baseKeyType":1,"closed":-1,"used":1689261766862,"created":1689261766862,"remoteIdentityKey":"Be3C8RV9/oQPTZ95AIhx/oyPMQ+idS928VydAUpZTfxA"},"_chains":{"BTZ0O8Msc/nS6DPhD6EoB3o4TO4iFxltJB5JwGee6noJ":{"chainKey":{"counter":0,"key":"/DO4HvljJc/WVTjJjHzD2HnfMKMkIrz5CFHfVs8sbNk="},"chainType":1,"messageKeys":{}}},"pendingPreKey":{"signedKeyId":6,"baseKey":"BeC+1XLTTtySInU1pWbwVP8tLPFUcjxdvBoFXx0T7i0L","preKeyId":1231863}}},"version":"v1"}