{"_sessions":{"BfmObMV0no7FGr+bN/aRT7pH2BUUWfNRJGt9dOFVQ7ku":{"registrationId":214,"currentRatchet":{"ephemeralKeyPair":{"pubKey":"BfRntoD1RLwUSHhLESsFrNil8L+M+E9QvkgogQ1noVFv","privKey":"wNpKgl7qcXVNYBRS/AST53JbhrQSG0M/lnlPu/hfDU0="},"lastRemoteEphemeralKey":"BfYcyKKHpZ5zyASaOEp9BbTqL8mRxE2PQPUBPFiD7PsQ","previousCounter":0,"rootKey":"UrW/VPTI3Oz9//xf99lvUxOFlA994qbWTL1xO1fgnws="},"indexInfo":{"baseKey":"BfmObMV0no7FGr+bN/aRT7pH2BUUWfNRJGt9dOFVQ7ku","baseKeyType":1,"closed":-1,"used":1689261766292,"created":1689261766292,"remoteIdentityKey":"BZTgu7kgc0+a5vg7Ir7Fmqj3EQ5iK9l4EBNzjIZ5qH4q"},"_chains":{"BfRntoD1RLwUSHhLESsFrNil8L+M+E9QvkgogQ1noVFv":{"chainKey":{"counter":0,"key":"WHcITeRfQDfiWjgo2vPV8PYefAw5NbBCuUfhtLIMRgQ="},"chainType":1,"messageKeys":{}}},"pendingPreKey":{"signedKeyId":1,"baseKey":"BfmObMV0no7FGr+bN/aRT7pH2BUUWfNRJGt9dOFVQ7ku"}}},"version":"v1"}