{"_sessions":{"Bc9VAx+2XORVYtOa0Jv2s+uTjwzS+/01hZE+jSZxM5kO":{"registrationId":240,"currentRatchet":{"ephemeralKeyPair":{"pubKey":"BRXhcWjQ3ZZNfGaKktbYZnCFXrufZSM5ZGrmKw3B7mt4","privKey":"yIxY7j2E/3A/XlmHpEUJENzhlxDoeQ77R5Jr0SG/MmA="},"lastRemoteEphemeralKey":"BU/DYzJyabe/c+TjnslBLn4T9oWxVdmcPeoPUoyttQlb","previousCounter":0,"rootKey":"rV/e3z9nsMziCeCVP+Ewg6zkO/BW2xyypBosGfLaoBs="},"indexInfo":{"baseKey":"Bc9VAx+2XORVYtOa0Jv2s+uTjwzS+/01hZE+jSZxM5kO","baseKeyType":1,"closed":-1,"used":1689261766192,"created":1689261766192,"remoteIdentityKey":"BdV+OoewR69CGCISnRU+hE8o4mVE1HL/ahKh+hpQfqgb"},"_chains":{"BRXhcWjQ3ZZNfGaKktbYZnCFXrufZSM5ZGrmKw3B7mt4":{"chainKey":{"counter":0,"key":"+HG6ddd8DTCwrv4MnTS7GNUoxNDsDcbDHc1Ljta73zU="},"chainType":1,"messageKeys":{}}},"pendingPreKey":{"signedKeyId":1,"baseKey":"Bc9VAx+2XORVYtOa0Jv2s+uTjwzS+/01hZE+jSZxM5kO"}}},"version":"v1"}