{"_sessions":{"BQD7x8j2qZvUUo+F3OVaEahyKme4ZcsvEOIZIsk+Zvxa":{"registrationId":156045585,"currentRatchet":{"ephemeralKeyPair":{"pubKey":"BX/ruUDH8+a0HK6JpxCmoL4pLWvgRVwK3SQIS86XDV0K","privKey":"sBjLG1Lh5Oz5r1RTpk5lU9Wy4J1JUIn6ISa05xU5XG0="},"lastRemoteEphemeralKey":"BYVDdSvIpdhj9SEWBuZUaL0jzyzg6BgVy48w/7L1TLQq","previousCounter":0,"rootKey":"nTvGrdx0yjOYvKf3PELYNCPuhuyjI185Do0vlibDBEU="},"indexInfo":{"baseKey":"BQD7x8j2qZvUUo+F3OVaEahyKme4ZcsvEOIZIsk+Zvxa","baseKeyType":1,"closed":-1,"used":1689261925454,"created":1689261925454,"remoteIdentityKey":"BVJzUrWnZobtqn8rL8JeNiCsfHtkJlqEuAtBtIqcwsJY"},"_chains":{"BX/ruUDH8+a0HK6JpxCmoL4pLWvgRVwK3SQIS86XDV0K":{"chainKey":{"counter":1,"key":"0kN70idaoW4GzM9iDvI8X6TW5ush6KXPHgsFT23EbX8="},"chainType":1,"messageKeys":{}}},"pendingPreKey":{"signedKeyId":0,"baseKey":"BQD7x8j2qZvUUo+F3OVaEahyKme4ZcsvEOIZIsk+Zvxa","preKeyId":7921953}}},"version":"v1"}