{"_sessions":{"Bc6GbRngUVbp4zKDVY/fBy2MpXeOIWwBdJvDh7zH4EFu":{"registrationId":1899254032,"currentRatchet":{"ephemeralKeyPair":{"pubKey":"BVPQJbQzNV7JHH/8F5BxX5MQWsMhKd6Abyl+90Q6pCNI","privKey":"8JceIhaQGcyB2rYW5xNDV7FOfU0G0CaxlWUEPVcEkUk="},"lastRemoteEphemeralKey":"BbZWpQoons2Ll38dMDc987NUBLvoGRiVurvNF7tMreYL","previousCounter":0,"rootKey":"tSlSRvE4vYlTGjgqipKiV8+xTGa5oDAZjUudQoyAOtQ="},"indexInfo":{"baseKey":"Bc6GbRngUVbp4zKDVY/fBy2MpXeOIWwBdJvDh7zH4EFu","baseKeyType":1,"closed":-1,"used":1689261768356,"created":1689261768356,"remoteIdentityKey":"BbNzG8y/1KoNYCo3e4jX0pfeoYAO8/z5wnpxaRHTsxY+"},"_chains":{"BVPQJbQzNV7JHH/8F5BxX5MQWsMhKd6Abyl+90Q6pCNI":{"chainKey":{"counter":0,"key":"NtH9Zy/iMT2Uja79ZpSQB8QN773oJfBDGL5qqgzqdEc="},"chainType":1,"messageKeys":{}}},"pendingPreKey":{"signedKeyId":4,"baseKey":"Bc6GbRngUVbp4zKDVY/fBy2MpXeOIWwBdJvDh7zH4EFu","preKeyId":11087395}}},"version":"v1"}