{"_sessions":{"BSPvtag/aFa+3zDsC1VtaYLMNT4ukU8M/nPMqzka98dS":{"registrationId":468151049,"currentRatchet":{"ephemeralKeyPair":{"pubKey":"BabozVwQW0P0JCb+wREUCLQyIVcjyFeXDdUlymk/72dX","privKey":"wPkHfDpC5LiPCPcreSapyuDXOkvUv3D4eMOaHbO3FVg="},"lastRemoteEphemeralKey":"BSZ2seiWMADnl57VQQbvxzQz04qqFXikySCasilneIxk","previousCounter":0,"rootKey":"aoV9wXsxkTKLeMryG4fE1dZHU9wN9sGwjtWqur5Ma5g="},"indexInfo":{"baseKey":"BSPvtag/aFa+3zDsC1VtaYLMNT4ukU8M/nPMqzka98dS","baseKeyType":1,"closed":-1,"used":1689261925805,"created":1689261925805,"remoteIdentityKey":"BXiUBL++2GAETRbUz5HyC968LFuy56M047yF/RnAJqoq"},"_chains":{"BabozVwQW0P0JCb+wREUCLQyIVcjyFeXDdUlymk/72dX":{"chainKey":{"counter":1,"key":"YWPUuLV1SoreJN8JU7XBosPNSUXOZ5ApZ9I0460+Xak="},"chainType":1,"messageKeys":{}}},"pendingPreKey":{"signedKeyId":1,"baseKey":"BSPvtag/aFa+3zDsC1VtaYLMNT4ukU8M/nPMqzka98dS","preKeyId":15549185}}},"version":"v1"}