{"_sessions":{"BY2rCUq4tEk1/FkAibFC9/kDxrKOH2oWzZznzRGfq8oz":{"registrationId":1686628220,"currentRatchet":{"ephemeralKeyPair":{"pubKey":"BaX1ABsTMe3Moklc9IIcq9iixfU9FWk06NtxNH5HOKsu","privKey":"UDsPd7EBg5hBLIZ/r/jByW32V6B//3WAB0rXS8QQr08="},"lastRemoteEphemeralKey":"BYh9Zmeau1vrvFRzBM0hR6CLkt/bkEyin8oSNCU0p1Am","previousCounter":0,"rootKey":"lCm1jK/OB180rlRkHCog19tm9FRkYALuKqcfy0vSPyE="},"indexInfo":{"baseKey":"BY2rCUq4tEk1/FkAibFC9/kDxrKOH2oWzZznzRGfq8oz","baseKeyType":1,"closed":-1,"used":1689261925599,"created":1689261925599,"remoteIdentityKey":"Bc7HLB6yhQGpQT6Y3NcJimaxwKYQnlJf5MxxgA6VA5tv"},"_chains":{"BaX1ABsTMe3Moklc9IIcq9iixfU9FWk06NtxNH5HOKsu":{"chainKey":{"counter":1,"key":"NVKn6QTpHi162d2uoJAgD0vIAQPig7/X3fvMszgOKvc="},"chainType":1,"messageKeys":{}}},"pendingPreKey":{"signedKeyId":0,"baseKey":"BY2rCUq4tEk1/FkAibFC9/kDxrKOH2oWzZznzRGfq8oz","preKeyId":5031715}}},"version":"v1"}