{"_sessions":{"BaSYHRRAcNBcPS1NnnBSh7ti54d8XfzgvrZAyqxdOQZj":{"registrationId":1734711899,"currentRatchet":{"ephemeralKeyPair":{"pubKey":"BVDb9kMzn2ZUvtM5vUh9DB62l1wfYydva30JVCt9nXQN","privKey":"eJ9YD3T9ZLli0LtBqIytR6Q9Brv3Ew7fo1lPQKxExVo="},"lastRemoteEphemeralKey":"BTFIqGjtigpnhAHx4jpGmtdUzGxwYT5YKp9ng4kZIyQd","previousCounter":0,"rootKey":"0zAE+3zxLdvkly5/CvdDOeBj6rerN3PU7izLGFaQX6E="},"indexInfo":{"baseKey":"BaSYHRRAcNBcPS1NnnBSh7ti54d8XfzgvrZAyqxdOQZj","baseKeyType":1,"closed":-1,"used":1689261767775,"created":1689261767775,"remoteIdentityKey":"BRog1NYNZ6cBsYXU0uzgKiSiA2PjgKxW+cIN75t++dFc"},"_chains":{"BVDb9kMzn2ZUvtM5vUh9DB62l1wfYydva30JVCt9nXQN":{"chainKey":{"counter":0,"key":"v/VusvpfxYle8ZInfoK0Ef8Y6a2xZAix8afNDEsQQ28="},"chainType":1,"messageKeys":{}}},"pendingPreKey":{"signedKeyId":0,"baseKey":"BaSYHRRAcNBcPS1NnnBSh7ti54d8XfzgvrZAyqxdOQZj","preKeyId":3512200}}},"version":"v1"}