{"_sessions":{"BWEvb6dooIREcoH4ZOAdpOg1cOwoHowiQwu/Vmy4EWJG":{"registrationId":615531638,"currentRatchet":{"ephemeralKeyPair":{"pubKey":"BbtCvw8+/JwPwluOosYZfmH9G7TahvXmAZ8t5pWkO2BW","privKey":"UGUvEkTD429C1rvqiiT865gICRAzrxjcjIwLVkPoJkQ="},"lastRemoteEphemeralKey":"BQNKdkLa34z6eNi5ZkR8X+Qofpqpg63ip9hTgWFT2j16","previousCounter":0,"rootKey":"mUjELtiUifFCnvM0a3vVptulU03fqSyQKD7clIJo+pc="},"indexInfo":{"baseKey":"BWEvb6dooIREcoH4ZOAdpOg1cOwoHowiQwu/Vmy4EWJG","baseKeyType":1,"closed":-1,"used":1689261768977,"created":1689261768977,"remoteIdentityKey":"BW0A4n6Fnl1W7diTecncljKnDNxAEJaU2apZMElMO2Fb"},"_chains":{"BbtCvw8+/JwPwluOosYZfmH9G7TahvXmAZ8t5pWkO2BW":{"chainKey":{"counter":0,"key":"WxP9ujwhUnpPf0/iWpS9VMvseMHNwJbCOMHf4wT31t4="},"chainType":1,"messageKeys":{}}},"pendingPreKey":{"signedKeyId":1,"baseKey":"BWEvb6dooIREcoH4ZOAdpOg1cOwoHowiQwu/Vmy4EWJG","preKeyId":6101791}}},"version":"v1"}