{"_sessions":{"BUqEOqmRIArrjcr6Frw4n8jARLayym+X2tmSdYrEHn8e":{"registrationId":41037516,"currentRatchet":{"ephemeralKeyPair":{"pubKey":"BeMu7YRdTYKYhGdztm3mB5jmrprYwauZNOfCXd/t/dpm","privKey":"2EYHavRygzCBwZi74bRXlcJD2dPVbDYyuBNr3//Twlw="},"lastRemoteEphemeralKey":"BVzLojlplKXqt9KyoKcIR3ZbfTFJIEd3PVQoKO318/wp","previousCounter":0,"rootKey":"2KtjxAddRi8OGrilTsOe8DOGixhaKKEUyj+LSjRWBr0="},"indexInfo":{"baseKey":"BUqEOqmRIArrjcr6Frw4n8jARLayym+X2tmSdYrEHn8e","baseKeyType":1,"closed":-1,"used":1689261766888,"created":1689261766888,"remoteIdentityKey":"BXNG9SMJJunAUK3sWqFrnV2oQaAD07uZ/hVQJzauSU4G"},"_chains":{"BeMu7YRdTYKYhGdztm3mB5jmrprYwauZNOfCXd/t/dpm":{"chainKey":{"counter":0,"key":"SQ45ZgBS8Af3CifRC6ex2T726+R1rBK6Myj+71EQQNc="},"chainType":1,"messageKeys":{}}},"pendingPreKey":{"signedKeyId":4,"baseKey":"BUqEOqmRIArrjcr6Frw4n8jARLayym+X2tmSdYrEHn8e"}}},"version":"v1"}