{"_sessions":{"Bf2uSkolOtUFwBP2QwQ061OYKetec4triuO/r1rTnAMo":{"registrationId":1631697446,"currentRatchet":{"ephemeralKeyPair":{"pubKey":"BaZDHeHJm6XqXsl3tODV62gKsMFsw02TEEVr0cycki5R","privKey":"4HzIjLru0wnneRSmg5DFs6qh1Stx1en4Ej2ZoBxgAlU="},"lastRemoteEphemeralKey":"BReHRvQ/07rWJluW5lerOeS3NxiQVFmqsgbM3R+MgCNi","previousCounter":0,"rootKey":"l+4UwvYNUR0E6s8O69igEDQazHuqB9YYNml8yxXnDnM="},"indexInfo":{"baseKey":"Bf2uSkolOtUFwBP2QwQ061OYKetec4triuO/r1rTnAMo","baseKeyType":1,"closed":-1,"used":1689261925689,"created":1689261925689,"remoteIdentityKey":"BSu7y26C3omw/3dGDQaqlQ1WuRevIBm2jpR2ZoBRAMAA"},"_chains":{"BaZDHeHJm6XqXsl3tODV62gKsMFsw02TEEVr0cycki5R":{"chainKey":{"counter":1,"key":"RrUsb+k2nyLLZA97QJrHAASd8hlU03lgfHjlEcyTmyc="},"chainType":1,"messageKeys":{}}},"pendingPreKey":{"signedKeyId":1,"baseKey":"Bf2uSkolOtUFwBP2QwQ061OYKetec4triuO/r1rTnAMo","preKeyId":15524295}}},"version":"v1"}