{"_sessions":{"BdMxEEs5fcHDqpLJS2WMwITwKnQ7ex/FAG5rxBQ0cgge":{"registrationId":806109923,"currentRatchet":{"ephemeralKeyPair":{"pubKey":"Bb+xpF0k5yTRHve+97QePSxFrZA2ZcVaY2RdyWZv6a0q","privKey":"qFYU9BjMETEvdBZFlrPaIfnIW6QYyTtp2ISkpDCbElM="},"lastRemoteEphemeralKey":"BeeS4m/X6fjACLA6adrQ14sY7DM5HBU0Q+VNTxICJg0C","previousCounter":0,"rootKey":"OGfNTuqAUsMO0wxS2lxB/D3EBAYmpQQKgvwNe9NFp+s="},"indexInfo":{"baseKey":"BdMxEEs5fcHDqpLJS2WMwITwKnQ7ex/FAG5rxBQ0cgge","baseKeyType":1,"closed":-1,"used":1689261767295,"created":1689261767295,"remoteIdentityKey":"Ba22leG5pvy9pOSET+fFD1bJ9Biht8mboC6E7RuDgKVG"},"_chains":{"Bb+xpF0k5yTRHve+97QePSxFrZA2ZcVaY2RdyWZv6a0q":{"chainKey":{"counter":0,"key":"Btde6iE82RNETBAoHYOrHY6H2hfjGXo7MgD2nVvKlfA="},"chainType":1,"messageKeys":{}}},"pendingPreKey":{"signedKeyId":0,"baseKey":"BdMxEEs5fcHDqpLJS2WMwITwKnQ7ex/FAG5rxBQ0cgge"}}},"version":"v1"}