{"_sessions":{"BdWtfGilyvW7qpSOg9lEU7wuCa7x90JebH2QsPJ3rThU":{"registrationId":46436112,"currentRatchet":{"ephemeralKeyPair":{"pubKey":"BVgNFbY9v5u6DiX4ZFFHkZYarO9p11r2KWV0rXYH/Uxk","privKey":"SFn+SWc3N5bjlRBmD/On36VqKXsYCM06YoETzodyYmc="},"lastRemoteEphemeralKey":"BYRFte/fLBU3unaYuueOWV/AefxH1ktTle/3avlm1Uh+","previousCounter":0,"rootKey":"S4sATCm6j0GKbL0Np5GpTnVWumrYo4rZHWbH1cAj/sw="},"indexInfo":{"baseKey":"BdWtfGilyvW7qpSOg9lEU7wuCa7x90JebH2QsPJ3rThU","baseKeyType":1,"closed":-1,"used":1689261768398,"created":1689261768398,"remoteIdentityKey":"BdCZ3vucs/BrXgoG0n3+abTcGUlbRbM5b7CqK9ttqVc/"},"_chains":{"BVgNFbY9v5u6DiX4ZFFHkZYarO9p11r2KWV0rXYH/Uxk":{"chainKey":{"counter":0,"key":"5zg87oG6G/Y+Yr2MMh4iu7kT3dn/kL+weGXRoeHcXcc="},"chainType":1,"messageKeys":{}}},"pendingPreKey":{"signedKeyId":6,"baseKey":"BdWtfGilyvW7qpSOg9lEU7wuCa7x90JebH2QsPJ3rThU","preKeyId":4301145}}},"version":"v1"}