{"_sessions":{"BVkYiEbkf3D4RxTAjvTlztD7UIl0LVLS22d6i0TFBBte":{"registrationId":322036765,"currentRatchet":{"ephemeralKeyPair":{"pubKey":"BW+YZJySd/lpfv/J00pYAgmjHTcc23n44XoxPbfUsQk+","privKey":"qKUFwgkX/cFGCYBPzWlspmaYblBlBSaTAkpNj8bJSWo="},"lastRemoteEphemeralKey":"BTBOQvdfqnaRQGkXummkm7CfskwvKUAth0L2mWDjOTNf","previousCounter":0,"rootKey":"AiDv7q3W/t7vpHSNAhus090sEDfWpZjlBCG+WiupDfc="},"indexInfo":{"baseKey":"BVkYiEbkf3D4RxTAjvTlztD7UIl0LVLS22d6i0TFBBte","baseKeyType":1,"closed":-1,"used":1689261768684,"created":1689261768684,"remoteIdentityKey":"BRyRIRQAw0W6IsOJNe/mWzP5sOCPqHu/zqpGbPHHY3BK"},"_chains":{"BW+YZJySd/lpfv/J00pYAgmjHTcc23n44XoxPbfUsQk+":{"chainKey":{"counter":0,"key":"ELMxA0bkF1M4VgdtH6Kp8vtmvPdf1nnZvcUajunLcTE="},"chainType":1,"messageKeys":{}}},"pendingPreKey":{"signedKeyId":1,"baseKey":"BVkYiEbkf3D4RxTAjvTlztD7UIl0LVLS22d6i0TFBBte","preKeyId":6716489}}},"version":"v1"}