{"_sessions":{"BfEWolCphrAOCoXTmzSBXs4J3G45NkLZptVIKa3DXjB9":{"registrationId":565126307,"currentRatchet":{"ephemeralKeyPair":{"pubKey":"BeqdrdB3AKkKUMYyvpaOEuoTvaH5Qm617NyDo1KoMDQH","privKey":"OM8WILiVIIAjUGLM2rbuSqxfhfEgOHkyJkWhUcBWx0w="},"lastRemoteEphemeralKey":"BUSKMnRD2ucyfOciGd7KEEeksRcaznyjFHfeci42zwwJ","previousCounter":0,"rootKey":"BR23BYEnAIJW0WxGqdCmomqt1n9yoYAbSYTDRXGX4mY="},"indexInfo":{"baseKey":"BfEWolCphrAOCoXTmzSBXs4J3G45NkLZptVIKa3DXjB9","baseKeyType":1,"closed":-1,"used":1689261768482,"created":1689261768482,"remoteIdentityKey":"BdiSCOYPBMrI9nb6dp2wwwGNVhiBMpqnlWNdffLVPxAY"},"_chains":{"BeqdrdB3AKkKUMYyvpaOEuoTvaH5Qm617NyDo1KoMDQH":{"chainKey":{"counter":2,"key":"aeYuqXqTHBf8euiBriQcNmV9sWytp7M2UVr6F0GRy1A="},"chainType":1,"messageKeys":{}}},"pendingPreKey":{"signedKeyId":1,"baseKey":"BfEWolCphrAOCoXTmzSBXs4J3G45NkLZptVIKa3DXjB9","preKeyId":15207070}}},"version":"v1"}