{"_sessions":{"Bab54H0UvmIZOvB9mdvEvJBM7vuZtScLPNp62Jb43sQL":{"registrationId":111983853,"currentRatchet":{"ephemeralKeyPair":{"pubKey":"BePf0YndzoYQ+BPYtTscgvV2kORjBQbkvr30BRcmbplD","privKey":"MItAdJov4tvqhdWubE/0Vb0zJuJj8/CwHT8TozzOMk8="},"lastRemoteEphemeralKey":"BQdn5McbCbQQNfuev0GtKQ9gRlZzWPSTIyPo6djx2O56","previousCounter":0,"rootKey":"+H4wbBAMiSdYqhiMmMXoNQ2CkR6j2AZJN6Nw4XRYP1s="},"indexInfo":{"baseKey":"Bab54H0UvmIZOvB9mdvEvJBM7vuZtScLPNp62Jb43sQL","baseKeyType":1,"closed":-1,"used":1689261767362,"created":1689261767362,"remoteIdentityKey":"BewXJ90BH+KoZIQaOTpZEUS827xOhp5Jdkht1LunCCti"},"_chains":{"BePf0YndzoYQ+BPYtTscgvV2kORjBQbkvr30BRcmbplD":{"chainKey":{"counter":0,"key":"ujd++VEziGmUcLBmAq0wmvM9ohxrz4jS3w1DkH3hbbg="},"chainType":1,"messageKeys":{}}},"pendingPreKey":{"signedKeyId":1,"baseKey":"Bab54H0UvmIZOvB9mdvEvJBM7vuZtScLPNp62Jb43sQL"}}},"version":"v1"}