{"_sessions":{"BbdTIPO7QQZ9Bc1jmWLIbOaiR1OSmrfuRWoolZWPYA9x":{"registrationId":546409146,"currentRatchet":{"ephemeralKeyPair":{"pubKey":"BfykMPVLOLGlDXaromgsQgzCbX1JC/PewGAa33CVhDd6","privKey":"wLDZCQEvU8qOkBavc2BMBa6/qYHMXFx3AQcPeSKu/EM="},"lastRemoteEphemeralKey":"BW1wjJed3ehb/9tClWHHNmlH9P0wGEFj7CQIP1160lFa","previousCounter":0,"rootKey":"qnD2hojcY+tNFZwdZ1GviR45AYPv3hC3HsahR6grGOA="},"indexInfo":{"baseKey":"BbdTIPO7QQZ9Bc1jmWLIbOaiR1OSmrfuRWoolZWPYA9x","baseKeyType":1,"closed":-1,"used":1689261768455,"created":1689261768455,"remoteIdentityKey":"Bb4KgsJUI8DOd4n+66oQm9xi2Jwxmk99bTsiencEjhgg"},"_chains":{"BfykMPVLOLGlDXaromgsQgzCbX1JC/PewGAa33CVhDd6":{"chainKey":{"counter":0,"key":"vN2CDW3gU8axvXqOIKTLlwBoc4LHtvd0ke27SAhyUv4="},"chainType":1,"messageKeys":{}}},"pendingPreKey":{"signedKeyId":2,"baseKey":"BbdTIPO7QQZ9Bc1jmWLIbOaiR1OSmrfuRWoolZWPYA9x","preKeyId":7589762}}},"version":"v1"}