{"_sessions":{"BaUqInpcw7aZXHtO2cXvvCoyukduibfYbcA5rfvWXu1Z":{"registrationId":660189537,"currentRatchet":{"ephemeralKeyPair":{"pubKey":"BZEHP9lP+tuZEW2SRlW8dDxP9R4Gv/TPATJ8XCGgAOEb","privKey":"OK7+7PVDaK1I2e6NNASAAUdg5FIe5+aFnuTz1CPxXV8="},"lastRemoteEphemeralKey":"BfXji7wRRweJ6Bb16KX+WCnv1xVzdQsoob6YSiqkYHMp","previousCounter":0,"rootKey":"jn5eUl5TBn40ozLMrRJENPKRCp5cmUvU7Jd2auSeW24="},"indexInfo":{"baseKey":"BaUqInpcw7aZXHtO2cXvvCoyukduibfYbcA5rfvWXu1Z","baseKeyType":1,"closed":-1,"used":1689261766016,"created":1689261766016,"remoteIdentityKey":"BX25tpTkzy4jPEYLFiJ/mWinPchLfpZm8NG2D1GpFTxb"},"_chains":{"BZEHP9lP+tuZEW2SRlW8dDxP9R4Gv/TPATJ8XCGgAOEb":{"chainKey":{"counter":0,"key":"Ogx4wtgZyE+gn5zxbpNpIY5LCPhPJsncxDyhwHp+NoQ="},"chainType":1,"messageKeys":{}}},"pendingPreKey":{"signedKeyId":1,"baseKey":"BaUqInpcw7aZXHtO2cXvvCoyukduibfYbcA5rfvWXu1Z"}}},"version":"v1"}