{"_sessions":{"BeLLlg9T0iSpdHLe7kemua9eexN8Jas75bWD50nRo0Ys":{"registrationId":1667854442,"currentRatchet":{"ephemeralKeyPair":{"pubKey":"BS3jTKClfSsghJvXTA8nsbEQvU8zpsqNTljURkKmJcZi","privKey":"sPguOxdDKoiLoumMi5gOngMAabm9fJVI0aW6kcdDrGQ="},"lastRemoteEphemeralKey":"Bf+WsWCy/FaO3cAICjoC23kL2nRo4SRPcSrGVHCKGE9U","previousCounter":0,"rootKey":"WlWRcD7gIUO+ECU/qbLghoyzo/T+gZOB9UfSsgynhus="},"indexInfo":{"baseKey":"BeLLlg9T0iSpdHLe7kemua9eexN8Jas75bWD50nRo0Ys","baseKeyType":1,"closed":-1,"used":1689261766871,"created":1689261766871,"remoteIdentityKey":"BQNZbKwRfSeNup4zAbyvOzsEllB7Fu0IqWfjvLJCQj8p"},"_chains":{"BS3jTKClfSsghJvXTA8nsbEQvU8zpsqNTljURkKmJcZi":{"chainKey":{"counter":0,"key":"+TU5pO1+KfE03bDTJyqsChtCbkqOwktAG6LROOKXtL0="},"chainType":1,"messageKeys":{}}},"pendingPreKey":{"signedKeyId":8319904,"baseKey":"BeLLlg9T0iSpdHLe7kemua9eexN8Jas75bWD50nRo0Ys"}}},"version":"v1"}