{"_sessions":{"BQC+dieLF9Z1HoIAv9PeQ9tXSQTt6SxNVuEgs7/mm0Ne":{"registrationId":227480527,"currentRatchet":{"ephemeralKeyPair":{"pubKey":"BSUQY4qkot/LVLnCw6dYeaWNHZAlTbizx/uZIP5eytU0","privKey":"2OZKPPz45ak9l3rNJAgOVRiACzzPPubHFFsisWbZrUQ="},"lastRemoteEphemeralKey":"BR7sdAELKZ/yPByz5Ga1UM9/8HF7P5qHjWB5KFU6wnJk","previousCounter":0,"rootKey":"/BXN4tN/8YFCVm8B+Kxc7AUNCruQfO8CeG/k3/Jn2hM="},"indexInfo":{"baseKey":"BQC+dieLF9Z1HoIAv9PeQ9tXSQTt6SxNVuEgs7/mm0Ne","baseKeyType":1,"closed":-1,"used":1689261767995,"created":1689261767995,"remoteIdentityKey":"BZVeyb8/WqpePIlYRMjJxHtM7DW60eBvvld7egfm43g1"},"_chains":{"BSUQY4qkot/LVLnCw6dYeaWNHZAlTbizx/uZIP5eytU0":{"chainKey":{"counter":0,"key":"NkNJ1yarh4W+Q1ikMaYbJXeavMUbffz8lHeQenRhows="},"chainType":1,"messageKeys":{}}},"pendingPreKey":{"signedKeyId":1,"baseKey":"BQC+dieLF9Z1HoIAv9PeQ9tXSQTt6SxNVuEgs7/mm0Ne"}}},"version":"v1"}