{"_sessions":{"BYOiETgzK3eXAEAVvNLwoQWFZoGGhIK2JRhBENORsjle":{"registrationId":620809436,"currentRatchet":{"ephemeralKeyPair":{"pubKey":"Ba143aRdaeNd49hXK+FjN5z2aNxjIEIwzBLxk/OBDYtJ","privKey":"IMG76UqGbu9wUv6esHSoTQ2ImPmYwY2UZg0BFdcrMmA="},"lastRemoteEphemeralKey":"BRarBsDr3ETq0utAX2Zkk8Rgt9G5D8xR8fHeQfaKuotK","previousCounter":0,"rootKey":"ccmiOlW1mNv7/PcgexYHxwGqUXTsZ8DAH3+q6qsctas="},"indexInfo":{"baseKey":"BYOiETgzK3eXAEAVvNLwoQWFZoGGhIK2JRhBENORsjle","baseKeyType":1,"closed":-1,"used":1689261925879,"created":1689261925879,"remoteIdentityKey":"BYlzdCbSrzz/ccZ9ESQDR01Td8IS2kqLLdVnuVKDUYlT"},"_chains":{"Ba143aRdaeNd49hXK+FjN5z2aNxjIEIwzBLxk/OBDYtJ":{"chainKey":{"counter":1,"key":"47J8HeewYNt0cN985hnK5+ODEE425FtaG/CWUJVzntE="},"chainType":1,"messageKeys":{}}},"pendingPreKey":{"signedKeyId":0,"baseKey":"BYOiETgzK3eXAEAVvNLwoQWFZoGGhIK2JRhBENORsjle","preKeyId":9424071}}},"version":"v1"}