{"_sessions":{"BbLJ/PVUiqXypS0FGIdnQ70ZHjvl3TWvpiNYylZqhroP":{"registrationId":1980773045,"currentRatchet":{"ephemeralKeyPair":{"pubKey":"BX25qzhZ1JPlKFIcLxToIdVSxUg6rgbOy09G6RECmeYv","privKey":"MN0k8LSLuGuA16K4crbTtglr1BESaRbcfpmbduv7/2U="},"lastRemoteEphemeralKey":"BZjyul8PCYUbW2jpK9DF6+7CF+lU214t6NApXlrIwxoq","previousCounter":0,"rootKey":"5AjF3HnHbFXGNDbNceN20L9l8HrIaIM615wGO5zflDI="},"indexInfo":{"baseKey":"BbLJ/PVUiqXypS0FGIdnQ70ZHjvl3TWvpiNYylZqhroP","baseKeyType":1,"closed":-1,"used":1689261768793,"created":1689261768793,"remoteIdentityKey":"BbZHx8LsM1D2o3zy+l3Pc1e680ywKflg3tN6dv/PR+oW"},"_chains":{"BX25qzhZ1JPlKFIcLxToIdVSxUg6rgbOy09G6RECmeYv":{"chainKey":{"counter":0,"key":"4yr0hr4QSSivgLICU5yDvKzmOIIfDZg7vjEr+LBSu3Y="},"chainType":1,"messageKeys":{}}},"pendingPreKey":{"signedKeyId":0,"baseKey":"BbLJ/PVUiqXypS0FGIdnQ70ZHjvl3TWvpiNYylZqhroP"}}},"version":"v1"}