{"_sessions":{"BQVNjTdruKQV7x2PgIeGk1AnyY3E+m8gqEqzjDP2FRh9":{"registrationId":1645106995,"currentRatchet":{"ephemeralKeyPair":{"pubKey":"BcCfgNXMlNekRLy1GUdkaEXrsj+5MI3fz/XXw99+wJAA","privKey":"SHTVulxEwEwNpbeb2IgIwJkIsxE8z2Lm935b6sHcQFU="},"lastRemoteEphemeralKey":"BRwxDzK61VK+L9+yTQer8Y9QU+P1mj/NMMqlWSirDl8h","previousCounter":0,"rootKey":"3cUoKcPzcBqu3ZCYKipzHE66ZO1i1ApWdBpRh06aRNc="},"indexInfo":{"baseKey":"BQVNjTdruKQV7x2PgIeGk1AnyY3E+m8gqEqzjDP2FRh9","baseKeyType":1,"closed":-1,"used":1689261766787,"created":1689261766787,"remoteIdentityKey":"BYt+x9f3yrzy3h/gYzeSqM1ycR2YY5G9tCnAa5xdfcso"},"_chains":{"BcCfgNXMlNekRLy1GUdkaEXrsj+5MI3fz/XXw99+wJAA":{"chainKey":{"counter":0,"key":"yZnNJe1siYdIxZ/ohol6FfNOpM2qL7N3FLTvS9kNAwE="},"chainType":1,"messageKeys":{}}},"pendingPreKey":{"signedKeyId":0,"baseKey":"BQVNjTdruKQV7x2PgIeGk1AnyY3E+m8gqEqzjDP2FRh9"}}},"version":"v1"}