{"_sessions":{"BbHoMRjW3zDIRvaGjVw6fGrCoFEg0Nr7DpQm0PjDKV4Q":{"registrationId":1896287525,"currentRatchet":{"ephemeralKeyPair":{"pubKey":"BU3bBHrNrzPMeurNcaDX/B1Kfw9/bXyO4Vkw4gncIN0g","privKey":"IFkz12kMI23WrIjGF3cA2nrEF1F0QXuxM3288C1wU2o="},"lastRemoteEphemeralKey":"Bab1uoZpcKw/Ewy8iIPQAshOHPxKXG0yg0N3ejkqAKwm","previousCounter":0,"rootKey":"NXD8rLYK8dNZxqkNGNRY++hXbpkPqioUGpSPdmZTQF0="},"indexInfo":{"baseKey":"BbHoMRjW3zDIRvaGjVw6fGrCoFEg0Nr7DpQm0PjDKV4Q","baseKeyType":1,"closed":-1,"used":1689261768183,"created":1689261768183,"remoteIdentityKey":"BXihQ0sx/986nUEq9XzetzwPU7NPqytkHkw2rf4b2hEv"},"_chains":{"BU3bBHrNrzPMeurNcaDX/B1Kfw9/bXyO4Vkw4gncIN0g":{"chainKey":{"counter":0,"key":"D8mzET7sWmot41uhmlTSm5WqU9WgmsStzz1U+HyDjYQ="},"chainType":1,"messageKeys":{}}},"pendingPreKey":{"signedKeyId":0,"baseKey":"BbHoMRjW3zDIRvaGjVw6fGrCoFEg0Nr7DpQm0PjDKV4Q"}}},"version":"v1"}