{"_sessions":{"Bfh5PQEwFMGXSAQA5ICz/qhH8Pt7Lj34B1LZHMDS0g9C":{"registrationId":144,"currentRatchet":{"ephemeralKeyPair":{"pubKey":"BdbLILoV953Jkp/C3I6NKcfaklqaT57vMvaw8mEog4gF","privKey":"aCUgWGSv7meJrOFx14EjJVzpFJPJPmzq86wEo/O0VFY="},"lastRemoteEphemeralKey":"BXL+nxIpw+u1bIuT0mIla7lJghapSQXvj0GdgulQ+rhY","previousCounter":0,"rootKey":"quN9TLY47Jsvt8W4BlKGlMGvOcrQ3YZR9lJQe0UrpRA="},"indexInfo":{"baseKey":"Bfh5PQEwFMGXSAQA5ICz/qhH8Pt7Lj34B1LZHMDS0g9C","baseKeyType":1,"closed":-1,"used":1689261765678,"created":1689261765678,"remoteIdentityKey":"BdthRpFI4ciaZV+Y5ZhaXz8682mZYuxVJUET2CeERe05"},"_chains":{"BdbLILoV953Jkp/C3I6NKcfaklqaT57vMvaw8mEog4gF":{"chainKey":{"counter":0,"key":"y6IiFKU7E0LTqKZkZnlZnXIm6drtCEl5yrf5bl/F5ig="},"chainType":1,"messageKeys":{}}},"pendingPreKey":{"signedKeyId":1,"baseKey":"Bfh5PQEwFMGXSAQA5ICz/qhH8Pt7Lj34B1LZHMDS0g9C"}}},"version":"v1"}