{"_sessions":{"BTLZy5qxPYXl3Ybn+zeFuBO2sR7wDkPLauUTrkL+IxNx":{"registrationId":31,"currentRatchet":{"ephemeralKeyPair":{"pubKey":"BTiC07+XvBmUAHt3ulg0KYjiOTgdtTg4JmO8ZFhkkGdt","privKey":"8HIdigMwbYidFWf3GtIEz3FJ1i3CYTe+8E/dNQDV6HY="},"lastRemoteEphemeralKey":"BY+k9euG68A/pUIIcSwQZ3/m0ziaSkOkpt7HwQYWpR0T","previousCounter":0,"rootKey":"awlIRa5HAM7zBNn+NKRgBlxTtIUOaWcyJWq4ed0etKU="},"indexInfo":{"baseKey":"BTLZy5qxPYXl3Ybn+zeFuBO2sR7wDkPLauUTrkL+IxNx","baseKeyType":1,"closed":-1,"used":1689261766252,"created":1689261766252,"remoteIdentityKey":"BVD0x72KBDCBSXWBOcwbwhPmKajVclrmp5pGuTdCwDoB"},"_chains":{"BTiC07+XvBmUAHt3ulg0KYjiOTgdtTg4JmO8ZFhkkGdt":{"chainKey":{"counter":0,"key":"fSVzmVknG28Ra7DnXaqMtrUarAt4NPlFYk/1pXLzqWE="},"chainType":1,"messageKeys":{}}},"pendingPreKey":{"signedKeyId":1,"baseKey":"BTLZy5qxPYXl3Ybn+zeFuBO2sR7wDkPLauUTrkL+IxNx"}}},"version":"v1"}