{"_sessions":{"BZZDW6c0/cAIpltFHZ+mknDHxDeb2x78HV1DHzO4AAB1":{"registrationId":125,"currentRatchet":{"ephemeralKeyPair":{"pubKey":"BQgKZmVLnJjUjDDcrQhmU1PxDXBfmmcVjQBnaVir1JUd","privKey":"uNNSyK6X0vw/+X5YS7vuBam0XyriRwN0WjPvijgmwGY="},"lastRemoteEphemeralKey":"BXM/eSwWxMSZ7adab/0X6VXD00i5rhJ6bxpPpGPh7G9I","previousCounter":0,"rootKey":"eZ2O0dxZtxrQKPNeK2L7GTJBTobIfCiV19yWS++k4bM="},"indexInfo":{"baseKey":"BZZDW6c0/cAIpltFHZ+mknDHxDeb2x78HV1DHzO4AAB1","baseKeyType":1,"closed":-1,"used":1689261766487,"created":1689261766487,"remoteIdentityKey":"BQjo29/XRbKCF46/Kh7FwEBXD849O6BRrVaOilnFvbwE"},"_chains":{"BQgKZmVLnJjUjDDcrQhmU1PxDXBfmmcVjQBnaVir1JUd":{"chainKey":{"counter":0,"key":"tItJvYoN3HSO3wxfmsqeoKIhOAaDawkmlYCJefVdE+8="},"chainType":1,"messageKeys":{}}},"pendingPreKey":{"signedKeyId":1,"baseKey":"BZZDW6c0/cAIpltFHZ+mknDHxDeb2x78HV1DHzO4AAB1"}}},"version":"v1"}