{"_sessions":{"BTrsnbGSabKXZASXkA27FhFZMR6ZOGoTCZ0TtSh8PHlY":{"registrationId":341778675,"currentRatchet":{"ephemeralKeyPair":{"pubKey":"BWPpGFCCX09/SaFWMlJtidGvw9LRcmZLm5deKx2klGlT","privKey":"gH02cwU/5vd1R2WosN70ABahreZieA308Sr1OrQYcnE="},"lastRemoteEphemeralKey":"BYQQMiyKMIhhpHUryi+vFvfL1a7rZwuOS8RwV8Z+GMxk","previousCounter":0,"rootKey":"nC5fWfynAeGa+wpWV2Y7D2Z7jSa5BheL/e3E85z/XRs="},"indexInfo":{"baseKey":"BTrsnbGSabKXZASXkA27FhFZMR6ZOGoTCZ0TtSh8PHlY","baseKeyType":1,"closed":-1,"used":1689261768900,"created":1689261768900,"remoteIdentityKey":"BbITAEOhPITjBve1Z8oA2BSxN6gQF0/lwQs/b/+EFRJ2"},"_chains":{"BWPpGFCCX09/SaFWMlJtidGvw9LRcmZLm5deKx2klGlT":{"chainKey":{"counter":0,"key":"c3a8xy9U4pTItn3DI3rm6gkPN2diQ8nWpy6N34gBCXo="},"chainType":1,"messageKeys":{}}},"pendingPreKey":{"signedKeyId":21,"baseKey":"BTrsnbGSabKXZASXkA27FhFZMR6ZOGoTCZ0TtSh8PHlY","preKeyId":11575274}}},"version":"v1"}