{"_sessions":{"BYFQcsolQWbEr9lACXv2HJ7SP+FNXFRBEMXmUSVIXGdl":{"registrationId":183983354,"currentRatchet":{"ephemeralKeyPair":{"pubKey":"BabDaGnuCqtoPFvZ22QN85Yc0ZzoWvL8audL4grhq3oF","privKey":"qJpmEC8lIfkhcShaWB4XJnlAGxe/zw31InFSbbXYonc="},"lastRemoteEphemeralKey":"BRSew5rvYvuUN4gU9sc2jJWe7VQDsHQmCOEtWxed3rIq","previousCounter":0,"rootKey":"0kHe6RmTHQp1D+EUyMEV75F8IBzMSk63HpVziXunj+8="},"indexInfo":{"baseKey":"BYFQcsolQWbEr9lACXv2HJ7SP+FNXFRBEMXmUSVIXGdl","baseKeyType":1,"closed":-1,"used":1689261768853,"created":1689261768853,"remoteIdentityKey":"BRrooVLjonO1ni8w/i4L8cJ/1MPOsP6JkdAvYRjC2R8C"},"_chains":{"BabDaGnuCqtoPFvZ22QN85Yc0ZzoWvL8audL4grhq3oF":{"chainKey":{"counter":0,"key":"kxwECg1YsrfONW1a29c2NdnVlNq/fgIAiigkxohT7yg="},"chainType":1,"messageKeys":{}}},"pendingPreKey":{"signedKeyId":1,"baseKey":"BYFQcsolQWbEr9lACXv2HJ7SP+FNXFRBEMXmUSVIXGdl"}}},"version":"v1"}