{"_sessions":{"BbGjblD5bFADk6dmx1AQFDD4LHskMuQTZtufGIygeiVe":{"registrationId":1439095299,"currentRatchet":{"ephemeralKeyPair":{"pubKey":"BdfuxJFkOUierD6ReFmEbvRPl8eHFyjoGw/4j2bqDjJn","privKey":"YFI7sa6LdRzD5Ydm7P2MoLK3sYCmOm+1nE3D7RqJw1M="},"lastRemoteEphemeralKey":"BRk0vWiWFu4iemagoP8GOSsB45ftX0Bg10TvsL9Ijmwq","previousCounter":0,"rootKey":"E2BY6BBkftKVyay2VrcY7/7FdVhMA7tUpJPmd94L4Dk="},"indexInfo":{"baseKey":"BbGjblD5bFADk6dmx1AQFDD4LHskMuQTZtufGIygeiVe","baseKeyType":1,"closed":-1,"used":1689261767354,"created":1689261767354,"remoteIdentityKey":"BUXsqEMBxQv7W43ORCoharu+TFP+8fkdwJn4rgqCgMYA"},"_chains":{"BdfuxJFkOUierD6ReFmEbvRPl8eHFyjoGw/4j2bqDjJn":{"chainKey":{"counter":0,"key":"FA+ceJasndtP1u5sg9tUgrxjaGHzDc170dUIbibMdC4="},"chainType":1,"messageKeys":{}}},"pendingPreKey":{"signedKeyId":1,"baseKey":"BbGjblD5bFADk6dmx1AQFDD4LHskMuQTZtufGIygeiVe","preKeyId":6640505}}},"version":"v1"}