{"_sessions":{"BWbwaXJIEp0uRMeZqkUQ1yG51vCk9vCiLUXiDaYSXPUs":{"registrationId":1694894617,"currentRatchet":{"ephemeralKeyPair":{"pubKey":"BSTp8rKzJMHYPTasdKGt5UmToUgLDaVNWMmaVqvV3sBG","privKey":"SDMKd85vdkgvuT7nQo/sC9fYuDIdznbkQnAVnd1VX2U="},"lastRemoteEphemeralKey":"BUrD3mlnwN6T1yJQduBaMeoMJHaX2J4f1x8Nd8DTXvR/","previousCounter":0,"rootKey":"ZHWeTqC+AeXtjsfXxyYu0EpCq6/FwhOZSmBwR8lwXXI="},"indexInfo":{"baseKey":"BWbwaXJIEp0uRMeZqkUQ1yG51vCk9vCiLUXiDaYSXPUs","baseKeyType":1,"closed":-1,"used":1689261768394,"created":1689261768394,"remoteIdentityKey":"BRQ2ONTVPqji8fPfhL/YTpB2ZBAKiBafPkizwcUBb4w0"},"_chains":{"BSTp8rKzJMHYPTasdKGt5UmToUgLDaVNWMmaVqvV3sBG":{"chainKey":{"counter":0,"key":"laM0FKYFtTjdWenCamaRt0h6/TAv/uK4ZlUqJeAWoy0="},"chainType":1,"messageKeys":{}}},"pendingPreKey":{"signedKeyId":0,"baseKey":"BWbwaXJIEp0uRMeZqkUQ1yG51vCk9vCiLUXiDaYSXPUs","preKeyId":9903107}}},"version":"v1"}