{"_sessions":{"BciPAgQmKCCGGtOpIrG2WtJD9+R744FOrLCGTYuvlL89":{"registrationId":108075260,"currentRatchet":{"ephemeralKeyPair":{"pubKey":"BVSmlLCNaZKUQk5OX+Bm1Uv6DgHpIcqx2Q1e4EQ5YBoo","privKey":"AJRb8Uli3sI59N6RefZazW0NwVMK+ZNK38DarQg+Ulw="},"lastRemoteEphemeralKey":"BcB0f3B7/dMyZGgzTu/NTvCBv3usdDfPDsi5KXPhG2hn","previousCounter":0,"rootKey":"6eHWXXRdYsTEo1cfB0W3JR/qOOs4ZxTJlOopEjC+qYE="},"indexInfo":{"baseKey":"BciPAgQmKCCGGtOpIrG2WtJD9+R744FOrLCGTYuvlL89","baseKeyType":1,"closed":-1,"used":1689261926266,"created":1689261926266,"remoteIdentityKey":"BTQuN45/xX2hOkT6CCzTfhz/vh+gfccmqDWaG5HlvWl/"},"_chains":{"BVSmlLCNaZKUQk5OX+Bm1Uv6DgHpIcqx2Q1e4EQ5YBoo":{"chainKey":{"counter":1,"key":"93n8YNp1ierxgHsOmcRkSHUPdwhBsOBc8b0b9VWq4EQ="},"chainType":1,"messageKeys":{}}},"pendingPreKey":{"signedKeyId":2,"baseKey":"BciPAgQmKCCGGtOpIrG2WtJD9+R744FOrLCGTYuvlL89","preKeyId":11239162}}},"version":"v1"}