{"_sessions":{"BfQi1y0TeWn66jgd8eUwsOpsS7kKenfCKlDPcbrxPEst":{"registrationId":1010278508,"currentRatchet":{"ephemeralKeyPair":{"pubKey":"Be6eKm2JhrE4d3VVc74cnI5bXw5djD7U+JSC1zzl+aZG","privKey":"oMKbVGX+GjGu+CX66Fe+qA89+KIqiQ+LR9zqpjZ3N3o="},"lastRemoteEphemeralKey":"BTnTfTN0MQrM7jGOvdZFv1CkJ6c5TKrKsMoXuu5TCNEj","previousCounter":0,"rootKey":"lFGxzslXDV5OmBdykmKnDb474zFPF06Ny7njj9MFIEk="},"indexInfo":{"baseKey":"BfQi1y0TeWn66jgd8eUwsOpsS7kKenfCKlDPcbrxPEst","baseKeyType":1,"closed":-1,"used":1689261926356,"created":1689261926356,"remoteIdentityKey":"BaTh4R/VCNSbXXTVmf70H7yom53rqW+uSRgDAhGd8MUu"},"_chains":{"Be6eKm2JhrE4d3VVc74cnI5bXw5djD7U+JSC1zzl+aZG":{"chainKey":{"counter":1,"key":"50H0kvoQcXmhH93YmCMoWU3uiJNYQU1MjrBJNaX/1+U="},"chainType":1,"messageKeys":{}}},"pendingPreKey":{"signedKeyId":0,"baseKey":"BfQi1y0TeWn66jgd8eUwsOpsS7kKenfCKlDPcbrxPEst"}}},"version":"v1"}