{"_sessions":{"BYFPE2lmBxZg9SeRzxdw3UsHvpchSS163Xi318waBJNS":{"registrationId":2072885680,"currentRatchet":{"ephemeralKeyPair":{"pubKey":"BV7Pb/ALDNKM23fCEV24BwTdApAvRr3+VN33BwJ9kwcy","privKey":"6L6iIK2eHCr+XzcDH0c4368B7o+Dd6eXDOlJwXgQrEU="},"lastRemoteEphemeralKey":"BV905MoFUMaIorPiLSR9GWUAUT5bjPTtw1RglMQebsh8","previousCounter":0,"rootKey":"r0o/FAX246tkrIuwboEwUcCCOZler8KQTjfyZUbtZi4="},"indexInfo":{"baseKey":"BYFPE2lmBxZg9SeRzxdw3UsHvpchSS163Xi318waBJNS","baseKeyType":1,"closed":-1,"used":1689261768359,"created":1689261768359,"remoteIdentityKey":"BRp3IUHJJu+nZ0wg5GHd5ao5fi2wekaYLm8z+hEzYPs2"},"_chains":{"BV7Pb/ALDNKM23fCEV24BwTdApAvRr3+VN33BwJ9kwcy":{"chainKey":{"counter":0,"key":"LHCKUz0aZoOjbGXTnd/BH8AGIEi61CW8OUeY7Dq866g="},"chainType":1,"messageKeys":{}}},"pendingPreKey":{"signedKeyId":0,"baseKey":"BYFPE2lmBxZg9SeRzxdw3UsHvpchSS163Xi318waBJNS"}}},"version":"v1"}