{"_sessions":{"BfB/eXtEhiU8sp0IE4DOm6DP4b58a5RU2/9lDcUCWexQ":{"registrationId":697390988,"currentRatchet":{"ephemeralKeyPair":{"pubKey":"BcArReJRK/A+v1uzKNVrbvb2XEu4YajFUJv+0VhEU1M8","privKey":"wC5a4oRFO2yOPYbtlF5U0GpZ30VABkjv2Fu6A2cI/UI="},"lastRemoteEphemeralKey":"BVrwxFrp3BUYHYE0iTfCYPNS9VGiB2eTo8yqfXQg8Uxj","previousCounter":0,"rootKey":"d66Xtj/Zf6F0x3KI6XExt04t5Pljp9WkYMJk3eVVVhw="},"indexInfo":{"baseKey":"BfB/eXtEhiU8sp0IE4DOm6DP4b58a5RU2/9lDcUCWexQ","baseKeyType":1,"closed":-1,"used":1689261925590,"created":1689261925590,"remoteIdentityKey":"BWiq8T0pG4r5AWDtjZXrv/ZiSrstAPCB1QqYKZfZoqR1"},"_chains":{"BcArReJRK/A+v1uzKNVrbvb2XEu4YajFUJv+0VhEU1M8":{"chainKey":{"counter":1,"key":"rQMiCgywoKTE0qmNblaXi0PW1bLHpkYE957E4wMcJyk="},"chainType":1,"messageKeys":{}}},"pendingPreKey":{"signedKeyId":7,"baseKey":"BfB/eXtEhiU8sp0IE4DOm6DP4b58a5RU2/9lDcUCWexQ","preKeyId":14328852}}},"version":"v1"}