{"_sessions":{"BXRHOTx8Yo9Vr/xryDPvMkbWraGWxPDhDjnd9Iw3vDJ0":{"registrationId":1671555378,"currentRatchet":{"ephemeralKeyPair":{"pubKey":"BbMA5AYtqDWijEZRirRUhzl5i5ayFkTwcNCYhhfgc2YK","privKey":"2NmVk9mJvh7mTjLkfVuZLHbpo8rdOmOH//zkGih3+0g="},"lastRemoteEphemeralKey":"Bb5eceCk0V+hItSHkf6EiR+3FyHARCDAHiv75r6JEe1u","previousCounter":0,"rootKey":"Dqq047GR5cfkaNTaGeD6eMpas1l2Unqg4JYZzGrMpOs="},"indexInfo":{"baseKey":"BXRHOTx8Yo9Vr/xryDPvMkbWraGWxPDhDjnd9Iw3vDJ0","baseKeyType":1,"closed":-1,"used":1689261767579,"created":1689261767579,"remoteIdentityKey":"BWOoV/3OfC8ohBnE72P9HlfyP5sYUOwL1ZhYBKatkVt8"},"_chains":{"BbMA5AYtqDWijEZRirRUhzl5i5ayFkTwcNCYhhfgc2YK":{"chainKey":{"counter":0,"key":"R/x3kVNm8kgOdN97t6RPk+G9bMZ7Hve9fpnB+veo3xg="},"chainType":1,"messageKeys":{}}},"pendingPreKey":{"signedKeyId":9,"baseKey":"BXRHOTx8Yo9Vr/xryDPvMkbWraGWxPDhDjnd9Iw3vDJ0","preKeyId":9738606}}},"version":"v1"}