{"_sessions":{"BS0ifalif7jS9mQt2OtJqstiasrane9d3oyNpM4g0Oxv":{"registrationId":16056,"currentRatchet":{"ephemeralKeyPair":{"pubKey":"BQW5UKCARzVGUkTgpUFjy8G4lxPtrCpPiQmR+8OSRCMV","privKey":"2Jf8zSfPgtwXgO6ZQv+v7e5aT8YU0cxdSI6ize6n8n4="},"lastRemoteEphemeralKey":"Bdav2j4CLG7gaBS11o122nn3B/+UkrtJi740r7+kTf5p","previousCounter":0,"rootKey":"77fkLphwr4Z69cd+5MQG8Hj5xqivjio4h+B99LyB974="},"indexInfo":{"baseKey":"BS0ifalif7jS9mQt2OtJqstiasrane9d3oyNpM4g0Oxv","baseKeyType":1,"closed":-1,"used":1689261765665,"created":1689261765665,"remoteIdentityKey":"BeVpSsT+FGMLZHigPPgTGGmm0yFxyuKB4kOmJKTa/ywW"},"_chains":{"BQW5UKCARzVGUkTgpUFjy8G4lxPtrCpPiQmR+8OSRCMV":{"chainKey":{"counter":0,"key":"Yp/lYm4gK39G4rtca5NaHRZ+lnzj32CuL+C2Focxx6w="},"chainType":1,"messageKeys":{}}},"pendingPreKey":{"signedKeyId":1,"baseKey":"BS0ifalif7jS9mQt2OtJqstiasrane9d3oyNpM4g0Oxv"}}},"version":"v1"}