{"_sessions":{"BSGMbT7Xa5h0mLUgagEhxkDixGoOCSqlGBXGZzYdl3Ia":{"registrationId":1781843797,"currentRatchet":{"ephemeralKeyPair":{"pubKey":"BeOVwo9SnKyx2gUH6FTtCJgaDQTj9gJ7YZsVEGVHqTpf","privKey":"cPqTEjEyt2ZhRUremgtShWd5Mj2P38RRsRx6Hd18nHA="},"lastRemoteEphemeralKey":"BZR1iTEXPKX5PWYx+Hny/Bb/y0LZRqMH66ducsrIcWwz","previousCounter":0,"rootKey":"STywhbNyI63YXVVytYKpCKtZNpEhCUdM0GTzIAMbayw="},"indexInfo":{"baseKey":"BSGMbT7Xa5h0mLUgagEhxkDixGoOCSqlGBXGZzYdl3Ia","baseKeyType":1,"closed":-1,"used":1689261926113,"created":1689261926113,"remoteIdentityKey":"BcMz8t8xrHflCZc4xlShTjhArUHT8CvTvLd+NpC7+y9e"},"_chains":{"BeOVwo9SnKyx2gUH6FTtCJgaDQTj9gJ7YZsVEGVHqTpf":{"chainKey":{"counter":1,"key":"JUQ1tWk92WO/N2wTtWeYZnMMqGn/1lOiYDIXEyTt8jo="},"chainType":1,"messageKeys":{}}},"pendingPreKey":{"signedKeyId":1,"baseKey":"BSGMbT7Xa5h0mLUgagEhxkDixGoOCSqlGBXGZzYdl3Ia","preKeyId":1814113}}},"version":"v1"}