{"_sessions":{"Ba+7X9QL4AFG1fORedEhvRjuAhpGGrlfoN8bX+n/+kch":{"registrationId":171,"currentRatchet":{"ephemeralKeyPair":{"pubKey":"BUKop08tHGt0xOu4AKVVcrlBQD+untP8gKosPV3IITc6","privKey":"eE3qxSeNHsLQhJHhRypPqYGM4GU7SpVPsgwRLHcteHM="},"lastRemoteEphemeralKey":"BSWbiEcAGx0MrnUoo0Fy/kJblNhyG/hiKO+HdvRMFx1o","previousCounter":0,"rootKey":"/EFjII3u9Lxcbc8WDXWtrriaH8NK5a5yZJmh8QamXI8="},"indexInfo":{"baseKey":"Ba+7X9QL4AFG1fORedEhvRjuAhpGGrlfoN8bX+n/+kch","baseKeyType":1,"closed":-1,"used":1689261766272,"created":1689261766272,"remoteIdentityKey":"BXHyQMne+yKMA0UnE+EVER5Qgq/wUeiUCSA/Nn0xItla"},"_chains":{"BUKop08tHGt0xOu4AKVVcrlBQD+untP8gKosPV3IITc6":{"chainKey":{"counter":0,"key":"eKDNVx6bGEoKNzXm6iMV4zzxVGAYfR+JKT4y71Yr5fU="},"chainType":1,"messageKeys":{}}},"pendingPreKey":{"signedKeyId":1,"baseKey":"Ba+7X9QL4AFG1fORedEhvRjuAhpGGrlfoN8bX+n/+kch"}}},"version":"v1"}