{"_sessions":{"BTgU5EvwsU0W/mb6FV1eSjop6+2tRwpR5XGX3Oi1jqYm":{"registrationId":986092125,"currentRatchet":{"ephemeralKeyPair":{"pubKey":"BV1ezD/VSukyC0NomkezirMeI8Qnpiua6PgfIM13Izpk","privKey":"YOkmr2TfGWIzxdBav3NT2B+1uJizPtptrPG6MOXZjmk="},"lastRemoteEphemeralKey":"BXWyP+jqYJKqreppbW+1WnAwfB3F9H9S4NjbGq4TAh5X","previousCounter":0,"rootKey":"GqB69lFN0OwwLef78WJV24QzGv65w9sQPmDt3RhY46Q="},"indexInfo":{"baseKey":"BTgU5EvwsU0W/mb6FV1eSjop6+2tRwpR5XGX3Oi1jqYm","baseKeyType":1,"closed":-1,"used":1689261768266,"created":1689261768266,"remoteIdentityKey":"BXvqvT26HmRdDlx9KkoMNYkP5IgQhZS553ReEZ5kLAIP"},"_chains":{"BV1ezD/VSukyC0NomkezirMeI8Qnpiua6PgfIM13Izpk":{"chainKey":{"counter":0,"key":"LHqslfZFmcom+sLDfTyLp7JkFr699j43rOLN2297BxY="},"chainType":1,"messageKeys":{}}},"pendingPreKey":{"signedKeyId":1,"baseKey":"BTgU5EvwsU0W/mb6FV1eSjop6+2tRwpR5XGX3Oi1jqYm","preKeyId":14391917}}},"version":"v1"}