{"_sessions":{"BYiszcYO7AcC6qT/wbQAT1HcD4eIYPyf1jckjDmibzRw":{"registrationId":1394448278,"currentRatchet":{"ephemeralKeyPair":{"pubKey":"BU4716Zx8Ebsx2fYpe1OB1QkO1PH1cUuRY7IUCtV/J8G","privKey":"oEjAVitq7jGHWFYNMPCQ3Me+ODsyizGkBIJo308ACUM="},"lastRemoteEphemeralKey":"BduT83yrjD//pfgjEG/tW8KcAXHFzk9yuNaWjpv5nO8I","previousCounter":0,"rootKey":"fUzN2sT7hxj/Vz5puMJEKHXUGfsRk+EBgTwNuVwAMOU="},"indexInfo":{"baseKey":"BYiszcYO7AcC6qT/wbQAT1HcD4eIYPyf1jckjDmibzRw","baseKeyType":1,"closed":-1,"used":1689261767454,"created":1689261767454,"remoteIdentityKey":"Be41zg1+8hjPRLhj9eftNRkcI0WNvbpnslO/P57ipr1l"},"_chains":{"BU4716Zx8Ebsx2fYpe1OB1QkO1PH1cUuRY7IUCtV/J8G":{"chainKey":{"counter":0,"key":"iP0IlG1QwU5Smed85MS9goB6rFTCD8snUPxG0Kwlw30="},"chainType":1,"messageKeys":{}}},"pendingPreKey":{"signedKeyId":2,"baseKey":"BYiszcYO7AcC6qT/wbQAT1HcD4eIYPyf1jckjDmibzRw","preKeyId":10915742}}},"version":"v1"}