{"_sessions":{"BQoOFgfhmMaEeiDp2bbdKZnapjC0UcPbIKKvdTruwac0":{"registrationId":1317091857,"currentRatchet":{"ephemeralKeyPair":{"pubKey":"BULdN2d7k7INJlyh8mubIIDKguk+KcKtr7B0IuC5v1JD","privKey":"WGRUf2wuOT49vgMFRCfiutJyUoFreoaAiY8yup/W/FU="},"lastRemoteEphemeralKey":"BTv3Rc9ulcRLuBk0P2i1gdX8WBX31PGFaDOiV8ONmRog","previousCounter":0,"rootKey":"rxRc7tD5svcbOKF8gsV3L0PIJICMIrIpNGiqACaFxvM="},"indexInfo":{"baseKey":"BQoOFgfhmMaEeiDp2bbdKZnapjC0UcPbIKKvdTruwac0","baseKeyType":1,"closed":-1,"used":1689261926366,"created":1689261926366,"remoteIdentityKey":"BbF5zzzAI4TEbXZAVMHT1smE9MOFag9Kb3+Xlh+Ifm8x"},"_chains":{"BULdN2d7k7INJlyh8mubIIDKguk+KcKtr7B0IuC5v1JD":{"chainKey":{"counter":1,"key":"U8CPXeAVlQMEARKS+7vhjxYzUSDZMA/k+1NFWY9pTvU="},"chainType":1,"messageKeys":{}}},"pendingPreKey":{"signedKeyId":0,"baseKey":"BQoOFgfhmMaEeiDp2bbdKZnapjC0UcPbIKKvdTruwac0","preKeyId":15591153}}},"version":"v1"}