{"_sessions":{"BbYut5G/vxAmX0XA4J9oWSd+JnN7nY1pI7ec7izPK4xO":{"registrationId":93,"currentRatchet":{"ephemeralKeyPair":{"pubKey":"BSKEWorLY8xLhWyUAoLb2TCndGfLYajUzRdQQhJYLG5k","privKey":"QLJOeAa4W1LGO0i6/+RToRchnZs9C1acawm9W8ijAmU="},"lastRemoteEphemeralKey":"BSyaGWrER27Y2pJYTQGLTyFP5OplIMhasB5GdrA6MENm","previousCounter":0,"rootKey":"+fPwA+OZrBoX1rs5NXLHFwuj1o8aFAZDRfhWJuKTxU8="},"indexInfo":{"baseKey":"BbYut5G/vxAmX0XA4J9oWSd+JnN7nY1pI7ec7izPK4xO","baseKeyType":1,"closed":-1,"used":1689261925334,"created":1689261925334,"remoteIdentityKey":"BZe2tIyK5lsN8yKWpBYm8jWuYUD70mXb9G7yEJq8PvYK"},"_chains":{"BSKEWorLY8xLhWyUAoLb2TCndGfLYajUzRdQQhJYLG5k":{"chainKey":{"counter":1,"key":"JvlnE1WLJ29WKE/EoI5dOYzkTMY4c2iOjiJRb3/PLXU="},"chainType":1,"messageKeys":{}}},"pendingPreKey":{"signedKeyId":1,"baseKey":"BbYut5G/vxAmX0XA4J9oWSd+JnN7nY1pI7ec7izPK4xO"}}},"version":"v1"}