{"_sessions":{"Bf+swUOgtHkgwf0dPiKiMSmV73XlDMiQlG6c7HoXz9l2":{"registrationId":1383582504,"currentRatchet":{"ephemeralKeyPair":{"pubKey":"BTbElsTNsQyv9OcJQJI79112whubi7W6SlraYTXIQLoD","privKey":"sMtxWn47EEtZlDc8Ei9D6HvZtMlNx+2s7Zqxh1qGmVc="},"lastRemoteEphemeralKey":"BcXNHCUGCE56ELsPPKoJwwzdoo8xl00z1pTDnTROPc9t","previousCounter":0,"rootKey":"mD/d5AkTW1Z4hfMGzns/Unz9YhPpnCdFcdQDsULMeQE="},"indexInfo":{"baseKey":"Bf+swUOgtHkgwf0dPiKiMSmV73XlDMiQlG6c7HoXz9l2","baseKeyType":1,"closed":-1,"used":1689261767261,"created":1689261767261,"remoteIdentityKey":"BcHGiZtEtjd/pcXbsCJQTm1ExvaYtv5IADzV6ZPrKt5M"},"_chains":{"BTbElsTNsQyv9OcJQJI79112whubi7W6SlraYTXIQLoD":{"chainKey":{"counter":0,"key":"sDqZxZ2oCwr3AIY8tEtgAnD25+npfQNwss+U4cS7dXc="},"chainType":1,"messageKeys":{}}},"pendingPreKey":{"signedKeyId":1,"baseKey":"Bf+swUOgtHkgwf0dPiKiMSmV73XlDMiQlG6c7HoXz9l2"}}},"version":"v1"}