{"_sessions":{"BYlUfdR3pCKGW34etf+Ne7lhi6YaMfmezEpmIrlvTi1u":{"registrationId":1192264565,"currentRatchet":{"ephemeralKeyPair":{"pubKey":"BSjCrn/626pH6q2VvpMz+m9xhzhGPpVlaWzUU7W/ijoq","privKey":"AGnwTfzk+AXmeKHZP9r5PutL0hWa779BxbUO5ihnWlI="},"lastRemoteEphemeralKey":"BZsdpso/FjIBkYqyFW4zIF3+UzcNwPIhmZA/fEBKVC59","previousCounter":0,"rootKey":"f3bGEeJlYc9f+BYnNcB355DXgbYqc9v8G9KWq0U9mEM="},"indexInfo":{"baseKey":"BYlUfdR3pCKGW34etf+Ne7lhi6YaMfmezEpmIrlvTi1u","baseKeyType":1,"closed":-1,"used":1689261766868,"created":1689261766868,"remoteIdentityKey":"BUDryR98CotUFoFiPGSlICbTr37xp8BKILKQWryYqGRQ"},"_chains":{"BSjCrn/626pH6q2VvpMz+m9xhzhGPpVlaWzUU7W/ijoq":{"chainKey":{"counter":0,"key":"voohGkGGn64lUBUcJnxC/a9b6/UHjFW3AdNPLAk+Dp4="},"chainType":1,"messageKeys":{}}},"pendingPreKey":{"signedKeyId":1,"baseKey":"BYlUfdR3pCKGW34etf+Ne7lhi6YaMfmezEpmIrlvTi1u"}}},"version":"v1"}