{"_sessions":{"BanwaLxMSNoKVlmSyW/rekwQfszvaSdzjMwkkowrPwt/":{"registrationId":1666689242,"currentRatchet":{"ephemeralKeyPair":{"pubKey":"BfisF7DClTFDTNZ3nXHT+kE6QqtzgNwFWZW8JoHD6MED","privKey":"QNYMI7uVX1SAHVl7Xmr0wJOGcaunRNKUYn7pP33YdmU="},"lastRemoteEphemeralKey":"BTc2K58VHQvcYPjCvhvkq3zOZSzU2Om8PyoHBshgRwoX","previousCounter":0,"rootKey":"jbC5ZBFaLnn35cAe35rl/uPj2YiNonBzP0nuVo33pjg="},"indexInfo":{"baseKey":"BanwaLxMSNoKVlmSyW/rekwQfszvaSdzjMwkkowrPwt/","baseKeyType":1,"closed":-1,"used":1689261768971,"created":1689261768971,"remoteIdentityKey":"Bf9A99u6u4DO2ySKi2u+ckKFsGNcoDn8gR+uF7TcCU0P"},"_chains":{"BfisF7DClTFDTNZ3nXHT+kE6QqtzgNwFWZW8JoHD6MED":{"chainKey":{"counter":0,"key":"M00vCab46MHl+lxhIG+q9F65nkN3BxhymFnkF30dQC8="},"chainType":1,"messageKeys":{}}},"pendingPreKey":{"signedKeyId":14,"baseKey":"BanwaLxMSNoKVlmSyW/rekwQfszvaSdzjMwkkowrPwt/","preKeyId":10518804}}},"version":"v1"}