{"_sessions":{"BXt8YookPRekdPlshD4YrfT/mUaHX03YwrwptDz85xIl":{"registrationId":1189865228,"currentRatchet":{"ephemeralKeyPair":{"pubKey":"BSqGBsdb3fTETNPWOiiLgdgr6j9TnsDlS6PqRzLBTp85","privKey":"YFkEVJfu5YbiLZwR7mMNB1zIaqBdXK19NmozxhHhfmc="},"lastRemoteEphemeralKey":"BX0+9ytaMKy9/YRCIVOJWqg0xYcMDQwPEHr8wfXCyI1K","previousCounter":0,"rootKey":"sCUgLXiu47upl3qQfEgzpeahhofQuMsd6l3Zt3WTHhw="},"indexInfo":{"baseKey":"BXt8YookPRekdPlshD4YrfT/mUaHX03YwrwptDz85xIl","baseKeyType":1,"closed":-1,"used":1689261766893,"created":1689261766893,"remoteIdentityKey":"BbkjYiQLM8PTFGCxNuWCGKugmYO5GUzb5HBYxIdpjUcL"},"_chains":{"BSqGBsdb3fTETNPWOiiLgdgr6j9TnsDlS6PqRzLBTp85":{"chainKey":{"counter":0,"key":"9zBKxPHk6S/ob3sRU6xYDk7lDQMiddWRwvcCvAaIEpI="},"chainType":1,"messageKeys":{}}},"pendingPreKey":{"signedKeyId":4,"baseKey":"BXt8YookPRekdPlshD4YrfT/mUaHX03YwrwptDz85xIl","preKeyId":11139828}}},"version":"v1"}