{"_sessions":{"Ba0ED03PSZ9xggMjIOUaCwMPAvF0FFyMYYa6E9KKKRRE":{"registrationId":705121085,"currentRatchet":{"ephemeralKeyPair":{"pubKey":"BWK4seGwRLFljfodivV+8GdyJw0j6vIij4SoF+VLQOIU","privKey":"8DGQkOe1o7QLg/SmOCbV0hDrqh/BRcFDtaUln2nYzG0="},"lastRemoteEphemeralKey":"BV5ZCKE3ZL8jrlZOXluGo7dGy1kfTNYzEEvHF80PwmhJ","previousCounter":0,"rootKey":"ojSHPb+1mXQ47T9EVXxAFyZ4FWPfKxTStW5u50w1cj0="},"indexInfo":{"baseKey":"Ba0ED03PSZ9xggMjIOUaCwMPAvF0FFyMYYa6E9KKKRRE","baseKeyType":1,"closed":-1,"used":1689261768690,"created":1689261768690,"remoteIdentityKey":"BZak4tfGwRQp9JcZ34crCXVXITRLEQYGguUgsRuC5vIo"},"_chains":{"BWK4seGwRLFljfodivV+8GdyJw0j6vIij4SoF+VLQOIU":{"chainKey":{"counter":0,"key":"HZTPr/o32/mwgRGeQ5+mj8DBSvelLqoag8OR+0VwA1k="},"chainType":1,"messageKeys":{}}},"pendingPreKey":{"signedKeyId":0,"baseKey":"Ba0ED03PSZ9xggMjIOUaCwMPAvF0FFyMYYa6E9KKKRRE","preKeyId":4084258}}},"version":"v1"}