{"_sessions":{"BSchLlhpC0Iq6Ku7n4x8ekBlUAN33l5swEef2HO5o4AH":{"registrationId":417401928,"currentRatchet":{"ephemeralKeyPair":{"pubKey":"BbkzCvk1HXeSaJb2VF40WHWxrtSV3kSz9Xnz9yskcvVz","privKey":"kFNoiYTlGGuPEdKKHgP8X9OCwUq6naoXJcRCHBubJ1w="},"lastRemoteEphemeralKey":"BS6xlUTNhnR9mj1PwQ7wkvRx5hyEOnH/mPDPaw8q9fQC","previousCounter":0,"rootKey":"GBiivx+EYGJjKZBxz78mBOsb1aFfbtt9XZRQDOQt60s="},"indexInfo":{"baseKey":"BSchLlhpC0Iq6Ku7n4x8ekBlUAN33l5swEef2HO5o4AH","baseKeyType":1,"closed":-1,"used":1689261767191,"created":1689261767191,"remoteIdentityKey":"BbnE6xNxDZDK5wcXIeI0FxbFDZ8Pdy89QcNIAYnRR9p1"},"_chains":{"BbkzCvk1HXeSaJb2VF40WHWxrtSV3kSz9Xnz9yskcvVz":{"chainKey":{"counter":0,"key":"7TGl7H5k85p8at25HHXUiXjtk5q1PNtS4V1P0ZvrCBA="},"chainType":1,"messageKeys":{}}},"pendingPreKey":{"signedKeyId":8,"baseKey":"BSchLlhpC0Iq6Ku7n4x8ekBlUAN33l5swEef2HO5o4AH"}}},"version":"v1"}