{"_sessions":{"BcqS2fMa48E2l+WO+Une5SiSb4otparqPjI05x7eMf52":{"registrationId":2016101640,"currentRatchet":{"ephemeralKeyPair":{"pubKey":"BUVtlJXhVKQXgLvVIXkqCcYdECgY1HhgrFrbMSgZi2x4","privKey":"MPCYBJYLcl+dW1VKyXB0HqVUrkgV9nBezAcPMjFGkUQ="},"lastRemoteEphemeralKey":"BWmoi2WDPc6EpcsSOUCnt2HG+XzxKkKSjbXDo5968upy","previousCounter":0,"rootKey":"FWR3FnO4t7QQ8HQuycdD6p5+wYdQ2qym5ShzBH6XVck="},"indexInfo":{"baseKey":"BcqS2fMa48E2l+WO+Une5SiSb4otparqPjI05x7eMf52","baseKeyType":1,"closed":-1,"used":1689261768600,"created":1689261768600,"remoteIdentityKey":"BSYcTrRWv+NsNiwhv4k0Vqo5JZ4j9Cn/gSiNb4RQZA4X"},"_chains":{"BUVtlJXhVKQXgLvVIXkqCcYdECgY1HhgrFrbMSgZi2x4":{"chainKey":{"counter":0,"key":"T1wcU315C/2iWkJc2HhYmrSq4KKF3VXoFVsHEWeG0Bo="},"chainType":1,"messageKeys":{}}},"pendingPreKey":{"signedKeyId":12,"baseKey":"BcqS2fMa48E2l+WO+Une5SiSb4otparqPjI05x7eMf52","preKeyId":1905580}}},"version":"v1"}