{"_sessions":{"BRkhwpVJ2pKr/aCoK88/pCm/AyrmLCKUVAL68KtIcfxM":{"registrationId":198,"currentRatchet":{"ephemeralKeyPair":{"pubKey":"BX0mVcNnGCjPFsziVDqi4ffCBMWCeNWPdvAxxN3Pmbkj","privKey":"KB/AuTdZLt6mIqw2b/eYo0pQgJqb4Z2bHs8NY3lK71I="},"lastRemoteEphemeralKey":"BaRQJbSvRMu58rcD1rFeeTgmbi3H/ky22AOhga8MZFxl","previousCounter":0,"rootKey":"2DMdJune7utOQJEzGASIhekPVdlHeILADnMCtFSLWrE="},"indexInfo":{"baseKey":"BRkhwpVJ2pKr/aCoK88/pCm/AyrmLCKUVAL68KtIcfxM","baseKeyType":1,"closed":-1,"used":1689261766683,"created":1689261766683,"remoteIdentityKey":"BQgzqYJao8klDU5pECH/I4x7ZE9jhIR1Nh7psureqbZa"},"_chains":{"BX0mVcNnGCjPFsziVDqi4ffCBMWCeNWPdvAxxN3Pmbkj":{"chainKey":{"counter":0,"key":"1oIZg+PJDe5l/9zUwlrMig+LD9tFQ4TIyuZ1Mens99g="},"chainType":1,"messageKeys":{}}},"pendingPreKey":{"signedKeyId":1,"baseKey":"BRkhwpVJ2pKr/aCoK88/pCm/AyrmLCKUVAL68KtIcfxM"}}},"version":"v1"}