{"_sessions":{"BRnPiN/8vS05MWp+VNrHk17HnSIWWjz/T30+iEet2WoI":{"registrationId":241,"currentRatchet":{"ephemeralKeyPair":{"pubKey":"BSW9qmhIx9MPq9W1TFGu4U/bjCjEAslV8IkBNR3169Ej","privKey":"uIJiG2iYssAB5lIZcmR/zWoyW+U5ndpxO40YsA+g20Y="},"lastRemoteEphemeralKey":"BW5YP71cOJlYRA+u4pOcEoFcI0ZRa2gnzRrBQtexZx8X","previousCounter":0,"rootKey":"OQTqRuuyP2lkMsNcfaeUgIngH/NQos5Q84l0J+8Dj6M="},"indexInfo":{"baseKey":"BRnPiN/8vS05MWp+VNrHk17HnSIWWjz/T30+iEet2WoI","baseKeyType":1,"closed":-1,"used":1689261766085,"created":1689261766085,"remoteIdentityKey":"BQMn0lOvQ8agUwf8QcPf5OJT1E4aXwQ4+eUhQklY/hU9"},"_chains":{"BSW9qmhIx9MPq9W1TFGu4U/bjCjEAslV8IkBNR3169Ej":{"chainKey":{"counter":0,"key":"BxNyO0ZLJJWzryS7JSmwA+0vfd+FHHkPz4bXpFew6r0="},"chainType":1,"messageKeys":{}}},"pendingPreKey":{"signedKeyId":1,"baseKey":"BRnPiN/8vS05MWp+VNrHk17HnSIWWjz/T30+iEet2WoI"}}},"version":"v1"}