{"_sessions":{"BfPT6flb1JW4oJwVHBI6q5SRHHr8lxX7w4YHzPUPCfJR":{"registrationId":730468879,"currentRatchet":{"ephemeralKeyPair":{"pubKey":"BQZEFbcOhmBrMRPsq7FyA7VKtudSbzudPBZi/6HaSCNC","privKey":"WIVdzNIQK4z4KWsPcEtu4wx6Swez9hSUnfl5c2mXnUA="},"lastRemoteEphemeralKey":"BRzwOUGaUrW2m5I7OQCh6W8uYLZeBbHgW9/gr48XiblL","previousCounter":0,"rootKey":"WzVceIe3Q87GzzNSSqMxBngEeP4BzwhUG7ZfOQNGdz0="},"indexInfo":{"baseKey":"BfPT6flb1JW4oJwVHBI6q5SRHHr8lxX7w4YHzPUPCfJR","baseKeyType":1,"closed":-1,"used":1689261768676,"created":1689261768676,"remoteIdentityKey":"BcWrVgE00b8ruj6SdDhEM/t6ev8gbdSrc9Q/bB6PVVYr"},"_chains":{"BQZEFbcOhmBrMRPsq7FyA7VKtudSbzudPBZi/6HaSCNC":{"chainKey":{"counter":0,"key":"nPZa2UWB8K0nEzMMReuTnNpMwJAOAdX2qA0ON90vZbY="},"chainType":1,"messageKeys":{}}},"pendingPreKey":{"signedKeyId":0,"baseKey":"BfPT6flb1JW4oJwVHBI6q5SRHHr8lxX7w4YHzPUPCfJR","preKeyId":11950781}}},"version":"v1"}