{"_sessions":{"BaKIjkde42Qm3YxN/p+fdelWiIqF1qwn0YLYRC256DpM":{"registrationId":948663009,"currentRatchet":{"ephemeralKeyPair":{"pubKey":"BaJiM5lbWjNmlndv3NT3G42WE+ZA5GUXL1mQXnNYRDg5","privKey":"8D93UlleSnbv9e1PXevytGpAQqGWZ2SDmADJHoeE4Ws="},"lastRemoteEphemeralKey":"BfNCfxh+kj5vbJQ7X5OHITBg4BIfPKch5vUpKwNv8/I2","previousCounter":0,"rootKey":"ggLoJ7W38/iejaoazS9N86aVbG0DkS4vr527YbMEWdc="},"indexInfo":{"baseKey":"BaKIjkde42Qm3YxN/p+fdelWiIqF1qwn0YLYRC256DpM","baseKeyType":1,"closed":-1,"used":1689261768670,"created":1689261768670,"remoteIdentityKey":"BdgUK2RYCf6I6cRqr0xXBZVFpZitMU15aGE0PItrlG9g"},"_chains":{"BaJiM5lbWjNmlndv3NT3G42WE+ZA5GUXL1mQXnNYRDg5":{"chainKey":{"counter":0,"key":"mvqjxOc88m87AgbzPR4d8mp0AMzRAwRJKdKTP7HZEHY="},"chainType":1,"messageKeys":{}}},"pendingPreKey":{"signedKeyId":0,"baseKey":"BaKIjkde42Qm3YxN/p+fdelWiIqF1qwn0YLYRC256DpM","preKeyId":6369458}}},"version":"v1"}