{"_sessions":{"BSP4w4fETEcfG1TSgq785YINHulORIv/X9WY8MsbOxVI":{"registrationId":535011959,"currentRatchet":{"ephemeralKeyPair":{"pubKey":"BYkojDMxGUtNUUoOSUhfUoovI9mWyJwrhk6krJaWbiFb","privKey":"WASmXhEOdmoh+OkZmeRZtP0Ukr3S5H+SidVwX2bIK3U="},"lastRemoteEphemeralKey":"BaOC+kqsWPfTNP8XD0z2ekzWNDuy57ZRGtqfour/wUoj","previousCounter":0,"rootKey":"eELDVeVWZo9QA/5ZEqyjff4bRPyp32gBVewfm6TexxE="},"indexInfo":{"baseKey":"BSP4w4fETEcfG1TSgq785YINHulORIv/X9WY8MsbOxVI","baseKeyType":1,"closed":-1,"used":1689261926072,"created":1689261926072,"remoteIdentityKey":"Bedz2+EczQSLYY9T9zTogujF+4DZ6WziqQ3zbtm79UkO"},"_chains":{"BYkojDMxGUtNUUoOSUhfUoovI9mWyJwrhk6krJaWbiFb":{"chainKey":{"counter":1,"key":"CJGteHl5SO55Bmh2C+6ng7FVBUS8vgae6W0mGp71qmA="},"chainType":1,"messageKeys":{}}},"pendingPreKey":{"signedKeyId":1,"baseKey":"BSP4w4fETEcfG1TSgq785YINHulORIv/X9WY8MsbOxVI","preKeyId":6364895}}},"version":"v1"}