{"_sessions":{"BSexQvI5LNAqTgpu6YupG7GJ+HVMvkiugHQIw0fm9e8d":{"registrationId":1720296113,"currentRatchet":{"ephemeralKeyPair":{"pubKey":"BdbOiaEtot2gq1t9upARPQCoGiGFpIMBQaToqxRepjx2","privKey":"wC2JMVxq9cI0k1nsuFeZYuQUDyRsNB0SJgtsHp5eWW4="},"lastRemoteEphemeralKey":"BUbuQLPENwUItTmWtTmniuNHgzCo7y6QHUXwQEo/pXAE","previousCounter":0,"rootKey":"wndzki6P7gN5/yHCifEKSZyoMUE2O0aPtt9k3BbBEtU="},"indexInfo":{"baseKey":"BSexQvI5LNAqTgpu6YupG7GJ+HVMvkiugHQIw0fm9e8d","baseKeyType":1,"closed":-1,"used":1689261768459,"created":1689261768459,"remoteIdentityKey":"BTQDD/UC7uXjuUaF6NgvSl/ItG6CBfvz6oEuHTKkb2QG"},"_chains":{"BdbOiaEtot2gq1t9upARPQCoGiGFpIMBQaToqxRepjx2":{"chainKey":{"counter":2,"key":"kiKleP/MQE2OZTlnoiAhysHkSCyjci1/dhzUx72O7Gk="},"chainType":1,"messageKeys":{}}},"pendingPreKey":{"signedKeyId":1,"baseKey":"BSexQvI5LNAqTgpu6YupG7GJ+HVMvkiugHQIw0fm9e8d","preKeyId":15744827}}},"version":"v1"}