{"_sessions":{"BX3K3CqGSH0eqCC3oYSuqz/RNmkzg/mvuSVZVil00TFG":{"registrationId":1768428539,"currentRatchet":{"ephemeralKeyPair":{"pubKey":"BQNlx1ECGxVU0nrTspJ4AqgL22+h0s+Z92aTIGVGy21B","privKey":"IBrU3uWMJCVuiplXzEeJv2mSrcoPost6c9j3hdb5IVQ="},"lastRemoteEphemeralKey":"BUzbLknNgu2GIy9WmKBhFN2rOIyvlPRB68mvzKmPT4El","previousCounter":0,"rootKey":"Zd+kRT15PlDJWL8IJyUDXwqrKMsQvvRpXoxL9af721k="},"indexInfo":{"baseKey":"BX3K3CqGSH0eqCC3oYSuqz/RNmkzg/mvuSVZVil00TFG","baseKeyType":1,"closed":-1,"used":1689261926102,"created":1689261926102,"remoteIdentityKey":"BaqegLaimr6SO62FNb2+1CAc1MYy8wUoSR5pZMY23LgV"},"_chains":{"BQNlx1ECGxVU0nrTspJ4AqgL22+h0s+Z92aTIGVGy21B":{"chainKey":{"counter":1,"key":"myzHSbD5x8uSBlOSuPUjxC0sO8oKQO5MHRG3JyTL+OI="},"chainType":1,"messageKeys":{}}},"pendingPreKey":{"signedKeyId":1,"baseKey":"BX3K3CqGSH0eqCC3oYSuqz/RNmkzg/mvuSVZVil00TFG","preKeyId":13905419}}},"version":"v1"}