{"_sessions":{"BaqAK4o8JWT6NVyg9GVYW7KFUQVyuYjpqPSeFMpTy5RP":{"registrationId":169,"currentRatchet":{"ephemeralKeyPair":{"pubKey":"BfvhuiQNHQQLdxgR3Jq0C1CRRlrgf0xOSk3uSin4IW8y","privKey":"sC0OppffmRj7qvHZe5Ce0m/RIT1itfSQQMAEG8K6hVY="},"lastRemoteEphemeralKey":"BX17wKdy26cv2V/m4ITmsEdarSbSU83CdyR/xDu4cXdR","previousCounter":0,"rootKey":"RlcXk2R8ScbGD3fj2NhKZESUL7KThqw1NfAc9g8NPGk="},"indexInfo":{"baseKey":"BaqAK4o8JWT6NVyg9GVYW7KFUQVyuYjpqPSeFMpTy5RP","baseKeyType":1,"closed":-1,"used":1689261766350,"created":1689261766350,"remoteIdentityKey":"BUGJrIUW+/pbr8BiKDx+EK8TmcI21slZlHAXZ6PR8Fcw"},"_chains":{"BfvhuiQNHQQLdxgR3Jq0C1CRRlrgf0xOSk3uSin4IW8y":{"chainKey":{"counter":0,"key":"uudDmbct2Eul2m68DIJqsyEqkvky+1Ly+oZyre068H8="},"chainType":1,"messageKeys":{}}},"pendingPreKey":{"signedKeyId":1,"baseKey":"BaqAK4o8JWT6NVyg9GVYW7KFUQVyuYjpqPSeFMpTy5RP"}}},"version":"v1"}