{"_sessions":{"BTUGgP3Kukj5UvW4v06F/wmc6xoo7eHI2HpIYf/LXVNX":{"registrationId":244,"currentRatchet":{"ephemeralKeyPair":{"pubKey":"BXBQdXl+bZjtuMLhVq6KYGO7uuTXeguXVPxXBzsQPy1c","privKey":"gGC7WpEybQtSxbMayxSw8Clm2coKpQTmrANhCsIchnI="},"lastRemoteEphemeralKey":"BeivC07rsEB3IUtb2gPvK5Hq8d/qhH7bejivi3tX+K59","previousCounter":0,"rootKey":"ljkxbBBHxj7SvqzlDyNDjUNr+JP7Bx70GOhlhdMVXO0="},"indexInfo":{"baseKey":"BTUGgP3Kukj5UvW4v06F/wmc6xoo7eHI2HpIYf/LXVNX","baseKeyType":1,"closed":-1,"used":1689261766667,"created":1689261766667,"remoteIdentityKey":"BX3ThKyTzFTxbe7E6jg0zcFM733mu2P8MNwW+JSRENly"},"_chains":{"BXBQdXl+bZjtuMLhVq6KYGO7uuTXeguXVPxXBzsQPy1c":{"chainKey":{"counter":0,"key":"Ux0ZK9UUFs3LSvc++48+UTxPuidX1PTYCz+UHGnfOy0="},"chainType":1,"messageKeys":{}}},"pendingPreKey":{"signedKeyId":1,"baseKey":"BTUGgP3Kukj5UvW4v06F/wmc6xoo7eHI2HpIYf/LXVNX","preKeyId":327}}},"version":"v1"}