{"_sessions":{"BUs8w5tqojEU624ptarXsHM2Dv/9TG53BzzADEL9pwIk":{"registrationId":1081660695,"currentRatchet":{"ephemeralKeyPair":{"pubKey":"BZusmmpuy6XGZG4MQIlN1kumvlJfJG/oFV9s4b5r1CdM","privKey":"+AkmJilG/HZwRr7wltzkmoRzxvn+W8ee2L1Pw1RF9VA="},"lastRemoteEphemeralKey":"BVZHn2vugmYxAlVmru6b5ksuFwwKtdk8dXhONowewE91","previousCounter":0,"rootKey":"hCGDqlh3wmRZIwBdsuHCrtrSdrjhU2HAMrU4shblCzc="},"indexInfo":{"baseKey":"BUs8w5tqojEU624ptarXsHM2Dv/9TG53BzzADEL9pwIk","baseKeyType":1,"closed":-1,"used":1689261768077,"created":1689261768077,"remoteIdentityKey":"BV6bJVi/sGUYMSrEiusPYPbhbWqufQ2aZWSRUs8s7ZUO"},"_chains":{"BZusmmpuy6XGZG4MQIlN1kumvlJfJG/oFV9s4b5r1CdM":{"chainKey":{"counter":0,"key":"Ap7B/3qAxzN2eFYdIuO3Ao1UHTi4sP3ylU871YjlKKc="},"chainType":1,"messageKeys":{}}},"pendingPreKey":{"signedKeyId":1,"baseKey":"BUs8w5tqojEU624ptarXsHM2Dv/9TG53BzzADEL9pwIk","preKeyId":13948101}}},"version":"v1"}