{"_sessions":{"BRRXt+m80u7UvVZaGeopbgXI5LUnKWoaH/46qohNQiRA":{"registrationId":677488495,"currentRatchet":{"ephemeralKeyPair":{"pubKey":"BfvAonpaDhLsPQ7MWbHgTBOjNTCs4SAWUiJqCex8rYRe","privKey":"YG6MefB2aJKoQ72igIcW90w0VaCNal7j406GcEmfNmA="},"lastRemoteEphemeralKey":"BdVGgmjrq/J4BvbehAdUqW+KvXfzQJDHt9L62I9n/J9E","previousCounter":0,"rootKey":"90hqzrGmDi6VDBleu8avukDxax1XqBE1hJwuRrOv+cI="},"indexInfo":{"baseKey":"BRRXt+m80u7UvVZaGeopbgXI5LUnKWoaH/46qohNQiRA","baseKeyType":1,"closed":-1,"used":1689261769051,"created":1689261769051,"remoteIdentityKey":"BQyaE2HQzyynEYtRla35L0Q5o6PLrctRP3LN40sjZoxv"},"_chains":{"BfvAonpaDhLsPQ7MWbHgTBOjNTCs4SAWUiJqCex8rYRe":{"chainKey":{"counter":0,"key":"e2hdiNCBrrSCKlx15faRQ8zXoBWpUnmlXWcYXB3U/n0="},"chainType":1,"messageKeys":{}}},"pendingPreKey":{"signedKeyId":25,"baseKey":"BRRXt+m80u7UvVZaGeopbgXI5LUnKWoaH/46qohNQiRA","preKeyId":14738259}}},"version":"v1"}