{"_sessions":{"BZM0ExMHipiYff7HbugLtcSoj7FGyZioOyJMXdgNFgQq":{"registrationId":90280033,"currentRatchet":{"ephemeralKeyPair":{"pubKey":"BcFVEo1lh3fr0h7ew5NOOqWnOwBLqIOPCxAMZCD6fPl8","privKey":"QPA3sqnGW7f3Qs4L4m9rqDg0+1gx1FI0qgjL39BxKVE="},"lastRemoteEphemeralKey":"BSMq8ga73GubWZWOG4HkTheAgphI82Nf5S55DfQG0gpi","previousCounter":0,"rootKey":"MA7msqB9LikeNRLCOFaAcCh0eGL/cszYVY4ybfyO22c="},"indexInfo":{"baseKey":"BZM0ExMHipiYff7HbugLtcSoj7FGyZioOyJMXdgNFgQq","baseKeyType":1,"closed":-1,"used":1689261767669,"created":1689261767669,"remoteIdentityKey":"BU1jl62A6POH0giopN0pl/CKGWj8otfadujnt0cK5r4b"},"_chains":{"BcFVEo1lh3fr0h7ew5NOOqWnOwBLqIOPCxAMZCD6fPl8":{"chainKey":{"counter":0,"key":"DtKk2lqkinMDGNrljYsUswlci3VQkPwR0P3CvUQdKcg="},"chainType":1,"messageKeys":{}}},"pendingPreKey":{"signedKeyId":12,"baseKey":"BZM0ExMHipiYff7HbugLtcSoj7FGyZioOyJMXdgNFgQq","preKeyId":7473515}}},"version":"v1"}