{"_sessions":{"BZ9b97q5Xv93Z/8ro/cv28e3iaaDazP6oMemtOg0/65a":{"registrationId":106,"currentRatchet":{"ephemeralKeyPair":{"pubKey":"BUN0ZvoKierJYItFRNT0jje5Sk4doHjrmShC+tVlGkY3","privKey":"UHiJd3hE3eNx0sROeZkmsRsNeOscnE0kh6tWdEyNTGE="},"lastRemoteEphemeralKey":"Bay/Rx7n2H8XqDN1hk0lw49EzUPIhNTqzk065BW/wfl+","previousCounter":0,"rootKey":"8tsw0lBTobblS4Yx8Qn5uMAXkCLbHrcVhqyjGmRuZQg="},"indexInfo":{"baseKey":"BZ9b97q5Xv93Z/8ro/cv28e3iaaDazP6oMemtOg0/65a","baseKeyType":1,"closed":-1,"used":1689261766369,"created":1689261766369,"remoteIdentityKey":"BQaUwshXrcmBUGI3zR4u4YPGLOZf6405hozsWGchyxpD"},"_chains":{"BUN0ZvoKierJYItFRNT0jje5Sk4doHjrmShC+tVlGkY3":{"chainKey":{"counter":0,"key":"fR755VlxLgB0TDaZbjZXdS7bIXfJVAAXeBvzVtjLUtA="},"chainType":1,"messageKeys":{}}},"pendingPreKey":{"signedKeyId":1,"baseKey":"BZ9b97q5Xv93Z/8ro/cv28e3iaaDazP6oMemtOg0/65a"}}},"version":"v1"}