{"_sessions":{"BfTB2WjW6GMNNQkluvEBvYcq9iiiiorCjP0CPikNRNZF":{"registrationId":485672125,"currentRatchet":{"ephemeralKeyPair":{"pubKey":"BRobz4+nBJlf2T5S8+Mc0QaH9xctBNegTmh92oJ+qvhD","privKey":"KBXSuqupoIwH0VbrphKtRs/2BY9yGNjJZ26F3ojXDEw="},"lastRemoteEphemeralKey":"BUmtTHvpjyUzjkPh37+klhXTnQcRJ97C+IRh2Mq9afdl","previousCounter":0,"rootKey":"hWK3v54X2PSJ9k4FhspYdhZKsvHs4VUGEXwHDsS+48A="},"indexInfo":{"baseKey":"BfTB2WjW6GMNNQkluvEBvYcq9iiiiorCjP0CPikNRNZF","baseKeyType":1,"closed":-1,"used":1689261925782,"created":1689261925782,"remoteIdentityKey":"BV0lRX+/Fn4hIj/cwshlD/WT6b/FwKJwLgE/S/hTzA5g"},"_chains":{"BRobz4+nBJlf2T5S8+Mc0QaH9xctBNegTmh92oJ+qvhD":{"chainKey":{"counter":1,"key":"R9oFDcVCAO5Pe7XMsDsx8F0loXUiUHmCCHX/jbBrmrg="},"chainType":1,"messageKeys":{}}},"pendingPreKey":{"signedKeyId":0,"baseKey":"BfTB2WjW6GMNNQkluvEBvYcq9iiiiorCjP0CPikNRNZF","preKeyId":3746109}}},"version":"v1"}