{"_sessions":{"Bci38Fyr57E7AZehXjpYKhnGR9+U6sLN7HbFCJitPw9y":{"registrationId":623957517,"currentRatchet":{"ephemeralKeyPair":{"pubKey":"Bestu1m+/fQ1Rq3JjOCmr2QwpwFpCFcgqhfgQF0Kj55K","privKey":"wNMlOVq4gzqZBFe1FII4VWaT4APwibIa71G8epqrOkM="},"lastRemoteEphemeralKey":"BYNq/kfSrksYUs+JY1l6VpOvluc3XVfde5yp9mRQgvgu","previousCounter":0,"rootKey":"9Sp+cJnQ/4psem4j+lartckvr3WiY+Yz41Aej2t6Jok="},"indexInfo":{"baseKey":"Bci38Fyr57E7AZehXjpYKhnGR9+U6sLN7HbFCJitPw9y","baseKeyType":1,"closed":-1,"used":1689261768175,"created":1689261768175,"remoteIdentityKey":"BQPwSBzT1lD7TmVzB/x8AkjU+XevBBU7t1rTwTJSVXVb"},"_chains":{"Bestu1m+/fQ1Rq3JjOCmr2QwpwFpCFcgqhfgQF0Kj55K":{"chainKey":{"counter":0,"key":"B51ZtPzb8AKB/NAiYCFDEAxK2Yyo7RCqcT77bTQVFE4="},"chainType":1,"messageKeys":{}}},"pendingPreKey":{"signedKeyId":3,"baseKey":"Bci38Fyr57E7AZehXjpYKhnGR9+U6sLN7HbFCJitPw9y","preKeyId":5778039}}},"version":"v1"}