{"_sessions":{"BccfXs+YH2UBRpTU3lkhATDrEmfpy+GzW85EfNx7HHoB":{"registrationId":78632875,"currentRatchet":{"ephemeralKeyPair":{"pubKey":"BSoqsSOWVdWrgMMnLZ68FmdhE1fQ0NRrGDsp4LxS7s1+","privKey":"qBFwu0iNLDaC+N8zr9jft5VQCawjseY2X74lkfl2ikk="},"lastRemoteEphemeralKey":"BbPUeQp+yzJLmXZk6SHRO81sjV5yfBy8g1eCI4STduAd","previousCounter":0,"rootKey":"gj9HsQ8YfwsnX6HgRzYI5dgsiUZVg+t0C1VG5+/ePyc="},"indexInfo":{"baseKey":"BccfXs+YH2UBRpTU3lkhATDrEmfpy+GzW85EfNx7HHoB","baseKeyType":1,"closed":-1,"used":1689261925626,"created":1689261925626,"remoteIdentityKey":"Be17bwPTZlr2uNkIEsSniubnIW2YfYERwXJ4JvFWC5sy"},"_chains":{"BSoqsSOWVdWrgMMnLZ68FmdhE1fQ0NRrGDsp4LxS7s1+":{"chainKey":{"counter":1,"key":"eWioC0XXrUD4OpG+2JqlDPdXsIkcri9rkC38Mjgf1rs="},"chainType":1,"messageKeys":{}}},"pendingPreKey":{"signedKeyId":0,"baseKey":"BccfXs+YH2UBRpTU3lkhATDrEmfpy+GzW85EfNx7HHoB","preKeyId":5253983}}},"version":"v1"}