{"_sessions":{"BdtIFFySf9kWVoZkgQnx5WQtNPFjnt217P1+R50kq7QS":{"registrationId":1928719236,"currentRatchet":{"ephemeralKeyPair":{"pubKey":"BdJUU0Tht565nu8lghLmf/dvvJ3S6KZpN/a3szGmDx1o","privKey":"aOP+9uJOn3164qk8kIb8AJfj20lv9OVF00I9rN0vllc="},"lastRemoteEphemeralKey":"BcRIffxj7DDU2/w0jXKlTmM9TfS/x3oqffXRCU85df8W","previousCounter":0,"rootKey":"wigu1SHlTibl39LyEmbJtCHfeRihJxgX5AFGmBiEnNQ="},"indexInfo":{"baseKey":"BdtIFFySf9kWVoZkgQnx5WQtNPFjnt217P1+R50kq7QS","baseKeyType":1,"closed":-1,"used":1689261925467,"created":1689261925467,"remoteIdentityKey":"BSWf4bdQuHVyCTjQxyaubAc6yF1tAilmD2fJZJ6YFWhb"},"_chains":{"BdJUU0Tht565nu8lghLmf/dvvJ3S6KZpN/a3szGmDx1o":{"chainKey":{"counter":1,"key":"YUfBJwlLrmW2jGqmn1xi1/kf9bGIJ9aqepiM5KMQfJ8="},"chainType":1,"messageKeys":{}}},"pendingPreKey":{"signedKeyId":1,"baseKey":"BdtIFFySf9kWVoZkgQnx5WQtNPFjnt217P1+R50kq7QS","preKeyId":13532501}}},"version":"v1"}