{"_sessions":{"BTNXX+cIKQ0pBrg4KZ4uVIil3UnyyktEi6Gbamz6e8Nj":{"registrationId":1783174447,"currentRatchet":{"ephemeralKeyPair":{"pubKey":"Bel8nDhMD22i312Ex55GUxpuliJagIMj/E491N7gQnUp","privKey":"UCIfH65vPGoQgjkfx5gdW33W8v9SX8ceyrkvowqv2m0="},"lastRemoteEphemeralKey":"BTmLpwTF1qTHmORqKmKxKFMGAg0J26GUWfPqqtYF4eQk","previousCounter":0,"rootKey":"g/YgON5RbbbgYv+I74C2mwUGPjjhtrOBtRct4TRpnN4="},"indexInfo":{"baseKey":"BTNXX+cIKQ0pBrg4KZ4uVIil3UnyyktEi6Gbamz6e8Nj","baseKeyType":1,"closed":-1,"used":1689261767450,"created":1689261767450,"remoteIdentityKey":"BQw4J04cdHnxIBdEMM19z+upnukqSDSsBcwT2qYVSPRI"},"_chains":{"Bel8nDhMD22i312Ex55GUxpuliJagIMj/E491N7gQnUp":{"chainKey":{"counter":0,"key":"ehyqVZVJC9+5qaClpD2azGtzHKZxSlAEZQVVQNsiC2w="},"chainType":1,"messageKeys":{}}},"pendingPreKey":{"signedKeyId":1,"baseKey":"BTNXX+cIKQ0pBrg4KZ4uVIil3UnyyktEi6Gbamz6e8Nj","preKeyId":6628348}}},"version":"v1"}