{"_sessions":{"BfQqUs6XO/R08moE82IgNdlrC6cnagItyH2y5j54T04w":{"registrationId":1195383451,"currentRatchet":{"ephemeralKeyPair":{"pubKey":"Bc551Xk9bub+Y1Le0MSvZ9/ioznRDfZN279Px/V2wqRt","privKey":"OApmiHZ+tvIhdDkQLHiIBVI4U0OLfqB1Cn6DwcwbM0c="},"lastRemoteEphemeralKey":"Be0Y5rhtxoe70HJHkrWdY8crZQ+I5x7lJNWJ3FjIPvBN","previousCounter":0,"rootKey":"RHoxEmSMT8d2vFTqlt/WURaaRVRdbu8k3sKFWmWdkLc="},"indexInfo":{"baseKey":"BfQqUs6XO/R08moE82IgNdlrC6cnagItyH2y5j54T04w","baseKeyType":1,"closed":-1,"used":1689261766779,"created":1689261766779,"remoteIdentityKey":"BTyrk7+kgR2LFlRyGK+i9bw3lNJg1RGvngFl5g0gV4Bo"},"_chains":{"Bc551Xk9bub+Y1Le0MSvZ9/ioznRDfZN279Px/V2wqRt":{"chainKey":{"counter":0,"key":"Pv86OzuXa78BVynpvxJkscxfAbDEp7vPjXqruugayMY="},"chainType":1,"messageKeys":{}}},"pendingPreKey":{"signedKeyId":1,"baseKey":"BfQqUs6XO/R08moE82IgNdlrC6cnagItyH2y5j54T04w"}}},"version":"v1"}