{"_sessions":{"BRiFTgU0LnJQXuNWmhru1YFN8wN0XqORC/XIes5Flsxk":{"registrationId":354515522,"currentRatchet":{"ephemeralKeyPair":{"pubKey":"BaqaFZEEbRraRo9phik4MQ94TlilycpFc2QTr0+GGio9","privKey":"mA+Vu16C8Aa1FAvJ1T2GpDRw5MgZQo6IBMxq/d+HyH8="},"lastRemoteEphemeralKey":"Bd4BQBn9r7g3tkXHlVLpo3MoYno7w7gXVQL8TdU4Lv5G","previousCounter":0,"rootKey":"4dh1HKPvrRhREFhz4V7u5G6gCT6QKDMi7LNsC5fFLg8="},"indexInfo":{"baseKey":"BRiFTgU0LnJQXuNWmhru1YFN8wN0XqORC/XIes5Flsxk","baseKeyType":1,"closed":-1,"used":1689261768573,"created":1689261768573,"remoteIdentityKey":"BY0h1QCIEea64c3mXLswra+TpDPRkIAx8kDw5d0cfdM9"},"_chains":{"BaqaFZEEbRraRo9phik4MQ94TlilycpFc2QTr0+GGio9":{"chainKey":{"counter":0,"key":"7oEPdd/Pn95E0CTTjGjAUPMuT6drVkk8+ghrXGbN/OU="},"chainType":1,"messageKeys":{}}},"pendingPreKey":{"signedKeyId":2,"baseKey":"BRiFTgU0LnJQXuNWmhru1YFN8wN0XqORC/XIes5Flsxk"}}},"version":"v1"}