{"_sessions":{"BQF5k+lwtzCgzBrldmqQJp0oXS7hzUe4loycOfm/37V1":{"registrationId":1735310001,"currentRatchet":{"ephemeralKeyPair":{"pubKey":"BeiM1r5mEPSCuZ2EOdqo6M8lGliT02VqwSh3b3rx/1IR","privKey":"OEfEGFNffQMUxJTCWvFVdWlUqs6L9xgMlimBq9M/a04="},"lastRemoteEphemeralKey":"BWiaAtVpBw2o2BcEkg/IJepYYjbbOuFTtlbChqoZSM9a","previousCounter":0,"rootKey":"UOPdsJkdx1oPE0y3eu/f7DCR+DC4WzthDl6nRkJJZWE="},"indexInfo":{"baseKey":"BQF5k+lwtzCgzBrldmqQJp0oXS7hzUe4loycOfm/37V1","baseKeyType":1,"closed":-1,"used":1689261925775,"created":1689261925775,"remoteIdentityKey":"BR9CDRd4Q6ahpxTEBw+OFpuHC9ywAkVjI67+tYYH6skF"},"_chains":{"BeiM1r5mEPSCuZ2EOdqo6M8lGliT02VqwSh3b3rx/1IR":{"chainKey":{"counter":1,"key":"Og3ndLXe5NuL6Q4PFpPpup5Roe3o9L6dMZfnaA9Dp+0="},"chainType":1,"messageKeys":{}}},"pendingPreKey":{"signedKeyId":0,"baseKey":"BQF5k+lwtzCgzBrldmqQJp0oXS7hzUe4loycOfm/37V1","preKeyId":11550652}}},"version":"v1"}