{"_sessions":{"BdRA/oBFfzCMzBZHSRNSIq73lbuom0OXm6Eit+Yap29z":{"registrationId":1283058750,"currentRatchet":{"ephemeralKeyPair":{"pubKey":"BcXj6N7kS1nzezzWF+kRdHfGSpeWODeGMFHjBitvINdo","privKey":"IGTtIuayOjdniyE/ASItmVcR6/KeCDvKSsgXECXQIFs="},"lastRemoteEphemeralKey":"BbO4TriF/bpjGvULYapsWEKUqKLMfWSNC2izRAuUYpZl","previousCounter":0,"rootKey":"xqLs4zYCQtxom1grxxiZ1AwLfryG76Km0B9VSckexpU="},"indexInfo":{"baseKey":"BdRA/oBFfzCMzBZHSRNSIq73lbuom0OXm6Eit+Yap29z","baseKeyType":1,"closed":-1,"used":1689261768557,"created":1689261768557,"remoteIdentityKey":"BWmn+URO55pQOYybh7YgwacKBYk6Zpd+q3bWxIfo/cBW"},"_chains":{"BcXj6N7kS1nzezzWF+kRdHfGSpeWODeGMFHjBitvINdo":{"chainKey":{"counter":0,"key":"PGcH6XDjkn6OkmweVmgNxiqoTPrV/yaDWGSM/Y6cIzY="},"chainType":1,"messageKeys":{}}},"pendingPreKey":{"signedKeyId":0,"baseKey":"BdRA/oBFfzCMzBZHSRNSIq73lbuom0OXm6Eit+Yap29z","preKeyId":11492241}}},"version":"v1"}