{"_sessions":{"Bek+g1ls3zkt4kJWyd6JXGbm+Fw6zvxmTiZTwj2Ou5F8":{"registrationId":182859334,"currentRatchet":{"ephemeralKeyPair":{"pubKey":"Bbmjl2Joub55+0vhSXGsIx8hnkhnnqxhXS5UpahULWhU","privKey":"ADPupLD0E2S1jhr4he67M+oCOyM/AAVfQxtM7zs3k10="},"lastRemoteEphemeralKey":"BRAd3hRccWXbFIbATQI0rqb3jRoS7bFF12qbxe6l540s","previousCounter":0,"rootKey":"WyPlTSMWZuxZSCp/MUB7kcTNb5nzyxoSLPj6wL4HE2A="},"indexInfo":{"baseKey":"Bek+g1ls3zkt4kJWyd6JXGbm+Fw6zvxmTiZTwj2Ou5F8","baseKeyType":1,"closed":-1,"used":1689261767593,"created":1689261767593,"remoteIdentityKey":"BQ44KAAmS4hjFjiS0irwzgR4w5506xKrFsbf0DorL1w/"},"_chains":{"Bbmjl2Joub55+0vhSXGsIx8hnkhnnqxhXS5UpahULWhU":{"chainKey":{"counter":0,"key":"0xQqEp4+vfyG20HxlOzpEN7N59G+dVHeYbZvSPJBunM="},"chainType":1,"messageKeys":{}}},"pendingPreKey":{"signedKeyId":0,"baseKey":"Bek+g1ls3zkt4kJWyd6JXGbm+Fw6zvxmTiZTwj2Ou5F8"}}},"version":"v1"}