{"_sessions":{"BTKfq6iLVdFbx3f156R9ayCsUA8hxlCvBOqj5ZLM2gBo":{"registrationId":2109974825,"currentRatchet":{"ephemeralKeyPair":{"pubKey":"BQL7O7JCichtRjqlWiIx1Ft0OZqHrs0pK6dPXS/pKAZB","privKey":"kIPRU+MgWHII9bL3C0jDNg8pbbJsb4+itLbakrstHlo="},"lastRemoteEphemeralKey":"BX2AXZfRGq2+fWUtwo7XVre2JgoMBiacsf0LfBGTiYcf","previousCounter":0,"rootKey":"NjGjQ9o9kLp+vNY8aos4WdAKE2XR3ISKvRvpN+cr0oE="},"indexInfo":{"baseKey":"BTKfq6iLVdFbx3f156R9ayCsUA8hxlCvBOqj5ZLM2gBo","baseKeyType":1,"closed":-1,"used":1689261768468,"created":1689261768468,"remoteIdentityKey":"BRBQIiW17Cuf+xCyRU2OPBYEeuEY9Po3RUOc5iiOu1dD"},"_chains":{"BQL7O7JCichtRjqlWiIx1Ft0OZqHrs0pK6dPXS/pKAZB":{"chainKey":{"counter":0,"key":"uhUurB9alZTVXeAlAGcwRH39mcvzMxeWhiN/wFFD3Ew="},"chainType":1,"messageKeys":{}}},"pendingPreKey":{"signedKeyId":4,"baseKey":"BTKfq6iLVdFbx3f156R9ayCsUA8hxlCvBOqj5ZLM2gBo","preKeyId":9408990}}},"version":"v1"}