{"_sessions":{"BQUyYFLAOpY2U5264yw1LbPuAitv1zaWTw9xnidnHYwn":{"registrationId":1518906580,"currentRatchet":{"ephemeralKeyPair":{"pubKey":"BadfZEgJIsJbjVEPhYl0tCVPlOBYf9OWK63H4vwl1MgS","privKey":"IFq1H6YdmK8xw5eYPxar1sDk9nsuWMw1hSZm6pn2GkM="},"lastRemoteEphemeralKey":"BX96Cn/KewQ3katvFgbKqI0h8Oj3k9Kj/evWrO5TltU0","previousCounter":0,"rootKey":"xnSaV0JZBjweuYjU1+etEmXJG4aRLsSx/t2vHvIMG5o="},"indexInfo":{"baseKey":"BQUyYFLAOpY2U5264yw1LbPuAitv1zaWTw9xnidnHYwn","baseKeyType":1,"closed":-1,"used":1689261766865,"created":1689261766865,"remoteIdentityKey":"BeIpUFCKh5jg+CRKOgtxzdCJqpu1vbJtK2gNtK2TQgwL"},"_chains":{"BadfZEgJIsJbjVEPhYl0tCVPlOBYf9OWK63H4vwl1MgS":{"chainKey":{"counter":0,"key":"3a5ZCt0KmRRWsWI9gJ9FKmKf5zSqf1B/UEt1QjVuc9c="},"chainType":1,"messageKeys":{}}},"pendingPreKey":{"signedKeyId":0,"baseKey":"BQUyYFLAOpY2U5264yw1LbPuAitv1zaWTw9xnidnHYwn"}}},"version":"v1"}