{"_sessions":{"BdqIsOyVV93Mc1Q2170IFaTMd5vmqPnTnNa+uueSR1w4":{"registrationId":98926944,"currentRatchet":{"ephemeralKeyPair":{"pubKey":"BQvNZgJjd5WGC27MAnHthawfJ/cUkHS3GXXqNq5b1tt8","privKey":"APu2JkX8QvX52VmpvRQACmZ3aA0nRYuaZKyfaVIDDGQ="},"lastRemoteEphemeralKey":"BUjrPUAiF93Z9Bxc2CMd8Rl55CRX8gep1ZsTQctykrMx","previousCounter":0,"rootKey":"/qnNn9ZWY+HAmhZHU5aQRY8twFFI8Dp3aHWNWhyYSR8="},"indexInfo":{"baseKey":"BdqIsOyVV93Mc1Q2170IFaTMd5vmqPnTnNa+uueSR1w4","baseKeyType":1,"closed":-1,"used":1689261767468,"created":1689261767468,"remoteIdentityKey":"BRImaTIzEJUZfEdMw/s5jxf2KVKlM0D2UCMqGanz744/"},"_chains":{"BQvNZgJjd5WGC27MAnHthawfJ/cUkHS3GXXqNq5b1tt8":{"chainKey":{"counter":0,"key":"rTsXz3j9ZlDvnVWgE6tU5Y7nxFj62Srq07/NdXV9rZE="},"chainType":1,"messageKeys":{}}},"pendingPreKey":{"signedKeyId":0,"baseKey":"BdqIsOyVV93Mc1Q2170IFaTMd5vmqPnTnNa+uueSR1w4","preKeyId":809999}}},"version":"v1"}