{"_sessions":{"BVD0SN2fPfwEEuSppJ33DvzwDwJRHrOde7IZoBSH1gxV":{"registrationId":694177460,"currentRatchet":{"ephemeralKeyPair":{"pubKey":"BThbqtgn9UpfsuzwwNZG9gNoxSs83bGOA5QF+2Bh7GMk","privKey":"cLBnCGBIkLdHC/cYJq3C6Xi2tWnMd8mqe94z5Ae7QVM="},"lastRemoteEphemeralKey":"BT3ajQSKVaXtfom8DW2Xlj6+tryxwhr92BJ1QqF6fcUj","previousCounter":0,"rootKey":"Y4hR42/8iKuFNp5zm4uoLhGL5Y2rTAWXIRDt8GHvt2U="},"indexInfo":{"baseKey":"BVD0SN2fPfwEEuSppJ33DvzwDwJRHrOde7IZoBSH1gxV","baseKeyType":1,"closed":-1,"used":1689261767957,"created":1689261767957,"remoteIdentityKey":"BUhDFS+sCvXveIkl3rFvM7SJavbJCoicYwZxivdWhzYb"},"_chains":{"BThbqtgn9UpfsuzwwNZG9gNoxSs83bGOA5QF+2Bh7GMk":{"chainKey":{"counter":0,"key":"EYcfsnkUVp4A9K8aRw0ZqL3GnfGKONVIqeld47oc7+U="},"chainType":1,"messageKeys":{}}},"pendingPreKey":{"signedKeyId":0,"baseKey":"BVD0SN2fPfwEEuSppJ33DvzwDwJRHrOde7IZoBSH1gxV"}}},"version":"v1"}