{"_sessions":{"BWQqecLwd6YEkoc5nNpo814PppzZlBGe0CxpHy6avGxw":{"registrationId":1919918946,"currentRatchet":{"ephemeralKeyPair":{"pubKey":"BV+bLvJS8Q8TnwqCTztvMvuiNODGNnte7AZ+371a7Jpp","privKey":"eGV3LS4RQXQkqeRm1IzVCg/zyAiPrnzXk/Ti5VuCI1E="},"lastRemoteEphemeralKey":"BXgGLgV+irOIKnWXG29s/RiBa+uHrioWzi4lTzTz7JMx","previousCounter":0,"rootKey":"hkfzjYSktC/ZRsNttTpdZSdoPLUPLhOePRSjPU6br6E="},"indexInfo":{"baseKey":"BWQqecLwd6YEkoc5nNpo814PppzZlBGe0CxpHy6avGxw","baseKeyType":1,"closed":-1,"used":1689261767597,"created":1689261767597,"remoteIdentityKey":"BTSR4/Xn4MXmomUpr5DWcy8iJPjH9ZPOKmOMBxmGPc57"},"_chains":{"BV+bLvJS8Q8TnwqCTztvMvuiNODGNnte7AZ+371a7Jpp":{"chainKey":{"counter":0,"key":"gK8SR6jZ8TSDcG2bU1k6iqQhy8QvGpn9hgWeXCf87gc="},"chainType":1,"messageKeys":{}}},"pendingPreKey":{"signedKeyId":3,"baseKey":"BWQqecLwd6YEkoc5nNpo814PppzZlBGe0CxpHy6avGxw","preKeyId":4028031}}},"version":"v1"}