{"_sessions":{"BQQ/Xob8HFqSy8aDt9u6+t5UsJnLxiFAgpykowFli1t8":{"registrationId":195259044,"currentRatchet":{"ephemeralKeyPair":{"pubKey":"BcKQ3R0+Vb2mCGvJ2oNjchQ9J8jWlj9Tx23kP5To75I/","privKey":"GMnCqNjVwz2jdV1OsSs1ysdMjesVEfk+D4u3EcdbZ1I="},"lastRemoteEphemeralKey":"BS1ywosSgML06UFHqwGzXu88qu25fMqfH9fXDXPlPrMN","previousCounter":0,"rootKey":"uLiHbRbWtJkPcVO4YTzD3Lm4EOzJnY+tob0UmUPzWPM="},"indexInfo":{"baseKey":"BQQ/Xob8HFqSy8aDt9u6+t5UsJnLxiFAgpykowFli1t8","baseKeyType":1,"closed":-1,"used":1689261768858,"created":1689261768858,"remoteIdentityKey":"BZTVfka/4wZ2E9Gg8JFmWtGbiqa11TWCJKCEzPFTMcsg"},"_chains":{"BcKQ3R0+Vb2mCGvJ2oNjchQ9J8jWlj9Tx23kP5To75I/":{"chainKey":{"counter":0,"key":"J4UVaQWyVowpJ+nsptebBiWf9uvnlM7Bup94ufHNuug="},"chainType":1,"messageKeys":{}}},"pendingPreKey":{"signedKeyId":0,"baseKey":"BQQ/Xob8HFqSy8aDt9u6+t5UsJnLxiFAgpykowFli1t8","preKeyId":12293790}}},"version":"v1"}