{"_sessions":{"BS5q9zsZIDbbmTrNv39pkOH9D29UX/3LlsA/tABjJOBx":{"registrationId":474347393,"currentRatchet":{"ephemeralKeyPair":{"pubKey":"BTXEeoL+vbkrz0jwFonPUXsbvzNTER7ADUT9lKNli4lM","privKey":"WC1D2jAAwWR80p5jeUFyzLDk9eGgx7YXcP8Vzvhv7n0="},"lastRemoteEphemeralKey":"BU741oKSu0jPxUUCi2ogd9vYdsUyTZ5M+Omzw9pf75V7","previousCounter":0,"rootKey":"n6k4x6HeWwc01EP2DAsNnFcXMPiBjNpo5knEELMV6so="},"indexInfo":{"baseKey":"BS5q9zsZIDbbmTrNv39pkOH9D29UX/3LlsA/tABjJOBx","baseKeyType":1,"closed":-1,"used":1689261767393,"created":1689261767393,"remoteIdentityKey":"BZgDERcD2N2v4D8vqZMTPBMJSTCwjhKvIX5614Z0PGRW"},"_chains":{"BTXEeoL+vbkrz0jwFonPUXsbvzNTER7ADUT9lKNli4lM":{"chainKey":{"counter":0,"key":"xTtjgxNFv8rE1EXRntJCUo45qOKgPN/O6L0V5k+xEYE="},"chainType":1,"messageKeys":{}}},"pendingPreKey":{"signedKeyId":2,"baseKey":"BS5q9zsZIDbbmTrNv39pkOH9D29UX/3LlsA/tABjJOBx","preKeyId":4683652}}},"version":"v1"}