{"_sessions":{"BQSNIzf9/305ocAB67TrObnY4anafteVCEAer5LgoaIq":{"registrationId":1544041713,"currentRatchet":{"ephemeralKeyPair":{"pubKey":"BWTBVcgVv2sR0VLX1hL77iMTOq7kWww3Yx2WyVq/Pn03","privKey":"CF0GqxaoeySbAocjXclBFZq15K3KGAlpnPe9fvMxWlY="},"lastRemoteEphemeralKey":"BShkq+3cuD7f8nAxBv1mc+jicW8Mju8Omo6/CIj4++si","previousCounter":0,"rootKey":"7Jz7B0p5AJASh+36HIiJc1grQBxP+bQJ1h9Tde4iiYY="},"indexInfo":{"baseKey":"BQSNIzf9/305ocAB67TrObnY4anafteVCEAer5LgoaIq","baseKeyType":1,"closed":-1,"used":1689261769002,"created":1689261769002,"remoteIdentityKey":"BXdRo6gVQ7glaEt6P6CkBcWvmRxKUSmOkj1KJbm8geIV"},"_chains":{"BWTBVcgVv2sR0VLX1hL77iMTOq7kWww3Yx2WyVq/Pn03":{"chainKey":{"counter":0,"key":"BItLsMo6yap8KnWSaa8ae9ao/lwYYQdHoMTr8KIgXL8="},"chainType":1,"messageKeys":{}}},"pendingPreKey":{"signedKeyId":0,"baseKey":"BQSNIzf9/305ocAB67TrObnY4anafteVCEAer5LgoaIq"}}},"version":"v1"}