{"_sessions":{"BXXTmVSxjq6VEhmkJ40c/+D7B/nRJwj9RJc/kXn+19gs":{"registrationId":7293,"currentRatchet":{"ephemeralKeyPair":{"pubKey":"BY9q1+6v23QsB5o5cHvOTJJevSVZIBKQi6ua/N9v9d94","privKey":"iHHfcyas54HwPmR1bJMSfFgSv29xUAwDUjQOtXTY7Eo="},"lastRemoteEphemeralKey":"BWfWUgUqGMLsJLHyEyhFBO7BSUgr7graNwy7AGrL2pl5","previousCounter":0,"rootKey":"9oNV+DAFc3q7hbP75JtAYihYLt3QvwmPx9QJXPhBEKg="},"indexInfo":{"baseKey":"BXXTmVSxjq6VEhmkJ40c/+D7B/nRJwj9RJc/kXn+19gs","baseKeyType":1,"closed":-1,"used":1689261765778,"created":1689261765778,"remoteIdentityKey":"Be44MvO2kRMdhLWOKOZytPwK2XhurIY2l3haMK6n5FU+"},"_chains":{"BY9q1+6v23QsB5o5cHvOTJJevSVZIBKQi6ua/N9v9d94":{"chainKey":{"counter":0,"key":"DH4ILq2vINhfB0blAg//hzbeMhU4HM4qgHbjwluYFs8="},"chainType":1,"messageKeys":{}}},"pendingPreKey":{"signedKeyId":1,"baseKey":"BXXTmVSxjq6VEhmkJ40c/+D7B/nRJwj9RJc/kXn+19gs"}}},"version":"v1"}