{"_sessions":{"BY9l1/LCBAFxaZhxLyGBHZJXC0/G/JxJ+MniJpy0Y442":{"registrationId":1141927051,"currentRatchet":{"ephemeralKeyPair":{"pubKey":"BZtmWFxU6/jWXMDIcZLhyXvqY8Kn8pcn4pdaDtp2TepC","privKey":"8GYWJjukshh6AwGfJmEtZkUVBwbUThqywRnc7egiCGk="},"lastRemoteEphemeralKey":"BU+/j21+i+nuQr6NE82Xp0RTakLNhLDKism677oLPOwu","previousCounter":0,"rootKey":"Z2ECpIUnksp8isr3sPew7sYZ1VW43svDVELKA1cOVvM="},"indexInfo":{"baseKey":"BY9l1/LCBAFxaZhxLyGBHZJXC0/G/JxJ+MniJpy0Y442","baseKeyType":1,"closed":-1,"used":1689261767574,"created":1689261767574,"remoteIdentityKey":"BVAHzAdNQc30pLzFZPEtigg7y/Wzx2xMGj1PCbakFW5k"},"_chains":{"BZtmWFxU6/jWXMDIcZLhyXvqY8Kn8pcn4pdaDtp2TepC":{"chainKey":{"counter":0,"key":"AH44bSIcWihxwDX0uTQRMhSBpRPjEkkGJKm0+6uI8K4="},"chainType":1,"messageKeys":{}}},"pendingPreKey":{"signedKeyId":1,"baseKey":"BY9l1/LCBAFxaZhxLyGBHZJXC0/G/JxJ+MniJpy0Y442","preKeyId":6472001}}},"version":"v1"}