{"_sessions":{"BewKtoMffm930sqc4sxO4+Yn2nAMygTqueApau80IuIC":{"registrationId":37,"currentRatchet":{"ephemeralKeyPair":{"pubKey":"BZKW08gXvZij2mB4WeEOGtL/HPJh/AE0obt/51QYl9sH","privKey":"KJe1hJaFPirbJ1LpKRWsQgpxUE5VRNwP4Zz/zqa/CHY="},"lastRemoteEphemeralKey":"BX16Q1d0fdrSZPfRe+kBt5XTfzUH1zSmsSjZHuBPZm8o","previousCounter":0,"rootKey":"pdF2fFtOQ0Q+iPJJcKp/Q3zMrqRVMatJRXW4nYV1pT8="},"indexInfo":{"baseKey":"BewKtoMffm930sqc4sxO4+Yn2nAMygTqueApau80IuIC","baseKeyType":1,"closed":-1,"used":1689261925200,"created":1689261925200,"remoteIdentityKey":"BbUa6SnvYl5PWYf8ZxUmgfETDa1zF+VWhjEHYvqlUmgD"},"_chains":{"BZKW08gXvZij2mB4WeEOGtL/HPJh/AE0obt/51QYl9sH":{"chainKey":{"counter":1,"key":"eOeXS7vdXglo6CZ5IdZX8O0esOiry6DLHgcsQz8+ZpQ="},"chainType":1,"messageKeys":{}}},"pendingPreKey":{"signedKeyId":1,"baseKey":"BewKtoMffm930sqc4sxO4+Yn2nAMygTqueApau80IuIC"}}},"version":"v1"}