{"_sessions":{"BYVfzOTojwFefEqJ5CY0XtoPdF4uJ+LFnn197wj2TYcu":{"registrationId":1886746313,"currentRatchet":{"ephemeralKeyPair":{"pubKey":"BUO7Bgsi9FD/MuIe936GyRrsjTU/ew2nWuz7toYpYR8g","privKey":"OMuW9boE3idxTed53a10+gQGOys9wdmNIr2xHmhU1l0="},"lastRemoteEphemeralKey":"BUzvsIwLSy5b5iL5RKjbAOpVVof2Em2bKhs6UVKdnHIX","previousCounter":0,"rootKey":"ByINbpWG4t2SHud0+jmdXcr5Rq+pUS03tkKHn8JXpI0="},"indexInfo":{"baseKey":"BYVfzOTojwFefEqJ5CY0XtoPdF4uJ+LFnn197wj2TYcu","baseKeyType":1,"closed":-1,"used":1689261925621,"created":1689261925621,"remoteIdentityKey":"BUFxg5TpXVslEzuw8ffwMxxKUKQhnXXIRw52xSqATnlJ"},"_chains":{"BUO7Bgsi9FD/MuIe936GyRrsjTU/ew2nWuz7toYpYR8g":{"chainKey":{"counter":1,"key":"RnIwZCKp9W4ELoqdetWDyJcfy+zQImLHvackQS6T9sI="},"chainType":1,"messageKeys":{}}},"pendingPreKey":{"signedKeyId":13,"baseKey":"BYVfzOTojwFefEqJ5CY0XtoPdF4uJ+LFnn197wj2TYcu","preKeyId":12410913}}},"version":"v1"}