{"_sessions":{"BXAxliXnmU+4BeAL4R3JU7q0v99VBfAl1lUFunpoOxEy":{"registrationId":445129819,"currentRatchet":{"ephemeralKeyPair":{"pubKey":"Bfep6dq6pIM66UMsisE3zYHnjfO6Pk0HRkY1Yd0Y/IhO","privKey":"CJqnDI4qhE/Sc8xQlYSpxFSudVxnj9G9N11GAYgJ6mI="},"lastRemoteEphemeralKey":"BbSL5zOjihdNoTUms/GamiIKil+NEggN8tlLv+t+bUtW","previousCounter":0,"rootKey":"sMRPvolweA1ltcj84/CVPXwjBVMaooFHyiD9jNpeQnY="},"indexInfo":{"baseKey":"BXAxliXnmU+4BeAL4R3JU7q0v99VBfAl1lUFunpoOxEy","baseKeyType":1,"closed":-1,"used":1689261768593,"created":1689261768593,"remoteIdentityKey":"Bd7BdBw2BO3TZ+IXdZtQREMd6DAzKDbPRGSIf/AtFdMO"},"_chains":{"Bfep6dq6pIM66UMsisE3zYHnjfO6Pk0HRkY1Yd0Y/IhO":{"chainKey":{"counter":0,"key":"Dab9O6VXWdOCkLzNkoexSPAR2fNI3pDdbwGEQXtKSTE="},"chainType":1,"messageKeys":{}}},"pendingPreKey":{"signedKeyId":1,"baseKey":"BXAxliXnmU+4BeAL4R3JU7q0v99VBfAl1lUFunpoOxEy","preKeyId":5349876}}},"version":"v1"}