{"_sessions":{"BfwRhCt7l0HBKi0mTMOa/C9/2hsi4z9uhzfCza/HQUhz":{"registrationId":1780610878,"currentRatchet":{"ephemeralKeyPair":{"pubKey":"BVhz/h2ob/AxLNOgSY9t8UlwwFgw8JCIJCLt0Gy98cRH","privKey":"kHAQaVWzxGkKNkns4DJtsTrVqOtxyiqwCzvBjdVwAEM="},"lastRemoteEphemeralKey":"BV4l5WtION7dtT3xICPwFhp9KrJJimtrIxOZAXCQR849","previousCounter":0,"rootKey":"9tSMh9bsU/nJgx9GWl1/LhaIBXFn7BM/d4A059W/0jA="},"indexInfo":{"baseKey":"BfwRhCt7l0HBKi0mTMOa/C9/2hsi4z9uhzfCza/HQUhz","baseKeyType":1,"closed":-1,"used":1689261766968,"created":1689261766968,"remoteIdentityKey":"BW/8RavX9Ui7cJ180GhTnTdbyUkIY/Jtvmr/PVmGkA04"},"_chains":{"BVhz/h2ob/AxLNOgSY9t8UlwwFgw8JCIJCLt0Gy98cRH":{"chainKey":{"counter":0,"key":"nHhpj+uw8G8IPt3NtcktWFYD7WgFEFd9YvaFTlVK+eU="},"chainType":1,"messageKeys":{}}},"pendingPreKey":{"signedKeyId":9,"baseKey":"BfwRhCt7l0HBKi0mTMOa/C9/2hsi4z9uhzfCza/HQUhz"}}},"version":"v1"}