{"_sessions":{"Bfw0Xezdrh/91HAvAhzDRfVuJZmKLBxcxchZ5oM/mNAC":{"registrationId":169,"currentRatchet":{"ephemeralKeyPair":{"pubKey":"BWTYCjC0hOlPhNKCs/U86epQct2XXH15dsfM1DHm/c9o","privKey":"yBCds/wrAEa3ijGKw3zu7dUa7y58GPK5ZK277Ljt0EQ="},"lastRemoteEphemeralKey":"BZDrA6O2Ys4TdHMbwRLB0jJ3iLhIp0Jj3EptdEcKh3o9","previousCounter":0,"rootKey":"kPKJzUAs6U5ZtX638DmzfYlmXz770IxUlBnO8tiZkvY="},"indexInfo":{"baseKey":"Bfw0Xezdrh/91HAvAhzDRfVuJZmKLBxcxchZ5oM/mNAC","baseKeyType":1,"closed":-1,"used":1689261766653,"created":1689261766653,"remoteIdentityKey":"BWXB8LjD/EoGDtOPWDgggarhI3APrRUatbBUId0d4m4F"},"_chains":{"BWTYCjC0hOlPhNKCs/U86epQct2XXH15dsfM1DHm/c9o":{"chainKey":{"counter":0,"key":"Wrptjlr3BYtvIeokOfQx/G6s4DlfFOVC4uY+aVhINJM="},"chainType":1,"messageKeys":{}}},"pendingPreKey":{"signedKeyId":1,"baseKey":"Bfw0Xezdrh/91HAvAhzDRfVuJZmKLBxcxchZ5oM/mNAC"}}},"version":"v1"}