{"_sessions":{"Bey9dXc0cc+N1PDg0/IAfxWMS76a4tPqQhMvRZ8V5SZp":{"registrationId":1480038731,"currentRatchet":{"ephemeralKeyPair":{"pubKey":"Bada7YhUazFELOxQ3Qe0ZxgG7mUxKrtfRVtZs7GRQj9i","privKey":"yMrSliT389fGAamu5qLZIA+5YPRmR1arLCIc7h1hzlQ="},"lastRemoteEphemeralKey":"BZnwvLi/s6LTYq54zr/UWPs7smggIDaGBm0Vv7PJW/sm","previousCounter":0,"rootKey":"VbesjpMw2L9eyOGnOppVMY6Q0seipxLpF7q4k5gPVeU="},"indexInfo":{"baseKey":"Bey9dXc0cc+N1PDg0/IAfxWMS76a4tPqQhMvRZ8V5SZp","baseKeyType":1,"closed":-1,"used":1689261768985,"created":1689261768985,"remoteIdentityKey":"BYjVQGebZ4YmUgp9YWtPDjVDD0NuWovbRLuchoBAasIv"},"_chains":{"Bada7YhUazFELOxQ3Qe0ZxgG7mUxKrtfRVtZs7GRQj9i":{"chainKey":{"counter":0,"key":"fmqGI4U9mcj2b5H4k35+YnG4ZQvqKG5O3jbeey2+m9E="},"chainType":1,"messageKeys":{}}},"pendingPreKey":{"signedKeyId":1,"baseKey":"Bey9dXc0cc+N1PDg0/IAfxWMS76a4tPqQhMvRZ8V5SZp"}}},"version":"v1"}