{"_sessions":{"BYxztJqela5wr9b0NtvFHB1VEiJYGK0e9K8okEqu/TZo":{"registrationId":760310458,"currentRatchet":{"ephemeralKeyPair":{"pubKey":"BX9u+rxYRgYQTta5H0JjpZTkib5rzBR6hrwLCSVnm5gQ","privKey":"IA+mYkMwB3hWo+/pvzJJ9Rpm+8Jum1zhC/PFeeqt9Hs="},"lastRemoteEphemeralKey":"BS2y8/nj2LYTThZZLk5IJYdn5CT8iLLO5rlQeGyx7zQH","previousCounter":0,"rootKey":"wWSenRxsJnzgCm3WbRsv8fCEmOEAUrL3SA7FVyloQtc="},"indexInfo":{"baseKey":"BYxztJqela5wr9b0NtvFHB1VEiJYGK0e9K8okEqu/TZo","baseKeyType":1,"closed":-1,"used":1689261767171,"created":1689261767171,"remoteIdentityKey":"BSdHwO4sAcr69pA3rbgxc0jCzrOg5NwQ8DMrciAD82kC"},"_chains":{"BX9u+rxYRgYQTta5H0JjpZTkib5rzBR6hrwLCSVnm5gQ":{"chainKey":{"counter":0,"key":"rP7uvjncxmT5R/kYmc0psPFyo5BpGjcUAXbvi6XMTno="},"chainType":1,"messageKeys":{}}},"pendingPreKey":{"signedKeyId":2,"baseKey":"BYxztJqela5wr9b0NtvFHB1VEiJYGK0e9K8okEqu/TZo","preKeyId":8867886}}},"version":"v1"}