{"_sessions":{"BaFJ9lSRhzngs0OvMVWht/RUP1ZV3DNGEMpvnNCh49gN":{"registrationId":1518902309,"currentRatchet":{"ephemeralKeyPair":{"pubKey":"BXDSaMCxIUXPJC4dIekpjwlhv+4mGchdkSZz+h/cL6F7","privKey":"6N+t13sq0yDLZC3ewWZ045j9hl2+tbxkOMKS5RK9Dlo="},"lastRemoteEphemeralKey":"BX/hAn1p2ElrrwWJPYGM72ASF0SzJUqq+QsUw1kVAGlC","previousCounter":0,"rootKey":"bAkQ3/Dko2FyzV6hzE31CADI1KVXCZgFyiUsstVb53Q="},"indexInfo":{"baseKey":"BaFJ9lSRhzngs0OvMVWht/RUP1ZV3DNGEMpvnNCh49gN","baseKeyType":1,"closed":-1,"used":1689261767183,"created":1689261767183,"remoteIdentityKey":"BaLAYdfkNjdNzqUzZvochy7CY6oq2SQvIlnpTTbbCitv"},"_chains":{"BXDSaMCxIUXPJC4dIekpjwlhv+4mGchdkSZz+h/cL6F7":{"chainKey":{"counter":0,"key":"VTCVlnEszPA27f0Bbnq/YzYTG+RwuvPgFy0mMBwHmNs="},"chainType":1,"messageKeys":{}}},"pendingPreKey":{"signedKeyId":3,"baseKey":"BaFJ9lSRhzngs0OvMVWht/RUP1ZV3DNGEMpvnNCh49gN","preKeyId":16145148}}},"version":"v1"}