{"_sessions":{"BbBrIg6BLiguGSsDbHvdeQWnhCYf54/SyG9S/t7wTScy":{"registrationId":31489556,"currentRatchet":{"ephemeralKeyPair":{"pubKey":"Bf230/t4e3csQiC0OUsWFe1x5C2AwocT9JsVzFTdGP41","privKey":"OOnGkZcGhSwr6hyZpXSJdAZ8hhseB3YPaJrHPxPwo1c="},"lastRemoteEphemeralKey":"Bcjhv9P1DKxw594+uxEfJNXIpXY9vZn5TiPG4aSMpfoO","previousCounter":0,"rootKey":"7SFPyR4nVLTI/5vKp7gNbBddTyE0eP1zzbml1qH9/00="},"indexInfo":{"baseKey":"BbBrIg6BLiguGSsDbHvdeQWnhCYf54/SyG9S/t7wTScy","baseKeyType":1,"closed":-1,"used":1689261767889,"created":1689261767889,"remoteIdentityKey":"BWa+4y9PehFMaD3WIF7kFs+XlzNzlsQolRvdUmmjMYch"},"_chains":{"Bf230/t4e3csQiC0OUsWFe1x5C2AwocT9JsVzFTdGP41":{"chainKey":{"counter":0,"key":"IjI/xZ/KwBa1kFZdxAinWQok4EtloUoIRsw9YfPOLYw="},"chainType":1,"messageKeys":{}}},"pendingPreKey":{"signedKeyId":0,"baseKey":"BbBrIg6BLiguGSsDbHvdeQWnhCYf54/SyG9S/t7wTScy","preKeyId":8376633}}},"version":"v1"}