{"_sessions":{"BYXEq6V4ycjKGYBZMPMr1/ldAXqqE8uBGcr2nkOVbdxY":{"registrationId":795771662,"currentRatchet":{"ephemeralKeyPair":{"pubKey":"BaHco9biYDqq69VW8E2QcH6yGiAVcDdW1ElMPgsRs4wK","privKey":"+OIMprvtiEJmDgWucZr4z8uXKjFQ8JQPrzPS3WRfjUU="},"lastRemoteEphemeralKey":"BW2C9PTYIQ4V0ajebYAGjZvXzFsIj1W71tlDabuqUsE4","previousCounter":0,"rootKey":"xDLD+dq9EnVwbaVFr1Ex1jsrTbWDh8bbHIQyAFDTY/A="},"indexInfo":{"baseKey":"BYXEq6V4ycjKGYBZMPMr1/ldAXqqE8uBGcr2nkOVbdxY","baseKeyType":1,"closed":-1,"used":1689261768258,"created":1689261768258,"remoteIdentityKey":"BSbdDliARpCiOnu/9T/ibfIp9HoWgucCTHe/rlJ17T1Q"},"_chains":{"BaHco9biYDqq69VW8E2QcH6yGiAVcDdW1ElMPgsRs4wK":{"chainKey":{"counter":0,"key":"SGOuNKPxDN/OA6CPYRfPtzstz1OALWAnyaQI/I8i7Ok="},"chainType":1,"messageKeys":{}}},"pendingPreKey":{"signedKeyId":0,"baseKey":"BYXEq6V4ycjKGYBZMPMr1/ldAXqqE8uBGcr2nkOVbdxY","preKeyId":6556115}}},"version":"v1"}