{"_sessions":{"BbmA4iaLqJ+BXi9o3pgJWX4W+WCjC2B1+HaeqWayBcRs":{"registrationId":106,"currentRatchet":{"ephemeralKeyPair":{"pubKey":"BZmwEsE8L6AHjovgsGWFNdD9fu+z4ee1vmZu3lWSLVsy","privKey":"2POKFzP7eVM2a/+eB3Y5tF6tSOVTxQoDhFJbF87/tFk="},"lastRemoteEphemeralKey":"BbggGJEhPsjs7dUn7kw6jPKvXzz8nm6pmmjLR7NbQfMU","previousCounter":0,"rootKey":"rAtW9hsFtu6ECUkgbKjK3eAHAN8YIun72TohPdk6wNI="},"indexInfo":{"baseKey":"BbmA4iaLqJ+BXi9o3pgJWX4W+WCjC2B1+HaeqWayBcRs","baseKeyType":1,"closed":-1,"used":1689261925373,"created":1689261925373,"remoteIdentityKey":"Be+TGOsTfrNJyN9FEAXI/tRxDNdS34ZYCjvhivsDa7N6"},"_chains":{"BZmwEsE8L6AHjovgsGWFNdD9fu+z4ee1vmZu3lWSLVsy":{"chainKey":{"counter":1,"key":"B1eNX931NhcZwOzolO0ZOvMScMQkyU8YA7a696cJvtg="},"chainType":1,"messageKeys":{}}},"pendingPreKey":{"signedKeyId":1,"baseKey":"BbmA4iaLqJ+BXi9o3pgJWX4W+WCjC2B1+HaeqWayBcRs"}}},"version":"v1"}