{"_sessions":{"BSF1A5fFiTvvu9sr85loWOrYLQO/2mcQIzfTL6MD45R/":{"registrationId":2012898745,"currentRatchet":{"ephemeralKeyPair":{"pubKey":"BZ8+fwZY5wF4SxqC65tDC0avzJQJj9i3iZ+0m3Fk9p0m","privKey":"4CPlMyeSBOCBDrWNcntwxvUuRwk6J0TNmXlt+hGSs1g="},"lastRemoteEphemeralKey":"BRJ2L7GmVrXlRIVuTUSOxfeqZjwPzrAR1WdpfPTdPH9l","previousCounter":0,"rootKey":"5jz4n+r37eu8cTJnNWWQOtI+YoiWJZ82VIgYNi+ipY8="},"indexInfo":{"baseKey":"BSF1A5fFiTvvu9sr85loWOrYLQO/2mcQIzfTL6MD45R/","baseKeyType":1,"closed":-1,"used":1689261765674,"created":1689261765674,"remoteIdentityKey":"BbPvIWzxV6IcbxKjWSh903Zd1WvWidW8MWp95TqMh6tK"},"_chains":{"BZ8+fwZY5wF4SxqC65tDC0avzJQJj9i3iZ+0m3Fk9p0m":{"chainKey":{"counter":0,"key":"MXxabvbpi8oMKwXPhQ//uwJMNawZwZhtHY3g9lY6BYU="},"chainType":1,"messageKeys":{}}},"pendingPreKey":{"signedKeyId":1,"baseKey":"BSF1A5fFiTvvu9sr85loWOrYLQO/2mcQIzfTL6MD45R/","preKeyId":15055273}}},"version":"v1"}