{"_sessions":{"BZZbNTONjHu1a/JYZ4M7vEJ4HP2+ksoqU571wFwDCAxb":{"registrationId":1889313511,"currentRatchet":{"ephemeralKeyPair":{"pubKey":"Bcz8pq6dOJPSlQJ0C/d99sXEqxgNKKPAUVzzatSLBBYB","privKey":"wImyvc4NdCbdYkGZg9/qbjvdIRXA/kSdj+QSfWPzHmo="},"lastRemoteEphemeralKey":"BQyhREZPRoF4HFECTL/OJt4W5K/ITsNNxV7XLvULko47","previousCounter":0,"rootKey":"OjbgsuI8VD8KyJfTBXFYStokp6E10Qj9mxSioqTZp28="},"indexInfo":{"baseKey":"BZZbNTONjHu1a/JYZ4M7vEJ4HP2+ksoqU571wFwDCAxb","baseKeyType":1,"closed":-1,"used":1689261768156,"created":1689261768156,"remoteIdentityKey":"BT1zY9ktDbHKYAB/g4/Y3eWsUuDvdXb/1jt1LNi6wFxu"},"_chains":{"Bcz8pq6dOJPSlQJ0C/d99sXEqxgNKKPAUVzzatSLBBYB":{"chainKey":{"counter":0,"key":"hIVWb2zODErQdTIfUHuhxxwty6VWHw07tdHjNCLEoeM="},"chainType":1,"messageKeys":{}}},"pendingPreKey":{"signedKeyId":0,"baseKey":"BZZbNTONjHu1a/JYZ4M7vEJ4HP2+ksoqU571wFwDCAxb"}}},"version":"v1"}