{"_sessions":{"Bc3lcvuU7v+BImnSN75mpF+giLcpPy1xIITxmcQyFgZj":{"registrationId":1022977966,"currentRatchet":{"ephemeralKeyPair":{"pubKey":"BbDwyNel+wgYN3EVRvm6eYN1V71jcYeVDF7SFZQ3udNn","privKey":"WMtn+VrcKegVOPkqLO/TASG8K1ojN5M8ggIvSImYAXs="},"lastRemoteEphemeralKey":"BQdL2fyXlDJ9VwAAcFrXIL1TwMcPVnpW0ZKF58zZCbJc","previousCounter":0,"rootKey":"83+LU1od97sI1zXFE9cocIqKSRISS5lMgohUQcATdjU="},"indexInfo":{"baseKey":"Bc3lcvuU7v+BImnSN75mpF+giLcpPy1xIITxmcQyFgZj","baseKeyType":1,"closed":-1,"used":1689261768366,"created":1689261768366,"remoteIdentityKey":"BWs8vD2aX0gBKi1ty4pTqJ5eBqkXMaoGSwrqypAGa9AF"},"_chains":{"BbDwyNel+wgYN3EVRvm6eYN1V71jcYeVDF7SFZQ3udNn":{"chainKey":{"counter":0,"key":"jwKuegp2TJR+mR5spGysrYPuocA46zvaHlYyEPBjOhU="},"chainType":1,"messageKeys":{}}},"pendingPreKey":{"signedKeyId":0,"baseKey":"Bc3lcvuU7v+BImnSN75mpF+giLcpPy1xIITxmcQyFgZj"}}},"version":"v1"}