{"_sessions":{"BZOoohE8U5uibfJbWM4KiPHMwr4jrxi1BnpA9y/SqE4H":{"registrationId":183,"currentRatchet":{"ephemeralKeyPair":{"pubKey":"BWI6oAiddU/8d0P+kitDX5vNDNonme3esmk3sLKjbW8w","privKey":"oDk9pr4p5KrgtgqgrqH1XIwyW++p0juZAw3qQUPMy3w="},"lastRemoteEphemeralKey":"BQG3cHdHRMHT48cnS8SUxSZ+xNdtcV0reOdXq7qYBmdA","previousCounter":0,"rootKey":"0FmYLiLfX8eeE3AXpmYDdbK4dDC+tk+Eo+h9LrMgU18="},"indexInfo":{"baseKey":"BZOoohE8U5uibfJbWM4KiPHMwr4jrxi1BnpA9y/SqE4H","baseKeyType":1,"closed":-1,"used":1689261925362,"created":1689261925362,"remoteIdentityKey":"BbI+4Kct//glkYYqg+XIsq1O23XGOAueTGx9trr0/lV9"},"_chains":{"BWI6oAiddU/8d0P+kitDX5vNDNonme3esmk3sLKjbW8w":{"chainKey":{"counter":1,"key":"dD/7EDLDvsGL/EDaHUuMrbcH6eLAadaeYMWZorS14HQ="},"chainType":1,"messageKeys":{}}},"pendingPreKey":{"signedKeyId":1,"baseKey":"BZOoohE8U5uibfJbWM4KiPHMwr4jrxi1BnpA9y/SqE4H"}}},"version":"v1"}