{"_sessions":{"BaZSrr8NX00UBAfZ+R0XUzgNzJ518pCFJhH6xmOVfNxR":{"registrationId":2059819637,"currentRatchet":{"ephemeralKeyPair":{"pubKey":"BZzfqyH9sxOWjvcb4sivMhM5tP3TM4aOHlKKN51pPw8a","privKey":"ID6TUrovjktFjajijmCVsjLI7eI7utAa/E6BAUmQ1Vk="},"lastRemoteEphemeralKey":"BTYdILNilHdZ9SIoS7mu20DR8bL7AMEQyD0HGMLRhNZL","previousCounter":0,"rootKey":"85cMEC9Faap31H9R9RayD/QSTyoi+kyG5Sbsf21oo1Q="},"indexInfo":{"baseKey":"BaZSrr8NX00UBAfZ+R0XUzgNzJ518pCFJhH6xmOVfNxR","baseKeyType":1,"closed":-1,"used":1689261768790,"created":1689261768790,"remoteIdentityKey":"Bb13e551V6zn5++PR8FXJxFVANzbxOnlQ0GZEd5MFZ00"},"_chains":{"BZzfqyH9sxOWjvcb4sivMhM5tP3TM4aOHlKKN51pPw8a":{"chainKey":{"counter":0,"key":"wE/2ZQUJBSfZy/ScYYN74qwKET2YbDBVmT6KxyzfUSQ="},"chainType":1,"messageKeys":{}}},"pendingPreKey":{"signedKeyId":8,"baseKey":"BaZSrr8NX00UBAfZ+R0XUzgNzJ518pCFJhH6xmOVfNxR","preKeyId":15884450}}},"version":"v1"}