{"_sessions":{"BXasWorXk4Y+IBC8No8I5SJ4uqrPhXs6EXyhbpfgE1s+":{"registrationId":89,"currentRatchet":{"ephemeralKeyPair":{"pubKey":"BVzeqr5trw7BADmWVwD8CfZczxkUrwIVXv1KrEko/Pwc","privKey":"OGdkfUzPsYhW2l8XTWfS5VE01djU8ZVtGiwy98UOvWw="},"lastRemoteEphemeralKey":"BXrk5/9dnKizwv3rPs4XowAU1HJwJX4NtBbRuBLXadJs","previousCounter":0,"rootKey":"LOXyigdFT5nBqI19piLQYkiOUngAkrS7Bns1aBRQ+qY="},"indexInfo":{"baseKey":"BXasWorXk4Y+IBC8No8I5SJ4uqrPhXs6EXyhbpfgE1s+","baseKeyType":1,"closed":-1,"used":1689261766260,"created":1689261766260,"remoteIdentityKey":"BX30eH7lPNEUoLhWn8MXMtJSnjSWlylhhp7IMlvPRXdu"},"_chains":{"BVzeqr5trw7BADmWVwD8CfZczxkUrwIVXv1KrEko/Pwc":{"chainKey":{"counter":0,"key":"MKHBEzQrcJ0aslKsrk9HH/+Xu/aCpSrAQXflAAfvGJg="},"chainType":1,"messageKeys":{}}},"pendingPreKey":{"signedKeyId":1,"baseKey":"BXasWorXk4Y+IBC8No8I5SJ4uqrPhXs6EXyhbpfgE1s+"}}},"version":"v1"}