{"_sessions":{"BQOTWZxEoZ0c0dySUijDo8CIY+YuKkQHR+Eq2DzkCY89":{"registrationId":1076020663,"currentRatchet":{"ephemeralKeyPair":{"pubKey":"Ba9/aeISme0QnrNp49i1XqQr3gCz9f+kSyoSENYfYfNu","privKey":"kO9CQy79hQzZCMME/mOn3k9OTaR47NrUGP8BUDzTJ20="},"lastRemoteEphemeralKey":"BVs3JxxqNIXcrAzNE6ugsaa1WaKG0+SZlkjFLTRweuRB","previousCounter":0,"rootKey":"hm+BeBUEu28vQ7m4vvzkrIYRnwTPwQ/UO1ZzIRMJta4="},"indexInfo":{"baseKey":"BQOTWZxEoZ0c0dySUijDo8CIY+YuKkQHR+Eq2DzkCY89","baseKeyType":1,"closed":-1,"used":1689261768596,"created":1689261768596,"remoteIdentityKey":"BdBFvGkuuirxc+PFv5SVqhoq/SvjU6erbeUaLDNSFP41"},"_chains":{"Ba9/aeISme0QnrNp49i1XqQr3gCz9f+kSyoSENYfYfNu":{"chainKey":{"counter":0,"key":"wtqPsAQ5h+2IWyQ68FWG38+bp+ZpGYZNJS4QQJyN/2U="},"chainType":1,"messageKeys":{}}},"pendingPreKey":{"signedKeyId":3,"baseKey":"BQOTWZxEoZ0c0dySUijDo8CIY+YuKkQHR+Eq2DzkCY89","preKeyId":3663561}}},"version":"v1"}