{"_sessions":{"BeDNRhSoiuXpAzSYKzOxeHHTe0ZAyE6mb2gTDfBa5FZK":{"registrationId":2040696627,"currentRatchet":{"ephemeralKeyPair":{"pubKey":"BQf/TH/k7j7dOGHmadOpTEsX6D2Rtxa41VTt4nzbHe9P","privKey":"WNryLUncWuRcackK1xHxvIe1cUzxzlyJVnIhZqxviUw="},"lastRemoteEphemeralKey":"BaTdj3Ns60MqtWonacvy/mYFp0fY2nS9+ljtyx+zU0cC","previousCounter":0,"rootKey":"LpnilenU4+0fURRaBho4+X6X4ZAFk/mZ8SBr5zrqydY="},"indexInfo":{"baseKey":"BeDNRhSoiuXpAzSYKzOxeHHTe0ZAyE6mb2gTDfBa5FZK","baseKeyType":1,"closed":-1,"used":1689261767359,"created":1689261767359,"remoteIdentityKey":"BWLNyPAkNe0LXLbG/qPTaUKJV616nw6dk2Fyj14pQdpT"},"_chains":{"BQf/TH/k7j7dOGHmadOpTEsX6D2Rtxa41VTt4nzbHe9P":{"chainKey":{"counter":0,"key":"yrzm1iCjUY00qTDjkTdv+R6riGut6yaoLqR18sM3WcQ="},"chainType":1,"messageKeys":{}}},"pendingPreKey":{"signedKeyId":0,"baseKey":"BeDNRhSoiuXpAzSYKzOxeHHTe0ZAyE6mb2gTDfBa5FZK","preKeyId":6221539}}},"version":"v1"}