{"_sessions":{"BVYbeMZzKdzQnYyi0fZ7kHXGvljcDksVgQwTDmL1sIRZ":{"registrationId":456129271,"currentRatchet":{"ephemeralKeyPair":{"pubKey":"BcuLHpCkFfhYI9oPRlFuaksBO3eBi1ZUmcQnOKgTvOs0","privKey":"yMjHc80ScZ/V90N4MnXPQQ8so3A2Lq8S0kuGKLKJYXI="},"lastRemoteEphemeralKey":"BRHvNmVQwypUZ8D9evUGzQo+Z9UUzT8cnTBAC6qvDKQe","previousCounter":0,"rootKey":"hz3W+snXCyNtHYKMITZHYu2o+NoOn+LWqt6zpdAtdiI="},"indexInfo":{"baseKey":"BVYbeMZzKdzQnYyi0fZ7kHXGvljcDksVgQwTDmL1sIRZ","baseKeyType":1,"closed":-1,"used":1689261767377,"created":1689261767377,"remoteIdentityKey":"BfC2WokMfxXv+YwKHn6zlR/PIxrr+f0mXorMTtf2NKYo"},"_chains":{"BcuLHpCkFfhYI9oPRlFuaksBO3eBi1ZUmcQnOKgTvOs0":{"chainKey":{"counter":0,"key":"gHaQ7WLDHlAXGptc/vAc11oUEWEXOWUJDe4Kr3ymhEc="},"chainType":1,"messageKeys":{}}},"pendingPreKey":{"signedKeyId":0,"baseKey":"BVYbeMZzKdzQnYyi0fZ7kHXGvljcDksVgQwTDmL1sIRZ"}}},"version":"v1"}