{"_sessions":{"BcdRnlzx47ryciuRx0EACCtdY2pE1DtsFd+QYa7b+Th5":{"registrationId":1872184489,"currentRatchet":{"ephemeralKeyPair":{"pubKey":"BaQW0T1BxEXC3DC7QwTOqKeTi/x6HQgyiUiztlhfMAg1","privKey":"+D+4YfSSRAiop0KBMBJ5WoA8DPaJJRVK8zc1LAJ7g0k="},"lastRemoteEphemeralKey":"BUR5hvKN3zI0CkO4lNbZ0zoX7S7ttxLJk2S3TczHAMoH","previousCounter":0,"rootKey":"61wr6TQBtsC+PdlN+ypx4U5Rhr7Yb6bWxdHZBcZoplU="},"indexInfo":{"baseKey":"BcdRnlzx47ryciuRx0EACCtdY2pE1DtsFd+QYa7b+Th5","baseKeyType":1,"closed":-1,"used":1689261926360,"created":1689261926360,"remoteIdentityKey":"BbutOSF9uOgCoTm/QvWTaIhQsvV2VmPwb2yUSevKuf4D"},"_chains":{"BaQW0T1BxEXC3DC7QwTOqKeTi/x6HQgyiUiztlhfMAg1":{"chainKey":{"counter":1,"key":"p5eLw980NhMJPQRz2VufEngaKa5lOgeibh56DL8gwjk="},"chainType":1,"messageKeys":{}}},"pendingPreKey":{"signedKeyId":1,"baseKey":"BcdRnlzx47ryciuRx0EACCtdY2pE1DtsFd+QYa7b+Th5","preKeyId":12644258}}},"version":"v1"}