{"_sessions":{"BZFvxK8/DDAi04TmlhNQZ3dQcsGfb9feDtfR156zxBEx":{"registrationId":2028127136,"currentRatchet":{"ephemeralKeyPair":{"pubKey":"BeVkblAtaQ8FlAQEf4lnZ4r2wMxwHwvDX0lzTGEfYVBy","privKey":"0AIwKMdc9/pgV/2z2lESeNLVmlcyjAGemUyt6NltpHc="},"lastRemoteEphemeralKey":"BZQ/MR+GYUmQUP2jc9Q3R2dG5J4Y44hzkj0yTbHhia0x","previousCounter":0,"rootKey":"0n3EfnG0oBHhikZeDQkskElaaKxy2/DmtLiZ4Z0t6yc="},"indexInfo":{"baseKey":"BZFvxK8/DDAi04TmlhNQZ3dQcsGfb9feDtfR156zxBEx","baseKeyType":1,"closed":-1,"used":1689261926000,"created":1689261926000,"remoteIdentityKey":"BX0lZFRsHPiVveYcYClg9AaA25AL0DDYISBOxNZs2JFC"},"_chains":{"BeVkblAtaQ8FlAQEf4lnZ4r2wMxwHwvDX0lzTGEfYVBy":{"chainKey":{"counter":1,"key":"zR+/q9vOkMLgVjLlxB6Vpi2iePBkFL5ufcC8mmxhOwk="},"chainType":1,"messageKeys":{}}},"pendingPreKey":{"signedKeyId":0,"baseKey":"BZFvxK8/DDAi04TmlhNQZ3dQcsGfb9feDtfR156zxBEx","preKeyId":3309789}}},"version":"v1"}