{"_sessions":{"BU8a9TlnTaVN/vbazwLg/svkDGueJt9dtfU5t8RYAP1s":{"registrationId":1173837946,"currentRatchet":{"ephemeralKeyPair":{"pubKey":"BXGPHs9JJtGI7SzOOkJq1CVSwmINsruf/nEQ9buXoA40","privKey":"wKuRSp/oq1QuS+Nr1R/+4DWWl053KMgGRf1SLn/JuF8="},"lastRemoteEphemeralKey":"BaYClnM3EHim5OtJSDi6vCaqTsd8GkpRn1Aw2ZkAALkw","previousCounter":0,"rootKey":"VYuLL47UXzAvRhPpzx0/Awz8Mub7hFbOewqsP0QRSGc="},"indexInfo":{"baseKey":"BU8a9TlnTaVN/vbazwLg/svkDGueJt9dtfU5t8RYAP1s","baseKeyType":1,"closed":-1,"used":1689261766959,"created":1689261766959,"remoteIdentityKey":"BeDoLLu7faJb3r7mZfmzcNTxTmBUsR4JJ8YPLONJDr9N"},"_chains":{"BXGPHs9JJtGI7SzOOkJq1CVSwmINsruf/nEQ9buXoA40":{"chainKey":{"counter":0,"key":"H1F4/d2g/3bd3/jnUKUzTWiDeu/jSpT8IE8xZ0/nL6c="},"chainType":1,"messageKeys":{}}},"pendingPreKey":{"signedKeyId":1,"baseKey":"BU8a9TlnTaVN/vbazwLg/svkDGueJt9dtfU5t8RYAP1s"}}},"version":"v1"}