{"_sessions":{"BcAvankSUrbbY6ZjwmllN3lz3on8bFJ2KVuUVhOvlS9M":{"registrationId":319427863,"currentRatchet":{"ephemeralKeyPair":{"pubKey":"BZeWhePFFd4U8gIHK6b9jrT00k7gKDExAQK8QzkmT08l","privKey":"6I1tUYIehwoLLJGcEc00WcKdo+rJgSvv9uxmkUr9ZEA="},"lastRemoteEphemeralKey":"BR1CzRmdxyBaj9wee/XR+YA0exPvZERBC/3bixuHb71a","previousCounter":0,"rootKey":"PwvJfNkQCMG1NaUtv/xMjbpK+nGVO3VTCk0oE+oCoI8="},"indexInfo":{"baseKey":"BcAvankSUrbbY6ZjwmllN3lz3on8bFJ2KVuUVhOvlS9M","baseKeyType":1,"closed":-1,"used":1689261767871,"created":1689261767871,"remoteIdentityKey":"BdfT1JbWjC3f1Suy+sNe+QbrUnVZ3zYhwmgMXInuFB1j"},"_chains":{"BZeWhePFFd4U8gIHK6b9jrT00k7gKDExAQK8QzkmT08l":{"chainKey":{"counter":0,"key":"HdIHmqMVKWxIORbLO9+uHVgcibG9t9RfLfX8CfCeIAw="},"chainType":1,"messageKeys":{}}},"pendingPreKey":{"signedKeyId":0,"baseKey":"BcAvankSUrbbY6ZjwmllN3lz3on8bFJ2KVuUVhOvlS9M","preKeyId":15214730}}},"version":"v1"}