{"_sessions":{"BWBrRsQ36HxtWoighgV1Om5yseuhyC8dCeNBGxb+sONG":{"registrationId":135,"currentRatchet":{"ephemeralKeyPair":{"pubKey":"BRwbnjTwy3YQIpAJuTVuFo/sTRn1cICvx+1L7itcAlZQ","privKey":"4L8jDyyDHE1KPNbbJ7FCAxwFCx0h16tpxmzNes9LnGw="},"lastRemoteEphemeralKey":"BRJXrxyIM/YGNfyi6miSk23FtgMUV0eyXbmIMieOd4gz","previousCounter":0,"rootKey":"2xrH+1IA7ZfHRiZOu6/7rsb0F/EH4o4aWOkvPDP5Kns="},"indexInfo":{"baseKey":"BWBrRsQ36HxtWoighgV1Om5yseuhyC8dCeNBGxb+sONG","baseKeyType":1,"closed":-1,"used":1689261766372,"created":1689261766372,"remoteIdentityKey":"Bf0h9HEn2VxfTQD5Ie2KVAXFnYcc1huusufx2bQCxq9t"},"_chains":{"BRwbnjTwy3YQIpAJuTVuFo/sTRn1cICvx+1L7itcAlZQ":{"chainKey":{"counter":0,"key":"MgJQe1lGNbP8UUtXTUsJUvbRNQbooSywBbdXbPzuBqI="},"chainType":1,"messageKeys":{}}},"pendingPreKey":{"signedKeyId":1,"baseKey":"BWBrRsQ36HxtWoighgV1Om5yseuhyC8dCeNBGxb+sONG"}}},"version":"v1"}