{"_sessions":{"BRTy2VoHsMbFOWlFlZoGUFvbDBhYCUZkOyhNhBauKiwh":{"registrationId":7423,"currentRatchet":{"ephemeralKeyPair":{"pubKey":"BQj8RzYc210IUQtpGvrSoj3qOaKeWkLsg0W/Cp5M6vc3","privKey":"GM6vke8zPHFSfkyMyocVERTXao4Ipxi/otnzK+lemUM="},"lastRemoteEphemeralKey":"BTLBEgButy66246s7HzdB1vV+DZic8gh3ssXq1iP37Yg","previousCounter":0,"rootKey":"wSA0LBVCtG3yXTTs0eToXknQXBK6n7qJMZ7csH4gy6Y="},"indexInfo":{"baseKey":"BRTy2VoHsMbFOWlFlZoGUFvbDBhYCUZkOyhNhBauKiwh","baseKeyType":1,"closed":-1,"used":1689261925354,"created":1689261925354,"remoteIdentityKey":"BQorG14cBZ2ArQCTtXIIn8aYQebgnecKfEXJcmXNcNEc"},"_chains":{"BQj8RzYc210IUQtpGvrSoj3qOaKeWkLsg0W/Cp5M6vc3":{"chainKey":{"counter":1,"key":"9xhOvxx0jwqQmOD8cl15yVv7bKpR/fJhK3nJegADPrc="},"chainType":1,"messageKeys":{}}},"pendingPreKey":{"signedKeyId":1,"baseKey":"BRTy2VoHsMbFOWlFlZoGUFvbDBhYCUZkOyhNhBauKiwh"}}},"version":"v1"}