{"_sessions":{"BdxZpv7VdT5xigmWtI3EMCFFuKOBSeu+wPckUByRFGUQ":{"registrationId":1989554445,"currentRatchet":{"ephemeralKeyPair":{"pubKey":"Baf2LkC/WFsDz5B/5LZ3/XaeO09LKrBw4Btn/w2Pt9Jn","privKey":"WDOP5RlXsn+CNOWFd3soV/4lhFbrFV0XCtMLhiCcl14="},"lastRemoteEphemeralKey":"BXmxqilOHrsyOyrzUQkkq+HkElQonvrLiEikmLWH5BJf","previousCounter":0,"rootKey":"OoG67x4BUUJ6idZBpHMZzdBu4Ki/LIMKSbSsxdkvrc8="},"indexInfo":{"baseKey":"BdxZpv7VdT5xigmWtI3EMCFFuKOBSeu+wPckUByRFGUQ","baseKeyType":1,"closed":-1,"used":1689261768472,"created":1689261768472,"remoteIdentityKey":"BRr7venX2yPztygAciDWnneDKDEbcKXLfKATKhR07u19"},"_chains":{"Baf2LkC/WFsDz5B/5LZ3/XaeO09LKrBw4Btn/w2Pt9Jn":{"chainKey":{"counter":0,"key":"p7aduMEOwfx9a5LGjpuiibZOMoPKuQpMpn3F9lFuN5k="},"chainType":1,"messageKeys":{}}},"pendingPreKey":{"signedKeyId":0,"baseKey":"BdxZpv7VdT5xigmWtI3EMCFFuKOBSeu+wPckUByRFGUQ"}}},"version":"v1"}