{"_sessions":{"BZXQ9yjTymg23y1LhoGTUWS8tKRHG067r/QEj5Qvd+R4":{"registrationId":1385571090,"currentRatchet":{"ephemeralKeyPair":{"pubKey":"BZ9EzXqG8C5adHDCob+nw51GOYTuQbDfped6ekILY0tD","privKey":"KA7H81R8cNb22VW2+PDtcsN9xR+/ihE1t3REY+9BTUw="},"lastRemoteEphemeralKey":"BXxG70bClJfQRcDK7radlGdGYItbCNHKxKbVwDxIxTUl","previousCounter":0,"rootKey":"gXe42poklsAxYo1Q9zEBg92L7JbL/6FNeQlsXT1xrqE="},"indexInfo":{"baseKey":"BZXQ9yjTymg23y1LhoGTUWS8tKRHG067r/QEj5Qvd+R4","baseKeyType":1,"closed":-1,"used":1689261767251,"created":1689261767251,"remoteIdentityKey":"BUf4VZMvnRqsuRp+ASkKyCxOwnKIwF1RJXurIJshllpj"},"_chains":{"BZ9EzXqG8C5adHDCob+nw51GOYTuQbDfped6ekILY0tD":{"chainKey":{"counter":0,"key":"gYBHz0PlSPFA9T1uEPbyyMbuTyU39jkC4aNWEJYcmDA="},"chainType":1,"messageKeys":{}}},"pendingPreKey":{"signedKeyId":3,"baseKey":"BZXQ9yjTymg23y1LhoGTUWS8tKRHG067r/QEj5Qvd+R4"}}},"version":"v1"}