{"_sessions":{"BfRJkt/xJf7QNsqUKw6An/8V+OaipOuvW/tc/P9LnmES":{"registrationId":401056374,"currentRatchet":{"ephemeralKeyPair":{"pubKey":"BRZM63xVP6U8Bgq2vpnjixa7j9tDb+rBvHE5fwARRCQX","privKey":"SN4S1atACGksVayPktzCZbUd9kBl9OZ0+FLZAVDQRGI="},"lastRemoteEphemeralKey":"Bd189/EGup7xzHC/qJcKoxBJIjikuV8CzPJmzzshy3pM","previousCounter":0,"rootKey":"7ZYYmwvlGW341QBVsuxD/iSezvzSKRblh53LUTwt184="},"indexInfo":{"baseKey":"BfRJkt/xJf7QNsqUKw6An/8V+OaipOuvW/tc/P9LnmES","baseKeyType":1,"closed":-1,"used":1689261767987,"created":1689261767987,"remoteIdentityKey":"BTcmD9bd57ZRIPBDETSqPXPgsiDyi7ALQ29u9k+Bb3Fm"},"_chains":{"BRZM63xVP6U8Bgq2vpnjixa7j9tDb+rBvHE5fwARRCQX":{"chainKey":{"counter":0,"key":"mW2g/AlohIZMag8AV//yog0IHeROuK5bYBJEzjcqBCc="},"chainType":1,"messageKeys":{}}},"pendingPreKey":{"signedKeyId":10041836,"baseKey":"BfRJkt/xJf7QNsqUKw6An/8V+OaipOuvW/tc/P9LnmES","preKeyId":3878}}},"version":"v1"}