{"_sessions":{"Ba2EmQlJ3aOsDEC+RBLMg3dnxGEKw3Yf/dYQ31Jv/d9S":{"registrationId":55,"currentRatchet":{"ephemeralKeyPair":{"pubKey":"BQXHWcyMepNAq7uHusw3orO5pAW76KozmGYliCQnrNQo","privKey":"2C2xvrQ8k7st5RgELw6OAs0eSP9bDmJPcbeX2myIN24="},"lastRemoteEphemeralKey":"Bd0nf5OIeeN4xPNAKQibhkNOpUzqV9IaNUd0KbTgX8Bs","previousCounter":0,"rootKey":"b0UdBEPrd1xX8B4345wpxkS5P77Z0p0wJ/7MLBldqf8="},"indexInfo":{"baseKey":"Ba2EmQlJ3aOsDEC+RBLMg3dnxGEKw3Yf/dYQ31Jv/d9S","baseKeyType":1,"closed":-1,"used":1689261765867,"created":1689261765867,"remoteIdentityKey":"BYxc9NNkTP4qIAun0MZ1farbQJZT8B7P5Jmk+1gLPhIq"},"_chains":{"BQXHWcyMepNAq7uHusw3orO5pAW76KozmGYliCQnrNQo":{"chainKey":{"counter":0,"key":"ZSaU3/PhYP6t2NVfYSn5JJSQJeCXBMVK2EkWti6D1lA="},"chainType":1,"messageKeys":{}}},"pendingPreKey":{"signedKeyId":1,"baseKey":"Ba2EmQlJ3aOsDEC+RBLMg3dnxGEKw3Yf/dYQ31Jv/d9S"}}},"version":"v1"}