{"_sessions":{"Bf+p+XszYP24RB2g8/cNiFCd/XVP9M4j5zfLgihFoLVF":{"registrationId":178870211,"currentRatchet":{"ephemeralKeyPair":{"pubKey":"BbaC/bYIJyhYo3mxvctfW1vLegqWHQskviq+MldZDl0S","privKey":"EPRaby3JFULoTOVJZ5BIOSzxM5y5Wpzya/1tw7oTWHk="},"lastRemoteEphemeralKey":"BcbZY6qnfUGUSGPTz+1K5bAXo4+M0FAuqDVN5kTd8HpI","previousCounter":0,"rootKey":"t8rLfmru8tOfaBzJxi1pIG6hxd+iPU5FgBroK6Qv/wU="},"indexInfo":{"baseKey":"Bf+p+XszYP24RB2g8/cNiFCd/XVP9M4j5zfLgihFoLVF","baseKeyType":1,"closed":-1,"used":1689261925408,"created":1689261925408,"remoteIdentityKey":"BYf7PbNtilWRcUguihH5N3bkDKg0ua1BNhpZ1SRh2eln"},"_chains":{"BbaC/bYIJyhYo3mxvctfW1vLegqWHQskviq+MldZDl0S":{"chainKey":{"counter":1,"key":"xwtjrtP08InivmeKiqd0cGsHOiQTa3EPHKkQHsMpbuQ="},"chainType":1,"messageKeys":{}}},"pendingPreKey":{"signedKeyId":2,"baseKey":"Bf+p+XszYP24RB2g8/cNiFCd/XVP9M4j5zfLgihFoLVF","preKeyId":4265599}}},"version":"v1"}