{"_sessions":{"BTvf/xVZ84OkN27lW03bqoAoDI94ZOxzMvB5du8Py7M6":{"registrationId":573858430,"currentRatchet":{"ephemeralKeyPair":{"pubKey":"BesPi/SsF8GxAXpoAnwdlDIKXxbU1lghRFqxbeBSIDYI","privKey":"qA7gGYys7HuML/0GH+IoXkwrFu2C9I/zF5Sf4mFLT0Y="},"lastRemoteEphemeralKey":"BRh2NWYbh4lmK7606MJyLQe3Oat4SI/1mGornICLaNZV","previousCounter":0,"rootKey":"82N1dUvWE13+XMeeGEpbkyCiHHodVZd0YixNs1gdW/4="},"indexInfo":{"baseKey":"BTvf/xVZ84OkN27lW03bqoAoDI94ZOxzMvB5du8Py7M6","baseKeyType":1,"closed":-1,"used":1689261768779,"created":1689261768779,"remoteIdentityKey":"BUOkTx2IIF7YN25so/Mx0dsJrw72DcIivZkI54RoGbsa"},"_chains":{"BesPi/SsF8GxAXpoAnwdlDIKXxbU1lghRFqxbeBSIDYI":{"chainKey":{"counter":0,"key":"1sdynW0WMPNY0Mc9mGIlFYDDJndf8A4z7gix2l0vn3s="},"chainType":1,"messageKeys":{}}},"pendingPreKey":{"signedKeyId":16,"baseKey":"BTvf/xVZ84OkN27lW03bqoAoDI94ZOxzMvB5du8Py7M6","preKeyId":1595559}}},"version":"v1"}