{"_sessions":{"BVI++thm1qtzO4/iWMH5cNV4Ba04Y7Gbo0onkx1QJX9/":{"registrationId":721532572,"currentRatchet":{"ephemeralKeyPair":{"pubKey":"BWYXFlK4YFGUd3ACRIiPRyXyc1QlemP6j8Zqq4gwRWAV","privKey":"IJp4wuKz8p+b3aslZvqiLbtzcvdgVzCucz7MVIEBoF8="},"lastRemoteEphemeralKey":"BY5+ixBH9yGxlib1GupaBr1s285De9scLwj/VRKILbNQ","previousCounter":0,"rootKey":"NQRmmS3V4oXQWdKtRQdiCQoNMu7MO9Fzh2ISzvJfWXQ="},"indexInfo":{"baseKey":"BVI++thm1qtzO4/iWMH5cNV4Ba04Y7Gbo0onkx1QJX9/","baseKeyType":1,"closed":-1,"used":1689261926109,"created":1689261926109,"remoteIdentityKey":"BcoiFljAj6NreMAaCtOAYCFfXAmhhyYhHxtqPe63FhBd"},"_chains":{"BWYXFlK4YFGUd3ACRIiPRyXyc1QlemP6j8Zqq4gwRWAV":{"chainKey":{"counter":1,"key":"xtWxRpJiEEN2HWMSGtC2wIi4U6uL/61ZG6MRgA/75Qg="},"chainType":1,"messageKeys":{}}},"pendingPreKey":{"signedKeyId":0,"baseKey":"BVI++thm1qtzO4/iWMH5cNV4Ba04Y7Gbo0onkx1QJX9/","preKeyId":10527547}}},"version":"v1"}