{"_sessions":{"BVKRxSVtaWrP69L8MpmIr4KUia5xJzfjfYnbPG5opNVf":{"registrationId":13108,"currentRatchet":{"ephemeralKeyPair":{"pubKey":"BWICfuGDYMkMKs/d2SH1+C9v6j8QM4H+YieQrnf2K0ZQ","privKey":"gAH9GGR1Hk8+qB0xRAXawTxcJZvpgB4Q2mZfdqOVdkE="},"lastRemoteEphemeralKey":"BWRcYEPmnbzLK4+FBSqHTWWJkGP0waN9m/XuvMUo6s9T","previousCounter":0,"rootKey":"NEgIKdCSHKOkVreXBxzInSgm1CHY+1wt95mKjY9hrD0="},"indexInfo":{"baseKey":"BVKRxSVtaWrP69L8MpmIr4KUia5xJzfjfYnbPG5opNVf","baseKeyType":1,"closed":-1,"used":1689261765870,"created":1689261765870,"remoteIdentityKey":"BRa8QLzIeIMdUt/U4O+zfFCa4MGiuzGdvbBAHPTA8VI0"},"_chains":{"BWICfuGDYMkMKs/d2SH1+C9v6j8QM4H+YieQrnf2K0ZQ":{"chainKey":{"counter":0,"key":"cB+kaGQ9IauXawTmez5uxSv16Q44ArjxWsBjPx9u1fQ="},"chainType":1,"messageKeys":{}}},"pendingPreKey":{"signedKeyId":1,"baseKey":"BVKRxSVtaWrP69L8MpmIr4KUia5xJzfjfYnbPG5opNVf"}}},"version":"v1"}