{"_sessions":{"Ban9KlsVao6uFhi2WOWGuD7j5/mT1xEbYWvbDvyn4/Uz":{"registrationId":1499518893,"currentRatchet":{"ephemeralKeyPair":{"pubKey":"BdTjMj1hN1FoxjH3PXiFlu3nFJri2HkaNO5Ws0MrfL03","privKey":"kAd49Szm3J2rsbisAbkdVRJnuHxHEk4AvKm0TIkbZkw="},"lastRemoteEphemeralKey":"Bf9DWT8i0mX5NszbxAr5ayrjkS0k/mxu2QwENc6pUtM1","previousCounter":0,"rootKey":"WfD0kHq/XT1VOfWeoySJ3tzT2/V5N9wmQFKee99QMWk="},"indexInfo":{"baseKey":"Ban9KlsVao6uFhi2WOWGuD7j5/mT1xEbYWvbDvyn4/Uz","baseKeyType":1,"closed":-1,"used":1689261768603,"created":1689261768603,"remoteIdentityKey":"BTsi89exBGHCkKMOdELwnKmII3AeOP+cWqGRdAGHAMkg"},"_chains":{"BdTjMj1hN1FoxjH3PXiFlu3nFJri2HkaNO5Ws0MrfL03":{"chainKey":{"counter":0,"key":"3L9WIYTmzJ4tcv/upFZeNaoGQvmIxnwucEjuYxSkBho="},"chainType":1,"messageKeys":{}}},"pendingPreKey":{"signedKeyId":0,"baseKey":"Ban9KlsVao6uFhi2WOWGuD7j5/mT1xEbYWvbDvyn4/Uz","preKeyId":9939800}}},"version":"v1"}