{"_sessions":{"BZsfIIMosrTHb552IGk1EqEctPTnQTon6XFGtFWADQ1n":{"registrationId":409028876,"currentRatchet":{"ephemeralKeyPair":{"pubKey":"BZLIFJjMBJ6+E0A/FEqMtOkmZng8SjRGg9ofXx2q5ewc","privKey":"6DjHhy5xj5oUSAGYQI0opk893zgeiIDb4+0KqQ9dNkQ="},"lastRemoteEphemeralKey":"BRFu0CamXgRDJY0z+YghEURVdKpd5N7m1Utexa/5jx1c","previousCounter":0,"rootKey":"I+hyzaezY8BAOB561nktECzlBkayozWG7FB8AgWHHvY="},"indexInfo":{"baseKey":"BZsfIIMosrTHb552IGk1EqEctPTnQTon6XFGtFWADQ1n","baseKeyType":1,"closed":-1,"used":1689261768871,"created":1689261768871,"remoteIdentityKey":"BdgrPFc5/FZplnKl4MibOJb8wjjFxPiOiZ6THjSaBVlC"},"_chains":{"BZLIFJjMBJ6+E0A/FEqMtOkmZng8SjRGg9ofXx2q5ewc":{"chainKey":{"counter":0,"key":"NP7fTcZ50cirstxK/NQm2RCNqFZaD4p5MknanWJQ76g="},"chainType":1,"messageKeys":{}}},"pendingPreKey":{"signedKeyId":1,"baseKey":"BZsfIIMosrTHb552IGk1EqEctPTnQTon6XFGtFWADQ1n","preKeyId":10433064}}},"version":"v1"}