{"_sessions":{"BfW3fpulWCCQiZ8uK8xDuW002iNlQdZ+y+UHj0vkthQ2":{"registrationId":1896905812,"currentRatchet":{"ephemeralKeyPair":{"pubKey":"BVzw6Q9vpCm684Ao7aOih5jMVwnSC8/cfTJ+R3ydVUAx","privKey":"gOM+wddpBwOwpBPPnMjzw38D/u8MG979w0qSR3r4HWU="},"lastRemoteEphemeralKey":"BWPQHozxLdVcYP8mLkSzSkUUNn1+xUU1M+CeGLLK+9Jc","previousCounter":0,"rootKey":"UBXq/+16dFPzslufPHAZ22R5JO4NeALFC8EBe6H8TkI="},"indexInfo":{"baseKey":"BfW3fpulWCCQiZ8uK8xDuW002iNlQdZ+y+UHj0vkthQ2","baseKeyType":1,"closed":-1,"used":1689261768352,"created":1689261768352,"remoteIdentityKey":"BcZNR8CiN5wZHYv33tIONLNqu95Fu23bwGNosw88FXlF"},"_chains":{"BVzw6Q9vpCm684Ao7aOih5jMVwnSC8/cfTJ+R3ydVUAx":{"chainKey":{"counter":0,"key":"AcEAUQwhZxsv7yD0zI17Gt2Vj9lzTXznDgQ4iVxcKSU="},"chainType":1,"messageKeys":{}}},"pendingPreKey":{"signedKeyId":0,"baseKey":"BfW3fpulWCCQiZ8uK8xDuW002iNlQdZ+y+UHj0vkthQ2","preKeyId":16311891}}},"version":"v1"}