{"_sessions":{"Bcp2wQPkGgHlxwx8nX6PzQFThpPrml/4MejeP36HL1R3":{"registrationId":1326642417,"currentRatchet":{"ephemeralKeyPair":{"pubKey":"BYnQUiu8ywAqXNb13ZfUHl5FZ+YFhxOsnPS7DpDAPc08","privKey":"wBLE+ufYWXcPoAQ0Xr4Grc5CC9mPjcgCi0+HdnnhinE="},"lastRemoteEphemeralKey":"BR07aQpmDJZ/8op/81pzb/u1yZKk3n5aUoe29Eh6t35T","previousCounter":0,"rootKey":"6kKR8IUBxd7q59K0FqYAGwPtdBZN7FROaiigjRA6gno="},"indexInfo":{"baseKey":"Bcp2wQPkGgHlxwx8nX6PzQFThpPrml/4MejeP36HL1R3","baseKeyType":1,"closed":-1,"used":1689261768487,"created":1689261768487,"remoteIdentityKey":"Bbpks8n/gi9gR0AGuMkM5eEfQ9YMp+ZXBGJitteLhxIz"},"_chains":{"BYnQUiu8ywAqXNb13ZfUHl5FZ+YFhxOsnPS7DpDAPc08":{"chainKey":{"counter":0,"key":"ut7s0GvSA2u0D9Ezk4RZwI4puuUiyyZz/JzjmyF1IUk="},"chainType":1,"messageKeys":{}}},"pendingPreKey":{"signedKeyId":0,"baseKey":"Bcp2wQPkGgHlxwx8nX6PzQFThpPrml/4MejeP36HL1R3","preKeyId":10667757}}},"version":"v1"}