{"_sessions":{"BU8cr1U96oxH6Un067YRu9Rfer2lt67M7WAdxn7qxNhG":{"registrationId":143,"currentRatchet":{"ephemeralKeyPair":{"pubKey":"BWvZ83gG+2GbXX+/odataB7rvdQWcfxf2dL8bg0V5KF6","privKey":"cOALujcQ6pCkWmWztlBZ+2f1Z5UBvOvSih3hQTFjf0w="},"lastRemoteEphemeralKey":"BRKd0pCQr8qOe073qCNeMXGAS69vPvc8iHsHGBMWlbZ5","previousCounter":0,"rootKey":"fZIlwEElQmQhldKuyCf8q6faw2To0pLCcfR2YpUZQYk="},"indexInfo":{"baseKey":"BU8cr1U96oxH6Un067YRu9Rfer2lt67M7WAdxn7qxNhG","baseKeyType":1,"closed":-1,"used":1689261765661,"created":1689261765661,"remoteIdentityKey":"Be9yuEeKxjd585fOni2f0NZcwyDitKKuYtEXAkX+NpBL"},"_chains":{"BWvZ83gG+2GbXX+/odataB7rvdQWcfxf2dL8bg0V5KF6":{"chainKey":{"counter":0,"key":"muz003RCWvn0B11uWi6o5cE3Kj0pQzTCX+QE9GrHhPk="},"chainType":1,"messageKeys":{}}},"pendingPreKey":{"signedKeyId":1,"baseKey":"BU8cr1U96oxH6Un067YRu9Rfer2lt67M7WAdxn7qxNhG"}}},"version":"v1"}