{"_sessions":{"BV9Iql07jCyXrSiUgjVN7GrdZATDdaQMUjUYq9w+BO9v":{"registrationId":1865135106,"currentRatchet":{"ephemeralKeyPair":{"pubKey":"Beh/8yKyK030RX7g4iqgTY7E0FfaFBXLcnumcA7rDu4D","privKey":"8F8UYPis2J/TqxHjwM77ne5RV3hXeF8PD8AivYqZlGg="},"lastRemoteEphemeralKey":"BXgq/xzxDHUK181giQdZK29sA9XvO5rqeMA0GSe/MNhd","previousCounter":0,"rootKey":"/7Oi1zjxojpk1+mkeegWGSPgF2YLubEAg9xF3N7SVjg="},"indexInfo":{"baseKey":"BV9Iql07jCyXrSiUgjVN7GrdZATDdaQMUjUYq9w+BO9v","baseKeyType":1,"closed":-1,"used":1689261768863,"created":1689261768863,"remoteIdentityKey":"BYEtozTe/DxnGmxGbTlVJr2xWrKsGG39G1txFoTUd4U0"},"_chains":{"Beh/8yKyK030RX7g4iqgTY7E0FfaFBXLcnumcA7rDu4D":{"chainKey":{"counter":0,"key":"df51moB/rhcJI3CAdxQSOCeqE5p0B/LlVHeSO6PjloU="},"chainType":1,"messageKeys":{}}},"pendingPreKey":{"signedKeyId":4,"baseKey":"BV9Iql07jCyXrSiUgjVN7GrdZATDdaQMUjUYq9w+BO9v","preKeyId":1850504}}},"version":"v1"}