{"_sessions":{"BXa2h5abgpHYkAMHPjmRu/uryVXapMLB5M/Ua+R8WKB8":{"registrationId":27,"currentRatchet":{"ephemeralKeyPair":{"pubKey":"BcKAtKJlOpJ1cx5NJ3KLGpAiQzD2shRQlOo7/csR2YB2","privKey":"QL9WcOIEjXM93cD2QefJZ1w/nfUtpbeM2W+ZP0bwoGc="},"lastRemoteEphemeralKey":"BUrMYBNn5bUpua3cV92kGNLgeeZ2cEpgHtYwltgDkv0r","previousCounter":0,"rootKey":"ACHgPHSv4iCSMsnqo9u7zCMgfPkHKbmKnJNdVodRzVQ="},"indexInfo":{"baseKey":"BXa2h5abgpHYkAMHPjmRu/uryVXapMLB5M/Ua+R8WKB8","baseKeyType":1,"closed":-1,"used":1689261925215,"created":1689261925215,"remoteIdentityKey":"BVzsr+L8Ur6ZS13Q8WEgbJ9U3w0ugr+qXcnNTvi0Jmov"},"_chains":{"BcKAtKJlOpJ1cx5NJ3KLGpAiQzD2shRQlOo7/csR2YB2":{"chainKey":{"counter":1,"key":"4KVkArVOpjNS6c4mspc6D1tIT28xokp9flJJzaLAoCI="},"chainType":1,"messageKeys":{}}},"pendingPreKey":{"signedKeyId":1,"baseKey":"BXa2h5abgpHYkAMHPjmRu/uryVXapMLB5M/Ua+R8WKB8"}}},"version":"v1"}