{"_sessions":{"Bci2noZXoMEWC2X8J2Z261XOBQQ5Uh21R+KRSIVi8Asu":{"registrationId":2022749383,"currentRatchet":{"ephemeralKeyPair":{"pubKey":"BQn8CR+2gYwntEmB74xSjHkhUkaUhSezMaOabs3gU7FA","privKey":"EDViK+xJTFChxzxTIaA7BRPTHoZTgKV5/w7Y1dP7XV8="},"lastRemoteEphemeralKey":"BazS6B6m1KV8XMs6YIPagBd4S3QZT/eHqjXVkAOQc51i","previousCounter":0,"rootKey":"pAq8JD0O1TmLgJ1qM+jfbU2WTEngZcbuwHVux/g4wC8="},"indexInfo":{"baseKey":"Bci2noZXoMEWC2X8J2Z261XOBQQ5Uh21R+KRSIVi8Asu","baseKeyType":1,"closed":-1,"used":1689261767754,"created":1689261767754,"remoteIdentityKey":"BefSrY/LziHSph+FcS782H23r62pcntpfLaBGmRM5XIN"},"_chains":{"BQn8CR+2gYwntEmB74xSjHkhUkaUhSezMaOabs3gU7FA":{"chainKey":{"counter":0,"key":"l3cK0R7spg3fPZo2jN3A6NrEmCxKXqdo8E1vf8fOZP8="},"chainType":1,"messageKeys":{}}},"pendingPreKey":{"signedKeyId":4,"baseKey":"Bci2noZXoMEWC2X8J2Z261XOBQQ5Uh21R+KRSIVi8Asu","preKeyId":3585557}}},"version":"v1"}