{"_sessions":{"BXyPC5cZC7kMcn9lHrdFYlaa5YlqDTNw86GvG03428ZN":{"registrationId":7462799,"currentRatchet":{"ephemeralKeyPair":{"pubKey":"BUN7D/WeuCrPpY9J5awuyKccsmT9vVWrtZyOAFBAUSMD","privKey":"AKt2FQaW8fUdzX1ZaQxDj0ENBBbKo4VVoI96CLlJ80Q="},"lastRemoteEphemeralKey":"BZGQFI2hsTTs5mrKBiREpv3LibIQUihzuLeTpFrBi+0o","previousCounter":0,"rootKey":"LAmE8EPNLuSj1dU8yYT06rdiQcvMwSfq7MHcOKxYMUA="},"indexInfo":{"baseKey":"BXyPC5cZC7kMcn9lHrdFYlaa5YlqDTNw86GvG03428ZN","baseKeyType":1,"closed":-1,"used":1689261768867,"created":1689261768867,"remoteIdentityKey":"BRqTdIo6zIporo1jDKiwZ4nChBycECqrT9J5lQ7HUDBB"},"_chains":{"BUN7D/WeuCrPpY9J5awuyKccsmT9vVWrtZyOAFBAUSMD":{"chainKey":{"counter":0,"key":"1Y2bZzCjtzXgMfQtR27SQoDikRRXnh6KkcuPQdLaidw="},"chainType":1,"messageKeys":{}}},"pendingPreKey":{"signedKeyId":0,"baseKey":"BXyPC5cZC7kMcn9lHrdFYlaa5YlqDTNw86GvG03428ZN","preKeyId":6766689}}},"version":"v1"}