{"_sessions":{"BfBC2I22swqSBsuN/RTwn8VW4R3w/+HMCkBTI1++kl02":{"registrationId":120,"currentRatchet":{"ephemeralKeyPair":{"pubKey":"BcH4hNh11oKquyL5TCy9wzoXe4hJ+vBfbe/I1Wr7DAw2","privKey":"oNeVVdIxjfFZwt2B905Amz2U40REEPynvdA+Z9+4d2g="},"lastRemoteEphemeralKey":"BXf2S7o5cNjf2J+5s1tbN39nxC9LSQOJWN9Kfg3bW5ER","previousCounter":0,"rootKey":"SFQTw/7jEAhN3V8QbnDwvzZrrOSs/Sogj09rPp5t3uU="},"indexInfo":{"baseKey":"BfBC2I22swqSBsuN/RTwn8VW4R3w/+HMCkBTI1++kl02","baseKeyType":1,"closed":-1,"used":1689261766109,"created":1689261766109,"remoteIdentityKey":"BTohEiq3Tn6Qk4E+yl4n8xh+h27M9ELhtvyFitFpDsZb"},"_chains":{"BcH4hNh11oKquyL5TCy9wzoXe4hJ+vBfbe/I1Wr7DAw2":{"chainKey":{"counter":0,"key":"9PEpP44hfRZ9qeb0z8b19Epvhqd8bYm+JjCcWJuOcVE="},"chainType":1,"messageKeys":{}}},"pendingPreKey":{"signedKeyId":1,"baseKey":"BfBC2I22swqSBsuN/RTwn8VW4R3w/+HMCkBTI1++kl02"}}},"version":"v1"}