{"_sessions":{"BRk/nIzyWCUgFj+zEALq00lsafRP+6OvSxEdm6tGQAxT":{"registrationId":10165,"currentRatchet":{"ephemeralKeyPair":{"pubKey":"BTib4b9myR/GaxR2DOLHTytY3GQf4gEx/Glqsb6sgg5T","privKey":"KCB65hK3WhB0eHIDyNAIucnJHjPJPc+U18ojj009bm4="},"lastRemoteEphemeralKey":"BZEQ34x53/2GGP+9W3L00bnYaQMCz6pyF47lWof7tXdf","previousCounter":0,"rootKey":"/jzvlf7RMIpgdS0w84b6qXPvS5O4R+nXuH43UGP1fPk="},"indexInfo":{"baseKey":"BRk/nIzyWCUgFj+zEALq00lsafRP+6OvSxEdm6tGQAxT","baseKeyType":1,"closed":-1,"used":1689261766269,"created":1689261766269,"remoteIdentityKey":"BZcDbTPYVI8iE4JP5hc0jdJvsyZ2TrpdxWd4b1gM4Mw/"},"_chains":{"BTib4b9myR/GaxR2DOLHTytY3GQf4gEx/Glqsb6sgg5T":{"chainKey":{"counter":0,"key":"aaXa9cTEJj80P2iSuBTCkV3jmUl2ipHsadL4zXobQAs="},"chainType":1,"messageKeys":{}}},"pendingPreKey":{"signedKeyId":1,"baseKey":"BRk/nIzyWCUgFj+zEALq00lsafRP+6OvSxEdm6tGQAxT"}}},"version":"v1"}