{"_sessions":{"BQS+x150Iqx6OqjdBTEnZ3xKucFWZnyUxIS1wNvjoF8B":{"registrationId":949093936,"currentRatchet":{"ephemeralKeyPair":{"pubKey":"Bavnz+AfwdUMHYCu8vYFCt9i6ZvcjSKbDS+1DA0ZJVAN","privKey":"KPZE8iCpwH5gHkVCbNEif00GZye8EHpNzgoCnXOyY1s="},"lastRemoteEphemeralKey":"Bf/m9wsrV7qZbFXTvBep9y6GxkjKaWvgMP01y9cbe11d","previousCounter":0,"rootKey":"Z4YfILHXIqHjOb8v1dMskfCMEVpmlrsoo0zU4478xH4="},"indexInfo":{"baseKey":"BQS+x150Iqx6OqjdBTEnZ3xKucFWZnyUxIS1wNvjoF8B","baseKeyType":1,"closed":-1,"used":1689261767181,"created":1689261767181,"remoteIdentityKey":"BWW76sgoZNRN+XzDUt+fOQXuDrUhzwXmymieHNrccEIf"},"_chains":{"Bavnz+AfwdUMHYCu8vYFCt9i6ZvcjSKbDS+1DA0ZJVAN":{"chainKey":{"counter":0,"key":"MMs6MHV8t4cg7Qw5hTV67XCSggPatNmrWkwe3FCV9lk="},"chainType":1,"messageKeys":{}}},"pendingPreKey":{"signedKeyId":7,"baseKey":"BQS+x150Iqx6OqjdBTEnZ3xKucFWZnyUxIS1wNvjoF8B","preKeyId":14929788}}},"version":"v1"}