{"_sessions":{"BWLbsMtjTsrkSifhgKV2V1RnPQ5R9EaNd6ryhyd9Up88":{"registrationId":294792314,"currentRatchet":{"ephemeralKeyPair":{"pubKey":"BWZdZ43TFJwifN/aO0n6eaFInkYB/lP7/P0JOQvNnJpn","privKey":"KLTa2Hmd//HXvgangytgoZ9iK1IPoW7jJ2apyimVvlk="},"lastRemoteEphemeralKey":"BaTtz9uy/VkGciafbORmE1rWJ+wkBcS3HRQaMy9tLZty","previousCounter":0,"rootKey":"/VhvlKw1ti3hmYnibdmUpdIPKlPrspq0fnNG25Z5gII="},"indexInfo":{"baseKey":"BWLbsMtjTsrkSifhgKV2V1RnPQ5R9EaNd6ryhyd9Up88","baseKeyType":1,"closed":-1,"used":1689261926158,"created":1689261926158,"remoteIdentityKey":"BVxSU0MFNVOVGvk6k6KnoyLVhPT/nKBE/tKbZb4DnJAK"},"_chains":{"BWZdZ43TFJwifN/aO0n6eaFInkYB/lP7/P0JOQvNnJpn":{"chainKey":{"counter":1,"key":"JlYYt1ZErwy2KonvA4YxqdiszWDx3lMDX53GPFGC9cI="},"chainType":1,"messageKeys":{}}},"pendingPreKey":{"signedKeyId":1,"baseKey":"BWLbsMtjTsrkSifhgKV2V1RnPQ5R9EaNd6ryhyd9Up88","preKeyId":16667134}}},"version":"v1"}