{"_sessions":{"BXR4fKkJLwI1LETduODRgmC1Ql6onLr6n0FffIuEdYFy":{"registrationId":166009436,"currentRatchet":{"ephemeralKeyPair":{"pubKey":"BfDPY8wp0zUQcszNdDHRa0KnZAxryFF8F29jkjwoGt4T","privKey":"aL1NzDNWSDghE2BEA1KTIfMjMI0qA5nuopw/pbWK0Vc="},"lastRemoteEphemeralKey":"BZtT+6nNpZppgu0yJi0My3lKMRFmRmmRDAO1ikXPdYob","previousCounter":0,"rootKey":"SmjHHbRITxMEViSLUm4chmsk8bIyZchagBU0YRpaFJ4="},"indexInfo":{"baseKey":"BXR4fKkJLwI1LETduODRgmC1Ql6onLr6n0FffIuEdYFy","baseKeyType":1,"closed":-1,"used":1689261768786,"created":1689261768786,"remoteIdentityKey":"Ba8a2J4gja9VrIdaeraYJox2EKLvvE8RjnMrrz3NjmAy"},"_chains":{"BfDPY8wp0zUQcszNdDHRa0KnZAxryFF8F29jkjwoGt4T":{"chainKey":{"counter":0,"key":"LQhEGXoj6cMM4a3Cmo6osJSlvQi7Rm2SM8hKvxN3Shs="},"chainType":1,"messageKeys":{}}},"pendingPreKey":{"signedKeyId":13,"baseKey":"BXR4fKkJLwI1LETduODRgmC1Ql6onLr6n0FffIuEdYFy","preKeyId":1227098}}},"version":"v1"}