{"_sessions":{"BcCX1NEqPKBye9HKgWliS9JB8QuQAdMSwMGonPrK9k1n":{"registrationId":1208282679,"currentRatchet":{"ephemeralKeyPair":{"pubKey":"BZqGd6FAV+tsYulcVXcJZiaD+wPuG59/k6DrdslFMvld","privKey":"+PqsYAc6Q/IoVRs1H+z/v+6jtCWxLPFyhD3tll6aznw="},"lastRemoteEphemeralKey":"BbE4JOk7OwEtL1qVYFQusI/cBJUBoxRS3ZpgyiWSqp50","previousCounter":0,"rootKey":"bIpeh2es79ey5MgQpY2Gp2GM71Z5RpjipuR1mBSSbT4="},"indexInfo":{"baseKey":"BcCX1NEqPKBye9HKgWliS9JB8QuQAdMSwMGonPrK9k1n","baseKeyType":1,"closed":-1,"used":1689261766897,"created":1689261766897,"remoteIdentityKey":"BfjlOXJSOwJj9PuF0luxbXMTCODfPvPiohVyuvRPAl0O"},"_chains":{"BZqGd6FAV+tsYulcVXcJZiaD+wPuG59/k6DrdslFMvld":{"chainKey":{"counter":0,"key":"W60hmZIw1264NBl8KN6mSxh4onFxW9ZAnxb3s72VADY="},"chainType":1,"messageKeys":{}}},"pendingPreKey":{"signedKeyId":1,"baseKey":"BcCX1NEqPKBye9HKgWliS9JB8QuQAdMSwMGonPrK9k1n","preKeyId":8863764}}},"version":"v1"}