{"_sessions":{"BaX6VD4UQIBYjikIsK8D8779QV+4GBntip/I1qz+K6MC":{"registrationId":238562574,"currentRatchet":{"ephemeralKeyPair":{"pubKey":"BaIQqRgfzseiBfEA0Dqyz7Mv+nzdIX7WSnH5MEaLWz12","privKey":"IKeISOhz/coFN3Mo5tRolvisPWUZ85PjcYv/O54qanU="},"lastRemoteEphemeralKey":"BQlKw0mZoeIPyJlbMsP52SFLSLeeFDzdJCnSXr4tIz8p","previousCounter":0,"rootKey":"XZmKzFvrBC1V+snlAKsBJVMn81X4Rh12pgBf+49yxGg="},"indexInfo":{"baseKey":"BaX6VD4UQIBYjikIsK8D8779QV+4GBntip/I1qz+K6MC","baseKeyType":1,"closed":-1,"used":1689261768374,"created":1689261768374,"remoteIdentityKey":"BZCNHksqjdQ5HbuOsa6da6sJ0vB3Y9cOe8GdeiAdjOMb"},"_chains":{"BaIQqRgfzseiBfEA0Dqyz7Mv+nzdIX7WSnH5MEaLWz12":{"chainKey":{"counter":0,"key":"SJiz/q1EWEaLGX57y3yVltVUsy0y/uiQA9NFmlCx6DY="},"chainType":1,"messageKeys":{}}},"pendingPreKey":{"signedKeyId":1,"baseKey":"BaX6VD4UQIBYjikIsK8D8779QV+4GBntip/I1qz+K6MC","preKeyId":3973964}}},"version":"v1"}