{"_sessions":{"Bc+ey68Gfw6PBKlOBrq3uKY9ONvy+u4dEuYDDC1ssWZK":{"registrationId":10,"currentRatchet":{"ephemeralKeyPair":{"pubKey":"Bc9pfbJmRekK5RG7cUwAw9A+i+1U/9lWaPxoaWjuUp12","privKey":"gKqPPc30woDRY88j4y+g1jFS1bLAArC58H5FCM3eoVY="},"lastRemoteEphemeralKey":"BeMgAl76dJs/dNqK1WVVegh8oeS0xSQEVRgZsZdAUo5R","previousCounter":0,"rootKey":"3ocCcx9eXPXWDJChlHX94S/Bh2FOKVcXKn3FWNUzZ/E="},"indexInfo":{"baseKey":"Bc+ey68Gfw6PBKlOBrq3uKY9ONvy+u4dEuYDDC1ssWZK","baseKeyType":1,"closed":-1,"used":1689261766493,"created":1689261766493,"remoteIdentityKey":"BcGTLfORjBVdA3yUFou2t6fL0mTmlhRj6GMUFMcjWnVD"},"_chains":{"Bc9pfbJmRekK5RG7cUwAw9A+i+1U/9lWaPxoaWjuUp12":{"chainKey":{"counter":0,"key":"DuGbwnOlFkmy2639z9GpCvodhQWI1LvTlGCxM/E3HlM="},"chainType":1,"messageKeys":{}}},"pendingPreKey":{"signedKeyId":1,"baseKey":"Bc+ey68Gfw6PBKlOBrq3uKY9ONvy+u4dEuYDDC1ssWZK"}}},"version":"v1"}