{"_sessions":{"BSPwTdu0+ZmlUslyJ7RJLED7yDi6AIPnnTp4NQC/Pecx":{"registrationId":562338530,"currentRatchet":{"ephemeralKeyPair":{"pubKey":"BUQCR/J3xKeAzE1WvPonzxTndTQ7jRtPsYIh5v19nvpo","privKey":"gLyNvFuVT9Fdv+i1cMIvXFUMn1/Vko52l2nmY47MTGI="},"lastRemoteEphemeralKey":"BSR48xkPM1+D2SdTzTBOY4X3KO1rYqPFbFtLqhd4Pj8o","previousCounter":0,"rootKey":"B1vxKHTjn4NEu7mP0Pr+nWRusHW0XkRNpx34ZSWvbDE="},"indexInfo":{"baseKey":"BSPwTdu0+ZmlUslyJ7RJLED7yDi6AIPnnTp4NQC/Pecx","baseKeyType":1,"closed":-1,"used":1689261926262,"created":1689261926262,"remoteIdentityKey":"BeBtXAZLEZa/DP8zfOyPmSqDYR+e/VRa3/AoVRcNKaJb"},"_chains":{"BUQCR/J3xKeAzE1WvPonzxTndTQ7jRtPsYIh5v19nvpo":{"chainKey":{"counter":1,"key":"CPQuP1VoEGSi8SUZPBBL+lVPAUVXj47f+Dz798rJwF8="},"chainType":1,"messageKeys":{}}},"pendingPreKey":{"signedKeyId":12,"baseKey":"BSPwTdu0+ZmlUslyJ7RJLED7yDi6AIPnnTp4NQC/Pecx","preKeyId":3613565}}},"version":"v1"}