{"_sessions":{"BQP/1lWca/e8ReL1l202GmTD/qOM/h8wQbz5/r/C5hgs":{"registrationId":968337115,"currentRatchet":{"ephemeralKeyPair":{"pubKey":"BWHVnU2aNqi4arFK7zgJkjzWE6WRzKoKHj9hTHZbKEQz","privKey":"YOmB2DNnEOGKEOzcWCtYAGK/GDG+/kQMUFIHreiYQnI="},"lastRemoteEphemeralKey":"BY4uT1pnxr6a1SfYrzD2TkH5Y+OrMaMHd4rRaTNGNy4K","previousCounter":0,"rootKey":"8PdRhDy/D8UT4XfyESUusaenbQQ9lWdpU0sVzcj9pq8="},"indexInfo":{"baseKey":"BQP/1lWca/e8ReL1l202GmTD/qOM/h8wQbz5/r/C5hgs","baseKeyType":1,"closed":-1,"used":1689261925968,"created":1689261925968,"remoteIdentityKey":"BV80DC3jJn9VyiSFdcY/dhCCI7NW3lfalFDnPm2AjkIx"},"_chains":{"BWHVnU2aNqi4arFK7zgJkjzWE6WRzKoKHj9hTHZbKEQz":{"chainKey":{"counter":1,"key":"H/Vk71pk3g3fF9Mnr0tl+NAA+w14/rVKA3pXFrDgLGc="},"chainType":1,"messageKeys":{}}},"pendingPreKey":{"signedKeyId":1,"baseKey":"BQP/1lWca/e8ReL1l202GmTD/qOM/h8wQbz5/r/C5hgs","preKeyId":4180959}}},"version":"v1"}