{"_sessions":{"BTCnZJpeAzRWh9cl+GOotNGkG41whRnBQeLoK7jQNOAY":{"registrationId":1177251227,"currentRatchet":{"ephemeralKeyPair":{"pubKey":"BT+nIWcFtANuPmckCU30vI/tZT+Ty0UVrBeCOg3/sYYN","privKey":"CAgZdn2i0wScz8Zrg15FXe+T9+/lJCPzjOlJ49Hny0g="},"lastRemoteEphemeralKey":"Bdxm8qkBG03VLHOG8jN8aRSbKW3XVVBRTFNVtuTkur0Y","previousCounter":0,"rootKey":"7JRFPnhhp1L3KqPiOFOXa4B/9VV9onJFZc6yA8tD2y4="},"indexInfo":{"baseKey":"BTCnZJpeAzRWh9cl+GOotNGkG41whRnBQeLoK7jQNOAY","baseKeyType":1,"closed":-1,"used":1689261767159,"created":1689261767159,"remoteIdentityKey":"Bf8tXhnwoRk/J7L0oPcURPr7SPXSo+sW7DI9OymMvswl"},"_chains":{"BT+nIWcFtANuPmckCU30vI/tZT+Ty0UVrBeCOg3/sYYN":{"chainKey":{"counter":0,"key":"MtlPVOXmYpQuSgeAQsHCDoNnNcvhvs4MveK5xpBq6oc="},"chainType":1,"messageKeys":{}}},"pendingPreKey":{"signedKeyId":24,"baseKey":"BTCnZJpeAzRWh9cl+GOotNGkG41whRnBQeLoK7jQNOAY","preKeyId":2086626}}},"version":"v1"}