{"_sessions":{"BZsTrlNn6Lgfm2cHrK6zPNLF6A8gmzfe7Tr/1E6FOpo3":{"registrationId":1835614521,"currentRatchet":{"ephemeralKeyPair":{"pubKey":"BZF0TpHEFC/qBgLfgjBNWcS/HltXJBu3rUvsQcWvgtV4","privKey":"4BCyYJD2N9xuAYM/9VowQV4J5Iec9KupHNSPsZBPqmg="},"lastRemoteEphemeralKey":"BQjGWzxFjm/9I04saKM0a/Ed/lKF7mXA6EmLsSAYym4w","previousCounter":0,"rootKey":"pwfvvUfo7PjhnWA4mPL+PtLNi2sO7zfNPrcDoHNyQeU="},"indexInfo":{"baseKey":"BZsTrlNn6Lgfm2cHrK6zPNLF6A8gmzfe7Tr/1E6FOpo3","baseKeyType":1,"closed":-1,"used":1689261768160,"created":1689261768160,"remoteIdentityKey":"Bf1r0rzrJL7b/bL9yesF866H600cpCk1XsG2UvG+2XJ4"},"_chains":{"BZF0TpHEFC/qBgLfgjBNWcS/HltXJBu3rUvsQcWvgtV4":{"chainKey":{"counter":0,"key":"KYxLJkfe/YLkfwpCqLh5YKsETd7giMXRz0oh2mH2hW8="},"chainType":1,"messageKeys":{}}},"pendingPreKey":{"signedKeyId":7,"baseKey":"BZsTrlNn6Lgfm2cHrK6zPNLF6A8gmzfe7Tr/1E6FOpo3"}}},"version":"v1"}