{"_sessions":{"BWzIKBqzkPC98/D9AsMklGblJm6s7j9ECqft3y/9RXhw":{"registrationId":1431154422,"currentRatchet":{"ephemeralKeyPair":{"pubKey":"BTQ9tZnX6ApgkGzDFazKrl3/J9DETPtUiKdFUPueC8Ij","privKey":"+HyvYwwRkhBPKqXHWJFlUjcF1xEmqeanglWoHemJ3Eo="},"lastRemoteEphemeralKey":"BWeIGM961hPf3GGU6b6Va15zlowPxAccRgzdmf8d8n1I","previousCounter":0,"rootKey":"3OoQ/K3QzDQ+YFjK8OT3SKA+5TK4F6Cjuc8gxUg7iJE="},"indexInfo":{"baseKey":"BWzIKBqzkPC98/D9AsMklGblJm6s7j9ECqft3y/9RXhw","baseKeyType":1,"closed":-1,"used":1689261766977,"created":1689261766977,"remoteIdentityKey":"BRD7Pqwbtd65qjpVpHgbUfIfQ9brsNsUSykeUvvTGgMG"},"_chains":{"BTQ9tZnX6ApgkGzDFazKrl3/J9DETPtUiKdFUPueC8Ij":{"chainKey":{"counter":2,"key":"6YjqeCev5iJk9tlekTglx9bQCs10MgMBHckn0KeWSeY="},"chainType":1,"messageKeys":{}}},"pendingPreKey":{"signedKeyId":0,"baseKey":"BWzIKBqzkPC98/D9AsMklGblJm6s7j9ECqft3y/9RXhw","preKeyId":8513783}}},"version":"v1"}