{"_sessions":{"BbUFbhqlgAsmtBsDlsTTlkmD/BcUgDzIoWW4FfIVjN0y":{"registrationId":43,"currentRatchet":{"ephemeralKeyPair":{"pubKey":"BRfCy2oWggeMZBzqvsbbJ7avekKttkYa6l1/uamKMRUY","privKey":"6ByNrjvkEfdewK4tT/qklkSSrD+nt/rPJkXKeukRtE0="},"lastRemoteEphemeralKey":"Bbe71ScqIP8UYhx9OsAxATSGp0TrX97qUqevaH8not0r","previousCounter":0,"rootKey":"ey9c18Uc8V0IVffdu6az3UZUCbdc7bu9BlAGOiEEGKc="},"indexInfo":{"baseKey":"BbUFbhqlgAsmtBsDlsTTlkmD/BcUgDzIoWW4FfIVjN0y","baseKeyType":1,"closed":-1,"used":1689261765891,"created":1689261765891,"remoteIdentityKey":"BdiVXmgNfrLAXgxEKhjDB7wpTPAp7AoQkSb+TT6JnARE"},"_chains":{"BRfCy2oWggeMZBzqvsbbJ7avekKttkYa6l1/uamKMRUY":{"chainKey":{"counter":0,"key":"FbgnUQ9TyXwr1CODmRcTC9Pk27Ayp0TcllCAbNANghA="},"chainType":1,"messageKeys":{}}},"pendingPreKey":{"signedKeyId":1,"baseKey":"BbUFbhqlgAsmtBsDlsTTlkmD/BcUgDzIoWW4FfIVjN0y"}}},"version":"v1"}