{"_sessions":{"BdYreKLhrL6tVFAHuv6dkoalQuT34WSsHoLfrazKOdF3":{"registrationId":532954227,"currentRatchet":{"ephemeralKeyPair":{"pubKey":"BbYWPDmsmaoz3hTtVz0IQE8XMaIJ8pFzSYzRu1tQSwUu","privKey":"mKJWFgFWcF2jpeQFsedVi6+coXlTMCJiAeXqjn8QuHo="},"lastRemoteEphemeralKey":"Bc4Cj4mhGl9eC36tUT3qDKwCOK49aTqrLwIe+JMFSl9d","previousCounter":0,"rootKey":"kZmpdLDPWmHUg48a7nycVPIAXUWJeEYe5WeaYbWDVZs="},"indexInfo":{"baseKey":"BdYreKLhrL6tVFAHuv6dkoalQuT34WSsHoLfrazKOdF3","baseKeyType":1,"closed":-1,"used":1689261925558,"created":1689261925558,"remoteIdentityKey":"BQFVVU/MFf0DGS39rNF4d8ijJyBSqH69BsrtmleHlzFx"},"_chains":{"BbYWPDmsmaoz3hTtVz0IQE8XMaIJ8pFzSYzRu1tQSwUu":{"chainKey":{"counter":1,"key":"is7ky5rH0ga/VeFm+ubCYynOIXFcHhXAdRtG7ArlsJU="},"chainType":1,"messageKeys":{}}},"pendingPreKey":{"signedKeyId":0,"baseKey":"BdYreKLhrL6tVFAHuv6dkoalQuT34WSsHoLfrazKOdF3","preKeyId":10318507}}},"version":"v1"}