{"_sessions":{"BYzEJ8S1+QcFNY7Bpjx/6LriRVQef+IqhXBhwELK/J82":{"registrationId":1280783325,"currentRatchet":{"ephemeralKeyPair":{"pubKey":"BW8N6U830sRjRRCW6zXIl4QUzBmqxBR40N9HiAYFwiEf","privKey":"yFVsV74rV2tJQzkxDk0YeD/ULPY9FhcgRHexkHsi1mo="},"lastRemoteEphemeralKey":"BaPsPtr7GofzBOz8SXwBtQUOZhbo84wMryrGeKSspXNO","previousCounter":0,"rootKey":"dANaF5YBXDCTww41RerFqBBlyBKYDqb7uiCsxOhgOnk="},"indexInfo":{"baseKey":"BYzEJ8S1+QcFNY7Bpjx/6LriRVQef+IqhXBhwELK/J82","baseKeyType":1,"closed":-1,"used":1689261768073,"created":1689261768073,"remoteIdentityKey":"BUnxC5V8QdibwHAHwIa4OvIAStVha9MYtUYkThI4eUop"},"_chains":{"BW8N6U830sRjRRCW6zXIl4QUzBmqxBR40N9HiAYFwiEf":{"chainKey":{"counter":0,"key":"QQT7cM3uuxenjCHh3A4zbYAB91SfsFKsAgPd043VI+Y="},"chainType":1,"messageKeys":{}}},"pendingPreKey":{"signedKeyId":0,"baseKey":"BYzEJ8S1+QcFNY7Bpjx/6LriRVQef+IqhXBhwELK/J82","preKeyId":3047465}}},"version":"v1"}