{"_sessions":{"BW+tgInYdc/vU/qS0msKGABgp7g2glGfwpTcE5uaL0B3":{"registrationId":549466739,"currentRatchet":{"ephemeralKeyPair":{"pubKey":"BfEc21r2IMVCHrP9HxwuM/WdFfI2Q8/4zYkqhF3bufAZ","privKey":"wHET6n2jkWTjgqJ7NaGw4j+ANYu7UkICcAaMz2x41EA="},"lastRemoteEphemeralKey":"BYp0OqPPA3Cso0GbNWb+ZJeirFfGs7EFLBWkwha4SCwE","previousCounter":0,"rootKey":"ml26pwx3zEVwgACKcBdN0CwDNhMVsXcVX8YhvsXyKW4="},"indexInfo":{"baseKey":"BW+tgInYdc/vU/qS0msKGABgp7g2glGfwpTcE5uaL0B3","baseKeyType":1,"closed":-1,"used":1689261926200,"created":1689261926200,"remoteIdentityKey":"BdP8tV6G01EAyiNNVhTKzz2I+8mwtD7oWJI7hO+7G+p2"},"_chains":{"BfEc21r2IMVCHrP9HxwuM/WdFfI2Q8/4zYkqhF3bufAZ":{"chainKey":{"counter":1,"key":"QyL0awieB4jv5e0b8YbXZIZIrEqxgHIP2W5jQH7X1EE="},"chainType":1,"messageKeys":{}}},"pendingPreKey":{"signedKeyId":0,"baseKey":"BW+tgInYdc/vU/qS0msKGABgp7g2glGfwpTcE5uaL0B3","preKeyId":5290353}}},"version":"v1"}