{"_sessions":{"BfWC8ga8San0sJggQtw9PCjSu7P5hHj5CwQU/xP5vyRi":{"registrationId":623548700,"currentRatchet":{"ephemeralKeyPair":{"pubKey":"Ba5n6GuTzhwxC5DFIyPAeTzEp5SheVtlUbWUW7fuvKk4","privKey":"6Hep9KuUYK4LGGY4pvRsc7gVCr3wUmKmJGYw+E0QoEg="},"lastRemoteEphemeralKey":"BW1FSiDhR5/6/50e3JDtiTTDFUztw5Hv0Az9S98WLj9A","previousCounter":0,"rootKey":"jjFof26T7TMqFrnTGiY3zPVrjKGeLp0nQUWLeh0ZYe0="},"indexInfo":{"baseKey":"BfWC8ga8San0sJggQtw9PCjSu7P5hHj5CwQU/xP5vyRi","baseKeyType":1,"closed":-1,"used":1689261768980,"created":1689261768980,"remoteIdentityKey":"BV1brWJ8d/gNGO8OqgYqq39rzvfZkMdAHEhI+1oRTjY7"},"_chains":{"Ba5n6GuTzhwxC5DFIyPAeTzEp5SheVtlUbWUW7fuvKk4":{"chainKey":{"counter":0,"key":"OudEwDT93FsDetf4GB5J+UwzlQD2rxAHxgNg76e36PI="},"chainType":1,"messageKeys":{}}},"pendingPreKey":{"signedKeyId":0,"baseKey":"BfWC8ga8San0sJggQtw9PCjSu7P5hHj5CwQU/xP5vyRi"}}},"version":"v1"}