{"_sessions":{"BYfDY3b6N180cOgqqocniWgA84vQFgFjBX7TfIYqRwMI":{"registrationId":1480167237,"currentRatchet":{"ephemeralKeyPair":{"pubKey":"BRx4AwTWhsoSfFQPq7Oy7APuP681Ngs8lNIP8D1mpIgh","privKey":"aI+7BPd6+sTt5sAI1McrtM8FabjFLsYPAKNcD2ajTUE="},"lastRemoteEphemeralKey":"BZBVBWCVO9wbh4S1aFpTRqo5sJNjIUTB4/iEHzU/rJgQ","previousCounter":0,"rootKey":"FIkYzEHi6gEFt2CO3/eYq1sasGJ6CkK0hOhngO7dOqQ="},"indexInfo":{"baseKey":"BYfDY3b6N180cOgqqocniWgA84vQFgFjBX7TfIYqRwMI","baseKeyType":1,"closed":-1,"used":1689261926053,"created":1689261926053,"remoteIdentityKey":"BfIl1E0oKaZUYrwEp92FGtBZYZoEQSgrv3R+P+JRossH"},"_chains":{"BRx4AwTWhsoSfFQPq7Oy7APuP681Ngs8lNIP8D1mpIgh":{"chainKey":{"counter":1,"key":"OsqLO9/m/4DAD28erl8VeHaAnUyS75k2F3Z1PPlrtDY="},"chainType":1,"messageKeys":{}}},"pendingPreKey":{"signedKeyId":0,"baseKey":"BYfDY3b6N180cOgqqocniWgA84vQFgFjBX7TfIYqRwMI","preKeyId":1598052}}},"version":"v1"}