{"_sessions":{"BZ6Lq8FPQWRpfOx10Ez/HBYQ+SZ7Q8oXPcvyIIRoxMxu":{"registrationId":104,"currentRatchet":{"ephemeralKeyPair":{"pubKey":"Bc9EiSwdaV0WCaHM4iqjSELOtAvoW9FvSLcHl6X0+GIR","privKey":"cHBkwyUxJqRTrMGU+CvgSO2OnieX3wWEk156xlIkMlc="},"lastRemoteEphemeralKey":"Bfz4COkBMAJ724WUaztVGJmWhlcynn1iP3IaEoiIaDpw","previousCounter":0,"rootKey":"0m/fu6OetTCQ/8/SEESIUsRRxZpONBz99C2myMVPcI4="},"indexInfo":{"baseKey":"BZ6Lq8FPQWRpfOx10Ez/HBYQ+SZ7Q8oXPcvyIIRoxMxu","baseKeyType":1,"closed":-1,"used":1689261766657,"created":1689261766657,"remoteIdentityKey":"BQ48USQcVFYTa/+yViF52MRiV+5zmWSHry/0mekoo/8r"},"_chains":{"Bc9EiSwdaV0WCaHM4iqjSELOtAvoW9FvSLcHl6X0+GIR":{"chainKey":{"counter":0,"key":"cMI1CE/c1/dOCqXur6fAk/Kx88Myj/WWymk3QeEgMCU="},"chainType":1,"messageKeys":{}}},"pendingPreKey":{"signedKeyId":1,"baseKey":"BZ6Lq8FPQWRpfOx10Ez/HBYQ+SZ7Q8oXPcvyIIRoxMxu"}}},"version":"v1"}