{"_sessions":{"BcY12RdyH8TgthWd7hKtORK0tCffMdALiJSs9XzaHDwp":{"registrationId":414521214,"currentRatchet":{"ephemeralKeyPair":{"pubKey":"BWHDXQBVdq+5oAWxQ09dE0c+OK1vDUZh77tWmxs32zp6","privKey":"CMB2eFn1WtftZitk/NhntN4Puu43piWLXyQjTj05/EQ="},"lastRemoteEphemeralKey":"BfN4e0qPVlIkEJ0cFJy2O/V5kQuE4ga62Y9F6aFhi9Ze","previousCounter":0,"rootKey":"ilXVHla1bs0RKD5ris9n5k0OewM2XDCYiGkNGY1pzGw="},"indexInfo":{"baseKey":"BcY12RdyH8TgthWd7hKtORK0tCffMdALiJSs9XzaHDwp","baseKeyType":1,"closed":-1,"used":1689261767471,"created":1689261767471,"remoteIdentityKey":"BWntTJHZTf6M8uj5XAq0sqTvZ/E345XuYnAjz4B5rPJb"},"_chains":{"BWHDXQBVdq+5oAWxQ09dE0c+OK1vDUZh77tWmxs32zp6":{"chainKey":{"counter":0,"key":"Up+UrZxq7RirLU8dAmYhA5t1JXNI/WYzXvpGkllpwLE="},"chainType":1,"messageKeys":{}}},"pendingPreKey":{"signedKeyId":0,"baseKey":"BcY12RdyH8TgthWd7hKtORK0tCffMdALiJSs9XzaHDwp"}}},"version":"v1"}