{"_sessions":{"BUF+hK8l4mBqnMGge9/5hd8AAZL316ijf+srfvM8+I0L":{"registrationId":1591486547,"currentRatchet":{"ephemeralKeyPair":{"pubKey":"BadHu89PXQFfEO5SUeflFKGgs5jdAXzxzDKsYur2o7sk","privKey":"KGpjLin2Fm4xlURPDDb3bNzMZOVFcShNEhLjr/HklkQ="},"lastRemoteEphemeralKey":"BY6OaLY9N1dgYryH/EU6XiigINjtlLnTwI1Un985K39V","previousCounter":0,"rootKey":"o+CwmR/WiAJU46VHloZ+iybGqW9Z7fI0nam/rCWwK6c="},"indexInfo":{"baseKey":"BUF+hK8l4mBqnMGge9/5hd8AAZL316ijf+srfvM8+I0L","baseKeyType":1,"closed":-1,"used":1689261926178,"created":1689261926178,"remoteIdentityKey":"BWurP95UJ+Vx3HV+cI9P/V3So3nHapooguzobIklTV5F"},"_chains":{"BadHu89PXQFfEO5SUeflFKGgs5jdAXzxzDKsYur2o7sk":{"chainKey":{"counter":1,"key":"KIz16/QkgEIr+lo/IE1/BKZEsTF1cEuXeMwFitA/75s="},"chainType":1,"messageKeys":{}}},"pendingPreKey":{"signedKeyId":0,"baseKey":"BUF+hK8l4mBqnMGge9/5hd8AAZL316ijf+srfvM8+I0L","preKeyId":4077361}}},"version":"v1"}