{"_sessions":{"BekbIbQUmypyL4Oc/mlaoq+Uy64Y27g1biXXcQTDerQL":{"registrationId":192,"currentRatchet":{"ephemeralKeyPair":{"pubKey":"BV+KMzqxqCDxQ/HSlo7625aeBCAcYPqXPVA7nxNTem4f","privKey":"EKhf11BWNxhxpR4KNmg6lG5BtD9YclEO9urq3v20wWw="},"lastRemoteEphemeralKey":"BczHr2SzgbDCZBW8A1TjJnCpyQBJktAnozoBx99/7PVj","previousCounter":0,"rootKey":"FWk2vC1+UltYvF0HvmVUer5EYyvtbh9PlomxUwNsFjo="},"indexInfo":{"baseKey":"BekbIbQUmypyL4Oc/mlaoq+Uy64Y27g1biXXcQTDerQL","baseKeyType":1,"closed":-1,"used":1689261766081,"created":1689261766081,"remoteIdentityKey":"BUaJk6b1qMG2zBVX4aavjGn0L2s8aNDG4YQTo7zN4dwW"},"_chains":{"BV+KMzqxqCDxQ/HSlo7625aeBCAcYPqXPVA7nxNTem4f":{"chainKey":{"counter":0,"key":"Lphle0veYpu6aj1PDI6Bt3M48pChLCGtOYiDZPm6yZQ="},"chainType":1,"messageKeys":{}}},"pendingPreKey":{"signedKeyId":1,"baseKey":"BekbIbQUmypyL4Oc/mlaoq+Uy64Y27g1biXXcQTDerQL"}}},"version":"v1"}