{"_sessions":{"BZZN/DIGomjcdQbVRS4sURFc5ZTmYvLYVvz7gTJOEiR2":{"registrationId":533452515,"currentRatchet":{"ephemeralKeyPair":{"pubKey":"BaSi+/FclFZ0qUo98cjpRD+q/fRIcyhVkFiDwveTOZ4E","privKey":"0Cxtgb7OTSI7QQ7taVmmI/rz4U9R+uMzLPKCeCLJL2M="},"lastRemoteEphemeralKey":"BRUsUgB7AmFh+ia+4yu49dzXFBal3FNXEAwGBJ/1Orl4","previousCounter":0,"rootKey":"EF6XpLS7mgGeQiavQ+37/5lEJ3iGGgPe/FeRcHgvXEg="},"indexInfo":{"baseKey":"BZZN/DIGomjcdQbVRS4sURFc5ZTmYvLYVvz7gTJOEiR2","baseKeyType":1,"closed":-1,"used":1689261767081,"created":1689261767081,"remoteIdentityKey":"Bf6BcYOk5rLAje8pWkld9wkn6/05mHYuPcOo8zVSPAZi"},"_chains":{"BaSi+/FclFZ0qUo98cjpRD+q/fRIcyhVkFiDwveTOZ4E":{"chainKey":{"counter":0,"key":"UrcVImDnQX025MSHSLbFurQh56aQKZvVLDgCIU7Z1N4="},"chainType":1,"messageKeys":{}}},"pendingPreKey":{"signedKeyId":0,"baseKey":"BZZN/DIGomjcdQbVRS4sURFc5ZTmYvLYVvz7gTJOEiR2"}}},"version":"v1"}