{"_sessions":{"BRi9dSnjqzaLwkv541bXdB20EcOcbOdQyJnBTC7CB/p1":{"registrationId":520872179,"currentRatchet":{"ephemeralKeyPair":{"pubKey":"Bfg6SyOMJ62sUgdt02SDyQNoBrJECtv2cFO2jvKETF1c","privKey":"cDnQF6QdVdySnwFfT+1c5bthu6JgJH66Ymhv/58+3lU="},"lastRemoteEphemeralKey":"BSTtd4ElVf1x22qtiVozkV2uhFceGkRy8bud9zLh8iZ0","previousCounter":0,"rootKey":"cZrbvPoERE9HduWQtxEdzNkzQWx10tl9s9Efb0q0P/A="},"indexInfo":{"baseKey":"BRi9dSnjqzaLwkv541bXdB20EcOcbOdQyJnBTC7CB/p1","baseKeyType":1,"closed":-1,"used":1689261767488,"created":1689261767488,"remoteIdentityKey":"BRALm49b9iD4WFy7ZoeGn+LMZ0EVN91C+zlEb4BQj3tD"},"_chains":{"Bfg6SyOMJ62sUgdt02SDyQNoBrJECtv2cFO2jvKETF1c":{"chainKey":{"counter":2,"key":"apKh+vfZsi3Y1X6sYEOU1ecRb8mfA+s/l2a8buD/4qA="},"chainType":1,"messageKeys":{}}},"pendingPreKey":{"signedKeyId":3,"baseKey":"BRi9dSnjqzaLwkv541bXdB20EcOcbOdQyJnBTC7CB/p1","preKeyId":3364255}}},"version":"v1"}