{"_sessions":{"BVuyIzWT/fz1atHmkqwgHl4RbI418f+wWNOhYsI1ypU5":{"registrationId":1240291816,"currentRatchet":{"ephemeralKeyPair":{"pubKey":"Bca5jCrX2uCzE7jxRNiwJ3HxpngfrrA1/uVNLLF43nBG","privKey":"WCzTsam9F6wpcYniCVc39vhweOffvyrpcz8Z7OmUGVs="},"lastRemoteEphemeralKey":"BXs+Mns3QzC/MMqjJ1SHNzNQJN+SqMrSOpIgc+kY5EN2","previousCounter":0,"rootKey":"Afzqi3H5UvKPehmT9n1iQ2UZa2jK/zKDSAifBvkOBR8="},"indexInfo":{"baseKey":"BVuyIzWT/fz1atHmkqwgHl4RbI418f+wWNOhYsI1ypU5","baseKeyType":1,"closed":-1,"used":1689261767389,"created":1689261767389,"remoteIdentityKey":"BbfIug4m7kn8a/wr3jBuaa2SgXi89rBDXwArzKZrRrhO"},"_chains":{"Bca5jCrX2uCzE7jxRNiwJ3HxpngfrrA1/uVNLLF43nBG":{"chainKey":{"counter":0,"key":"QvKC6FkPN5T6MJYMfmgc5bS04pWWyY/5cyaSy2vhsbk="},"chainType":1,"messageKeys":{}}},"pendingPreKey":{"signedKeyId":1,"baseKey":"BVuyIzWT/fz1atHmkqwgHl4RbI418f+wWNOhYsI1ypU5","preKeyId":13728813}}},"version":"v1"}