{"_sessions":{"BZIFLUvpHs0C1GGD7vwp97QT2QKwNIA4EMMtrzjI56pf":{"registrationId":518688742,"currentRatchet":{"ephemeralKeyPair":{"pubKey":"BTux8no40ki+GaTgdR4472wy3300/hBqcD1ZH1AUm/h2","privKey":"OABmUf4nClv45guamjDEd+d+6OO3NHOc9yjXYIuzLXI="},"lastRemoteEphemeralKey":"BWGNGEHylzxJKqoebnsZIUN6DtYLvgJkXYDkbayl1eM+","previousCounter":0,"rootKey":"o0n06fn32bcnXOWIH7pqRJ8+k+dcqaXYOTrqHH5699s="},"indexInfo":{"baseKey":"BZIFLUvpHs0C1GGD7vwp97QT2QKwNIA4EMMtrzjI56pf","baseKeyType":1,"closed":-1,"used":1689261926278,"created":1689261926278,"remoteIdentityKey":"BSKUwAncgRFTJ7R2WnSEEosu6LhvovR9SJv91ArxM3R5"},"_chains":{"BTux8no40ki+GaTgdR4472wy3300/hBqcD1ZH1AUm/h2":{"chainKey":{"counter":1,"key":"maMMBxaAgv/kGqmyN7VAbUK8D7aNeqm09k4cPCxXGVg="},"chainType":1,"messageKeys":{}}},"pendingPreKey":{"signedKeyId":4,"baseKey":"BZIFLUvpHs0C1GGD7vwp97QT2QKwNIA4EMMtrzjI56pf","preKeyId":15524249}}},"version":"v1"}