{"_sessions":{"BZ1VajSkzg5jV9wZL7CGwjTcnseysZqc361uko0ZFTA7":{"registrationId":95973660,"currentRatchet":{"ephemeralKeyPair":{"pubKey":"BaN9X3ec1tCL23w2JBIBSOQGhPR9H8msvkiC28ChUVka","privKey":"gL2WW1/z1fXnCJDSGsqtz1kwedH2w8UyR5S2mHnNkEQ="},"lastRemoteEphemeralKey":"BWr7k99QtTex0nyAFtn2x5Wpe5faUJ9JcO6h4tbiyqkv","previousCounter":0,"rootKey":"oEwEKamQLisuNf83/Y9aEjdMozMHuEo8WwMDvst4Orc="},"indexInfo":{"baseKey":"BZ1VajSkzg5jV9wZL7CGwjTcnseysZqc361uko0ZFTA7","baseKeyType":1,"closed":-1,"used":1689261768564,"created":1689261768564,"remoteIdentityKey":"BcBr/tMGm2yntY2bIrnYrqdlnVgbTISn/qJJ0hv0hGAQ"},"_chains":{"BaN9X3ec1tCL23w2JBIBSOQGhPR9H8msvkiC28ChUVka":{"chainKey":{"counter":0,"key":"fqZcDYPqvxos9KdhC4PfhiK8/nKbZHtxIucfhhKYrls="},"chainType":1,"messageKeys":{}}},"pendingPreKey":{"signedKeyId":1,"baseKey":"BZ1VajSkzg5jV9wZL7CGwjTcnseysZqc361uko0ZFTA7","preKeyId":6458598}}},"version":"v1"}