{"_sessions":{"BS1e1NEmESpJeHAUeFLY4FG/I9Mvd10FW5sLQwqy6ote":{"registrationId":1471842854,"currentRatchet":{"ephemeralKeyPair":{"pubKey":"BWHAxh8NT/NMcj5qMCgXUg8ejtz21JupLehPL2hy57Mn","privKey":"kDRql7V8qz8ABMsC8a1c8L5TnT8+p8Wdp0x/AZUQolg="},"lastRemoteEphemeralKey":"BdR6jd11zlI2ECGF8AC6XtkR8Mt/+lmLvVaTKQZ0ha9n","previousCounter":0,"rootKey":"s+zstzFjEo4yL8+iODsy6753WhaYjtgOeYBgHqrHTV4="},"indexInfo":{"baseKey":"BS1e1NEmESpJeHAUeFLY4FG/I9Mvd10FW5sLQwqy6ote","baseKeyType":1,"closed":-1,"used":1689261767292,"created":1689261767292,"remoteIdentityKey":"BSFnzzWjrpRNUVpeTY0zhZOtomtE9KDM32/eXOEWS2Nr"},"_chains":{"BWHAxh8NT/NMcj5qMCgXUg8ejtz21JupLehPL2hy57Mn":{"chainKey":{"counter":0,"key":"q9uzIiT+OkJLqQ2ZPddBglREPDna79BLw11en6Y43hQ="},"chainType":1,"messageKeys":{}}},"pendingPreKey":{"signedKeyId":0,"baseKey":"BS1e1NEmESpJeHAUeFLY4FG/I9Mvd10FW5sLQwqy6ote"}}},"version":"v1"}