{"_sessions":{"BT9DAz575BdjXIOMLy/xQZWwhl5VSPxvt/WN8axrh6oR":{"registrationId":1878038252,"currentRatchet":{"ephemeralKeyPair":{"pubKey":"BZ5WQX7QF8jh/i1dfc896912eev5nkqkA4CRbn8izdBl","privKey":"eHGhoPtCSW4VvPDCustwr4gTTBcz4VIT+Q0FOsjm030="},"lastRemoteEphemeralKey":"BQhkBoSAbMAruAgE8Z0so1q+vSVSQZBJjrj2sCzJRFkX","previousCounter":0,"rootKey":"6hs49UNEVtPMiD47RrlDaxML7eoH85sbpUMBjKF6qqs="},"indexInfo":{"baseKey":"BT9DAz575BdjXIOMLy/xQZWwhl5VSPxvt/WN8axrh6oR","baseKeyType":1,"closed":-1,"used":1689261768896,"created":1689261768896,"remoteIdentityKey":"Bco/IuGVc2SwPn+jGWnq+TqVyEWZ2UEuGDAUvbpRlSAP"},"_chains":{"BZ5WQX7QF8jh/i1dfc896912eev5nkqkA4CRbn8izdBl":{"chainKey":{"counter":0,"key":"DOOiAavJR+vwmPZ8dqY5t1wFtfgSHu8hIvYIvJcDb+o="},"chainType":1,"messageKeys":{}}},"pendingPreKey":{"signedKeyId":1,"baseKey":"BT9DAz575BdjXIOMLy/xQZWwhl5VSPxvt/WN8axrh6oR","preKeyId":189458}}},"version":"v1"}