{"_sessions":{"BUlcWuGRc02HqrM6SHA7SXfFCGKf6Pg4HbQgevLBvWkP":{"registrationId":1410291200,"currentRatchet":{"ephemeralKeyPair":{"pubKey":"BdK3miZ6mX/3B64sdw5Wf6OiwJYDkEmHo10m12RUDMQy","privKey":"wI1LxPdyh6qTUI7t21rCO9parCW+QkeeUKIDt1t031o="},"lastRemoteEphemeralKey":"BRjNiOO3gNM2b0z7c4fN4XgToy0eOFi3sr3yDQMFOA0f","previousCounter":0,"rootKey":"csw4zu+Gz1EpNu7Hs/EjS9ZXLt3uYZw3THDBAuC8p4o="},"indexInfo":{"baseKey":"BUlcWuGRc02HqrM6SHA7SXfFCGKf6Pg4HbQgevLBvWkP","baseKeyType":1,"closed":-1,"used":1689261768463,"created":1689261768463,"remoteIdentityKey":"Bbi+mdBkyD3LPEgjQLUt41O8sV4XMKDG0YFh+K7aoBY5"},"_chains":{"BdK3miZ6mX/3B64sdw5Wf6OiwJYDkEmHo10m12RUDMQy":{"chainKey":{"counter":0,"key":"nCTUDsvnNj1K64hs2Zpn0L4XBMQrUkprR/mWeANDIKI="},"chainType":1,"messageKeys":{}}},"pendingPreKey":{"signedKeyId":6,"baseKey":"BUlcWuGRc02HqrM6SHA7SXfFCGKf6Pg4HbQgevLBvWkP"}}},"version":"v1"}