{"_sessions":{"BYRPW9YEbQ/tSdSyXGcN4pkvnwV3DzJXSZb6JpQQJ4xY":{"registrationId":734979192,"currentRatchet":{"ephemeralKeyPair":{"pubKey":"BQoR01wBhnXCdEPRejEWXJUXWzClYw8EG2u0vnTdA/8t","privKey":"aOkIIh4yl4o4HFlPTb717TwNwFrX8a4bMo9EOk/U7mk="},"lastRemoteEphemeralKey":"BWSkwwFPE/vNKfHJYGQRjBzc196E9IWCDjn2Wm2FmEEz","previousCounter":0,"rootKey":"TSFw7xg8JipmzwDC2rWGeyACRicjSOK++QDU1ulyXBs="},"indexInfo":{"baseKey":"BYRPW9YEbQ/tSdSyXGcN4pkvnwV3DzJXSZb6JpQQJ4xY","baseKeyType":1,"closed":-1,"used":1689261768081,"created":1689261768081,"remoteIdentityKey":"BV8XUTxSaw+pOAAFri6cbu8zp1+itWOsjWnQ2lKuFfAK"},"_chains":{"BQoR01wBhnXCdEPRejEWXJUXWzClYw8EG2u0vnTdA/8t":{"chainKey":{"counter":0,"key":"OXPvZx5ceEVAGDrFIvLyhG3ZBuOr5Nj4N/KOH6xaYuE="},"chainType":1,"messageKeys":{}}},"pendingPreKey":{"signedKeyId":1,"baseKey":"BYRPW9YEbQ/tSdSyXGcN4pkvnwV3DzJXSZb6JpQQJ4xY","preKeyId":9675108}}},"version":"v1"}