{"_sessions":{"BceVFc9nsQlXXCd/zwZ4q7LErOSGwOqX6jrnGxTlY50Z":{"registrationId":176,"currentRatchet":{"ephemeralKeyPair":{"pubKey":"BYZ2GphOs9dCI+Vy/B+CoYge3vZ7lecyDzHibibDwL1S","privKey":"qMaMrf3MQyeLTbqLSqv6GfIfrxfzx7ZcnDUgI4zhXXY="},"lastRemoteEphemeralKey":"BcqAevWZ3TPSiVLybAIdAQ8hsN8KsoyznmQaRvJbJUxM","previousCounter":0,"rootKey":"4U6YcwjYcl+OBmU8gWTGJj5VM+6/8L+KK6B4AEHmgNQ="},"indexInfo":{"baseKey":"BceVFc9nsQlXXCd/zwZ4q7LErOSGwOqX6jrnGxTlY50Z","baseKeyType":2,"closed":-1,"used":1689261702404,"created":1689261702404,"remoteIdentityKey":"BTNggPK443TiSJjG7URJTpO6oupMuWJbHwMRqQzmwRxi"},"_chains":{"BcqAevWZ3TPSiVLybAIdAQ8hsN8KsoyznmQaRvJbJUxM":{"chainKey":{"counter":2,"key":"fvZ9aoAetLpBOFUADEQOYyAcBWtb0mjY4mr+77dYvsI="},"chainType":2,"messageKeys":{}},"BYZ2GphOs9dCI+Vy/B+CoYge3vZ7lecyDzHibibDwL1S":{"chainKey":{"counter":1,"key":"1LU8h+nAIpCQO04QzdmPHEIbBv7sb8Fh6fU048/A45E="},"chainType":1,"messageKeys":{}}}}},"version":"v1"}