{"_sessions":{"BQ4U2oxSDkUX7bhgM51O7NNOqKkKXh6FAcA2CJrtkbU7":{"registrationId":60,"currentRatchet":{"ephemeralKeyPair":{"pubKey":"BVUq+MWviH2dbXnwZwMvHD8Z5bbWDjEx9cyiUEXYO3B+","privKey":"aLNh5/8NR/oWkwUTho30VTpZopsYuX28EeymvHwuh0Q="},"lastRemoteEphemeralKey":"BcZLBW6fwjQRCrQ5glwAVoXgzwFC1rVazauLysnMOpJF","previousCounter":0,"rootKey":"a7IjVzgrxKgaltPxMQBnbuDCILtWbE/aXyRjtXBy/4o="},"indexInfo":{"baseKey":"BQ4U2oxSDkUX7bhgM51O7NNOqKkKXh6FAcA2CJrtkbU7","baseKeyType":1,"closed":-1,"used":1689261766753,"created":1689261766753,"remoteIdentityKey":"BWXNriZIyYC73f8Z4jcOIqRIaJjXPXgNTC5dizsp2kJK"},"_chains":{"BVUq+MWviH2dbXnwZwMvHD8Z5bbWDjEx9cyiUEXYO3B+":{"chainKey":{"counter":0,"key":"tNmDoCVtMZ1sg2b4olm1KPdy1E5FYvIlan9DZB2VK5o="},"chainType":1,"messageKeys":{}}},"pendingPreKey":{"signedKeyId":1,"baseKey":"BQ4U2oxSDkUX7bhgM51O7NNOqKkKXh6FAcA2CJrtkbU7","preKeyId":259}}},"version":"v1"}