{"_sessions":{"BVR5pJ2XhA3OvOldE/wxtWccetMUiBkc9hGQJt1/WDUx":{"registrationId":817880602,"currentRatchet":{"ephemeralKeyPair":{"pubKey":"BemZ7P4m7ExNYDVDeWeMePm0keiGFp/faHlfrlDt904G","privKey":"UFhcbqVWElLCJTe7DNkZ6GjG5yP7i1miDzGxYB/2BlQ="},"lastRemoteEphemeralKey":"Bf5UgbKYNxp57fSDNG9rbUkGA0y8RjFjpaY8Ahf0jsJR","previousCounter":0,"rootKey":"i4ztGy9dIJkXcPuIBuMEoxAHiXofysji/qAmqSFWZgA="},"indexInfo":{"baseKey":"BVR5pJ2XhA3OvOldE/wxtWccetMUiBkc9hGQJt1/WDUx","baseKeyType":1,"closed":-1,"used":1689261767399,"created":1689261767399,"remoteIdentityKey":"BTSpd35LjKIJZZH0ghM0TzNI2jbnPLfNQawAoOpRReYu"},"_chains":{"BemZ7P4m7ExNYDVDeWeMePm0keiGFp/faHlfrlDt904G":{"chainKey":{"counter":0,"key":"P8u+i0vAyy/OpM0DMJM1DwYUENU8znbLemCLFm9Xnns="},"chainType":1,"messageKeys":{}}},"pendingPreKey":{"signedKeyId":1,"baseKey":"BVR5pJ2XhA3OvOldE/wxtWccetMUiBkc9hGQJt1/WDUx","preKeyId":16276728}}},"version":"v1"}