{"_sessions":{"BWZsvOalGQyEfvk3B7j5x1qAdCVCXeAgpBUkTyOWbRVo":{"registrationId":1211845873,"currentRatchet":{"ephemeralKeyPair":{"pubKey":"BflELo8l/FmvIaEhTRTNmDUrLcL5j9jZ0vVEXc0HYzoQ","privKey":"WH+XLPyzs7JxuAw73K7HddnzEQswILRrmzihWEWuHng="},"lastRemoteEphemeralKey":"BTM047qPKl0bIgS7iie81XkOZ854o1xRrEgkaX8g50Qu","previousCounter":0,"rootKey":"cyzC6yrwfHjnsoyNISWZxVmPJn+tX/f1YKXtopXXdJ4="},"indexInfo":{"baseKey":"BWZsvOalGQyEfvk3B7j5x1qAdCVCXeAgpBUkTyOWbRVo","baseKeyType":1,"closed":-1,"used":1689261925616,"created":1689261925616,"remoteIdentityKey":"BfahkzPbQPfYuBit1AqoSXgxcShCMMN7mToDZpXR3dov"},"_chains":{"BflELo8l/FmvIaEhTRTNmDUrLcL5j9jZ0vVEXc0HYzoQ":{"chainKey":{"counter":1,"key":"jhKldIB6Sg8ocMGDRQGitMm3HZ0FBO4vwRkpGzgmJOI="},"chainType":1,"messageKeys":{}}},"pendingPreKey":{"signedKeyId":1,"baseKey":"BWZsvOalGQyEfvk3B7j5x1qAdCVCXeAgpBUkTyOWbRVo","preKeyId":13022183}}},"version":"v1"}