{"_sessions":{"BeVbmKWxqQWs7N95h2/lyM2phFMZUwp7ftuK1D5zS/AS":{"registrationId":296842861,"currentRatchet":{"ephemeralKeyPair":{"pubKey":"BUeHZkz5KB3+/uezdk7AH7jhjqhip2gH4gYIeJAbGVsB","privKey":"WNCRSPmoXvkFxSnVncmdr+HL+A18Oh6cv6zeWu2iqXI="},"lastRemoteEphemeralKey":"BSRmmcs719JwjpPnZ7EcQybNKapgGZ7/BezA5g1i9I9J","previousCounter":0,"rootKey":"zhWbfmcACQZZOwZOA/wSqLwfIRRbwi5/smjDE1KoVS8="},"indexInfo":{"baseKey":"BeVbmKWxqQWs7N95h2/lyM2phFMZUwp7ftuK1D5zS/AS","baseKeyType":1,"closed":-1,"used":1689261767679,"created":1689261767679,"remoteIdentityKey":"BUnFwlJUKEFFL3DaKj+wpvepctr4kad20nNdj5PIh1kB"},"_chains":{"BUeHZkz5KB3+/uezdk7AH7jhjqhip2gH4gYIeJAbGVsB":{"chainKey":{"counter":0,"key":"cRJKLukJ/58e6wNbtD0GxEnCOBnGz26zi7OBcoHfyyo="},"chainType":1,"messageKeys":{}}},"pendingPreKey":{"signedKeyId":0,"baseKey":"BeVbmKWxqQWs7N95h2/lyM2phFMZUwp7ftuK1D5zS/AS","preKeyId":897455}}},"version":"v1"}