{"_sessions":{"BTWTX9FTPuI9gGIo92NmsVC1uGqR5u/PayjZhAo6b/M0":{"registrationId":291441796,"currentRatchet":{"ephemeralKeyPair":{"pubKey":"Bd9VbKKwnSyCqB4wOV/R6I08fcpzEB9vc49EjcXIF/dv","privKey":"yEJQ643kclyajAfmsogN9lRBOI+viUoqW7SHyL2ueE8="},"lastRemoteEphemeralKey":"BWAfk/o+URmFlmicFg9y3g7HAweqQgbtJF+zTfURED8s","previousCounter":0,"rootKey":"q6IPRpV5+P7Bz90zBlFm9FFO2hQbxmIblms6QPPhX2Y="},"indexInfo":{"baseKey":"BTWTX9FTPuI9gGIo92NmsVC1uGqR5u/PayjZhAo6b/M0","baseKeyType":1,"closed":-1,"used":1689261925699,"created":1689261925699,"remoteIdentityKey":"BYKqJoXsTF7PRwQcP6fzAwIxoH1Q6hPHMB8R54iFI0UX"},"_chains":{"Bd9VbKKwnSyCqB4wOV/R6I08fcpzEB9vc49EjcXIF/dv":{"chainKey":{"counter":1,"key":"CLIU+pnECdcXYg66M1zBf6i1rRXBL64QbgQYp4G/Nyk="},"chainType":1,"messageKeys":{}}},"pendingPreKey":{"signedKeyId":15,"baseKey":"BTWTX9FTPuI9gGIo92NmsVC1uGqR5u/PayjZhAo6b/M0","preKeyId":11443494}}},"version":"v1"}