{"_sessions":{"BZUGBY+ph9q4uQE6NmkWtFhpoz//4a+VfhGAnBRRobUa":{"registrationId":414381945,"currentRatchet":{"ephemeralKeyPair":{"pubKey":"BaTFuiVpqSTM58hTJi8XssY9tQ9A1BEUmNpzz3hdLxxP","privKey":"sJfp6O0pFH0Y0DFzgT9WJv59blP516N+SSWsPjqHx1E="},"lastRemoteEphemeralKey":"BWfAhwPXjTz+Yu4sTleMQ8/yoAjvnCCbZ7GMw/jVwKJ9","previousCounter":0,"rootKey":"wtPj4JDPlgbAqlCwbuVR99vVN85pnpoxujN7H+TvvC8="},"indexInfo":{"baseKey":"BZUGBY+ph9q4uQE6NmkWtFhpoz//4a+VfhGAnBRRobUa","baseKeyType":1,"closed":-1,"used":1689261767384,"created":1689261767384,"remoteIdentityKey":"BbDQB8aVtKshqibHQtKXUt09ewoqi/hraGJnSuI+Oc5l"},"_chains":{"BaTFuiVpqSTM58hTJi8XssY9tQ9A1BEUmNpzz3hdLxxP":{"chainKey":{"counter":0,"key":"Cu+4zu4yEJFe7PxWGutRVKFNIOUgm2Z2uLJeFzpcKWA="},"chainType":1,"messageKeys":{}}},"pendingPreKey":{"signedKeyId":2,"baseKey":"BZUGBY+ph9q4uQE6NmkWtFhpoz//4a+VfhGAnBRRobUa"}}},"version":"v1"}