{"_sessions":{"BeY49foJCeJXyzPmqtzuc7z/YqWqZ4DiiNIh/KKMX3Rd":{"registrationId":1119301995,"currentRatchet":{"ephemeralKeyPair":{"pubKey":"BYFnnasIwlew4MSXO8f41iBXPipWF5lr+5GEjmjf5V9r","privKey":"aLJzkOhbzzbYxmAFNSrv1lpAYZzmBK8Zb7TWnHJ+C18="},"lastRemoteEphemeralKey":"BcH/UNzWdr0uwJF+b/tmnqG1n/Ttz5dRCu8/G8BSCix9","previousCounter":0,"rootKey":"7r8VrvjOikQQdMKPg3pmfwru31pRqBMyfg6eB9XMe9s="},"indexInfo":{"baseKey":"BeY49foJCeJXyzPmqtzuc7z/YqWqZ4DiiNIh/KKMX3Rd","baseKeyType":1,"closed":-1,"used":1689261768893,"created":1689261768893,"remoteIdentityKey":"BdtPocgb2vq+zCjyppdoIdNV9weN+aK0dW2Vry6xxTEK"},"_chains":{"BYFnnasIwlew4MSXO8f41iBXPipWF5lr+5GEjmjf5V9r":{"chainKey":{"counter":0,"key":"VqVvDs2D5S0BwnZgAWASwxpz4OBcD0cqidd+SD1NK3A="},"chainType":1,"messageKeys":{}}},"pendingPreKey":{"signedKeyId":0,"baseKey":"BeY49foJCeJXyzPmqtzuc7z/YqWqZ4DiiNIh/KKMX3Rd","preKeyId":12827717}}},"version":"v1"}