{"_sessions":{"BRYX8j6ObviFnEEgED+DVJEl8vTXvHGYQ5VqTIfhFW9L":{"registrationId":1847937946,"currentRatchet":{"ephemeralKeyPair":{"pubKey":"BU/ixAuvrxj3rJ+RuObJS1qPtCYbATkhTyb5lm8h6axG","privKey":"eE1d9XBMEa6UxRXvt3Yda22asTpdT4lL/JfzFR6kBXg="},"lastRemoteEphemeralKey":"BQtx05rxQWnCmvtuarBLyTKIlO0wXmNxuUsqmC8wU0ct","previousCounter":0,"rootKey":"2NGqlmbI9RH0c424VTwu1LHasyNtCw+CSr8akKIXOFQ="},"indexInfo":{"baseKey":"BRYX8j6ObviFnEEgED+DVJEl8vTXvHGYQ5VqTIfhFW9L","baseKeyType":1,"closed":-1,"used":1689261767562,"created":1689261767562,"remoteIdentityKey":"Ba+u6IsJqTgYdk7SuXznbYHpeGuJKscNTPljWoKlvLIP"},"_chains":{"BU/ixAuvrxj3rJ+RuObJS1qPtCYbATkhTyb5lm8h6axG":{"chainKey":{"counter":0,"key":"BuXjIwZqObpL+RxRhmamcqjG7suWWCTg8tc/Ujg+PpM="},"chainType":1,"messageKeys":{}}},"pendingPreKey":{"signedKeyId":7,"baseKey":"BRYX8j6ObviFnEEgED+DVJEl8vTXvHGYQ5VqTIfhFW9L","preKeyId":10399217}}},"version":"v1"}