{"_sessions":{"BbGnLF0oZkBI6SLItEfITSFUz8YNdHVUSMVgcG/PX10j":{"registrationId":1422192683,"currentRatchet":{"ephemeralKeyPair":{"pubKey":"BeachyYYrZ3qokNmWDkUWQo7xbbiw+0Bx6muruqrRaZC","privKey":"kBTDuFINpCQgKaC1jPTyFnVY05ffA9beAeF0mE/zPXA="},"lastRemoteEphemeralKey":"Baq8wBBTrOAqpsqwj66hZTv+rUEhdwheFTbUQ/v5H44G","previousCounter":0,"rootKey":"prHGGwrTJ/HPEyb4XrQzYFKz1wx56O0GIa1hyGLsdFk="},"indexInfo":{"baseKey":"BbGnLF0oZkBI6SLItEfITSFUz8YNdHVUSMVgcG/PX10j","baseKeyType":1,"closed":-1,"used":1689261767771,"created":1689261767771,"remoteIdentityKey":"BTppmvjwCMyrWvWX+f/Uw/HABq9MbwvVS/aQON3Hf9wC"},"_chains":{"BeachyYYrZ3qokNmWDkUWQo7xbbiw+0Bx6muruqrRaZC":{"chainKey":{"counter":0,"key":"ZpMj+DNeykRkzXA1V1/0hxFP1lwaDpxqhRbml5XZQIc="},"chainType":1,"messageKeys":{}}},"pendingPreKey":{"signedKeyId":0,"baseKey":"BbGnLF0oZkBI6SLItEfITSFUz8YNdHVUSMVgcG/PX10j","preKeyId":147783}}},"version":"v1"}