{"_sessions":{"BeF2ByKU7a009tEkYfzRB0I1u6qzNOilAxLiykN3KchE":{"registrationId":1555010286,"currentRatchet":{"ephemeralKeyPair":{"pubKey":"BWcEkZFyaX0TjvgjdDydM3CImIYq6omTZ8CELL1bY7Nv","privKey":"cA8k/WJRw1Xkhl7LpkLG/xmrRIlqled21UsI+iJX+mg="},"lastRemoteEphemeralKey":"BSEp5hGh1Fmql3VM69P1KnzznOLKPhZHJVa9/emvAuND","previousCounter":0,"rootKey":"/vAcwXgjAi6biDpW8DFqGntdVVgEkkSg+j2CIFzcExk="},"indexInfo":{"baseKey":"BeF2ByKU7a009tEkYfzRB0I1u6qzNOilAxLiykN3KchE","baseKeyType":1,"closed":-1,"used":1689261767552,"created":1689261767552,"remoteIdentityKey":"Be7uLurgYj9H/BIOzaHY8TRzHupDSgRmlYZCwaTz6g1E"},"_chains":{"BWcEkZFyaX0TjvgjdDydM3CImIYq6omTZ8CELL1bY7Nv":{"chainKey":{"counter":0,"key":"2tJPc8E+0CqNnHNKmkTZQHPHs/CajWAswgGbzwPzVt4="},"chainType":1,"messageKeys":{}}},"pendingPreKey":{"signedKeyId":8,"baseKey":"BeF2ByKU7a009tEkYfzRB0I1u6qzNOilAxLiykN3KchE","preKeyId":9795102}}},"version":"v1"}