{"_sessions":{"BQyLU1ouWw4ZH2PANWJj5WPLfCXx3shHilr0lKkiEVgj":{"registrationId":2122897824,"currentRatchet":{"ephemeralKeyPair":{"pubKey":"BconFDPH7sefeT0p50r2cumOzXwHlISRdGohyvoMSgNa","privKey":"+JwF5LM4Z5sUsM0g6+dOh8U5sntDFslL8Lse/7WP+nA="},"lastRemoteEphemeralKey":"BUxzvSyTZ/NUx/8KCrzD/NKfoL8lZRakzAMhXurV2VBb","previousCounter":0,"rootKey":"u/g5u6xhZ9LcwFTIQAFkAheZE4PlmQLZE34fcgBJD1s="},"indexInfo":{"baseKey":"BQyLU1ouWw4ZH2PANWJj5WPLfCXx3shHilr0lKkiEVgj","baseKeyType":1,"closed":-1,"used":1689261925715,"created":1689261925715,"remoteIdentityKey":"BQjMMfXvKxy7AlzohQhDmxX0PXgaqKL5/FIwLiVfGlND"},"_chains":{"BconFDPH7sefeT0p50r2cumOzXwHlISRdGohyvoMSgNa":{"chainKey":{"counter":1,"key":"VLYXkPhe0OQFkyBB2RCUfBS9U+X3D9qp0QbP87njiZE="},"chainType":1,"messageKeys":{}}},"pendingPreKey":{"signedKeyId":29,"baseKey":"BQyLU1ouWw4ZH2PANWJj5WPLfCXx3shHilr0lKkiEVgj","preKeyId":15749365}}},"version":"v1"}