{"_sessions":{"BXPygkaSBkJpqmEim7GCm7vGc0+YeYApc2veUHcP689T":{"registrationId":1982084699,"currentRatchet":{"ephemeralKeyPair":{"pubKey":"BQJpbswZ1X9bqYSf0iHnzLRVigzRITsEY4q9/CxA/TQJ","privKey":"6IJTDPDJ/Wni4gLjGfwBastg1Vbx5OYTpVP9mrBF0HI="},"lastRemoteEphemeralKey":"BfD/fx6hWa7xq0HfUaZTUkQsLHSchg4PUIGuj1P69m1S","previousCounter":0,"rootKey":"GqoRE/UNTi7PYQpnLIwe0oUwltDZgj4iD5Ol6Nd2JQI="},"indexInfo":{"baseKey":"BXPygkaSBkJpqmEim7GCm7vGc0+YeYApc2veUHcP689T","baseKeyType":1,"closed":-1,"used":1689261768179,"created":1689261768179,"remoteIdentityKey":"Be1jytehlYMfbeKiQFRj9ka1C1MQSS6DRSZPCkA0ZLtp"},"_chains":{"BQJpbswZ1X9bqYSf0iHnzLRVigzRITsEY4q9/CxA/TQJ":{"chainKey":{"counter":0,"key":"v0Zs/A6XRQgjEBaEFZRCTgQ1eGgxjLuYCdUnOrBhCTM="},"chainType":1,"messageKeys":{}}},"pendingPreKey":{"signedKeyId":2,"baseKey":"BXPygkaSBkJpqmEim7GCm7vGc0+YeYApc2veUHcP689T","preKeyId":5615562}}},"version":"v1"}