{"_sessions":{"Bf0h5PJ79G7qBdXp2VSKQMh1mS5JnF6ye3AXQuFaKjhm":{"registrationId":1399052602,"currentRatchet":{"ephemeralKeyPair":{"pubKey":"BYgUWzippLFP9z4Fi+y4ApI3wq114VFfWvKLUuPB33su","privKey":"yNdotSjCEI4rfSFhhAWSWHVf2j7vFV9bVoD01//YeXU="},"lastRemoteEphemeralKey":"BS04TdXfBvVsfImGjgRmvUxtQRN9w11phf1i+Pd1VZYp","previousCounter":0,"rootKey":"6f+Uu5clW4nUU8awTFaWbnNKFD/1G51I1X5gQKH24Xc="},"indexInfo":{"baseKey":"Bf0h5PJ79G7qBdXp2VSKQMh1mS5JnF6ye3AXQuFaKjhm","baseKeyType":1,"closed":-1,"used":1689261925813,"created":1689261925813,"remoteIdentityKey":"BV0KdHJrNCSeGhY9EHwXY3QVQii55h3t2Dsybn8XSjZS"},"_chains":{"BYgUWzippLFP9z4Fi+y4ApI3wq114VFfWvKLUuPB33su":{"chainKey":{"counter":1,"key":"+rZvuNg4MZIRbMPNfT1Fz+pM1LEMzsGvJBSyD43H3nI="},"chainType":1,"messageKeys":{}}},"pendingPreKey":{"signedKeyId":0,"baseKey":"Bf0h5PJ79G7qBdXp2VSKQMh1mS5JnF6ye3AXQuFaKjhm","preKeyId":14225726}}},"version":"v1"}