{"_sessions":{"BTenq1HMRWWAKhRpM+fci2RGhnSI8XmCApb1/aYErpFT":{"registrationId":1737373150,"currentRatchet":{"ephemeralKeyPair":{"pubKey":"BZ365V1C0FVTGTTLjunr/rZT3csInqjMbaU9ZQRMSbtA","privKey":"kIjholADOJBb+Vvmn+cxbaHpr/tcyR3Xj6Yu18dAU18="},"lastRemoteEphemeralKey":"BckuwGeeFaAMyNewQ4O0nMoMmARNDA0nBxpStpsTsqJF","previousCounter":0,"rootKey":"vdxzPNJCpO8W75q5JDHlOS+TGWE9min2iJUV9/FZAnA="},"indexInfo":{"baseKey":"BTenq1HMRWWAKhRpM+fci2RGhnSI8XmCApb1/aYErpFT","baseKeyType":1,"closed":-1,"used":1689261768089,"created":1689261768089,"remoteIdentityKey":"BcokB4MhFAgHEuoHLqqTO/eWmYoHEDoSeWmWSJFbLyV2"},"_chains":{"BZ365V1C0FVTGTTLjunr/rZT3csInqjMbaU9ZQRMSbtA":{"chainKey":{"counter":0,"key":"Ve/ffVV5lc1SuWdrVusRw4mMFzXcD2zHlbLLkrVOQA8="},"chainType":1,"messageKeys":{}}},"pendingPreKey":{"signedKeyId":6,"baseKey":"BTenq1HMRWWAKhRpM+fci2RGhnSI8XmCApb1/aYErpFT","preKeyId":14610686}}},"version":"v1"}