{"_sessions":{"BQ5YW9yjlbTowlWuJOyfinJh824uraGN0XAPPv6XaVgr":{"registrationId":565078987,"currentRatchet":{"ephemeralKeyPair":{"pubKey":"BeMCcLvoWFNzPFC7AqZYQ7/rRbYG72TiSzPPwAZiTpAE","privKey":"UDjzqjBWvp2GwV48LDA0rO7oDH/8qnTVYrz7L0dLZl4="},"lastRemoteEphemeralKey":"BcPuOXCwvTNknOG4QHNUfraReYWfyY8r4mTiEW1/iIQq","previousCounter":0,"rootKey":"eAq9oAF89p2bWH5e82obed58u3Z+VLIoIIg7NKZKyY8="},"indexInfo":{"baseKey":"BQ5YW9yjlbTowlWuJOyfinJh824uraGN0XAPPv6XaVgr","baseKeyType":1,"closed":-1,"used":1689261925817,"created":1689261925817,"remoteIdentityKey":"BQQKTJOYEQMS130Io/bX3lTOB5/oJBcHn/FQQX7eB70m"},"_chains":{"BeMCcLvoWFNzPFC7AqZYQ7/rRbYG72TiSzPPwAZiTpAE":{"chainKey":{"counter":1,"key":"en6uZuRDKUQEb1gU7zPEVI7nf1cIlVNgYlDa/m9YrTQ="},"chainType":1,"messageKeys":{}}},"pendingPreKey":{"signedKeyId":0,"baseKey":"BQ5YW9yjlbTowlWuJOyfinJh824uraGN0XAPPv6XaVgr","preKeyId":11141707}}},"version":"v1"}