{"_sessions":{"BYNIB/xjWLG1URCJzmf9nnELCIZl90tjHkTkhRBxWEcZ":{"registrationId":1470521443,"currentRatchet":{"ephemeralKeyPair":{"pubKey":"BUajb7OKrBpSkOgaVj3rwpLxmd4Gj1bAS5/NDiM/lr8H","privKey":"qAIIbpluCRqBsrK/ftl/KjZzMI7b5kOmwHOO/VaR9Fk="},"lastRemoteEphemeralKey":"BSRdC52TGCQak7tlytr+Ni6A+2CFL/YmsTaWZS25qUJ7","previousCounter":0,"rootKey":"pl8tfuFdlkbWtvvxkEYdxvmzbtaTvE43MsTIyx4b0xU="},"indexInfo":{"baseKey":"BYNIB/xjWLG1URCJzmf9nnELCIZl90tjHkTkhRBxWEcZ","baseKeyType":1,"closed":-1,"used":1689261925801,"created":1689261925801,"remoteIdentityKey":"BQfzeMjAS3tSvzY3niYisAnCs6FUElHxQp2IjH9DUVMD"},"_chains":{"BUajb7OKrBpSkOgaVj3rwpLxmd4Gj1bAS5/NDiM/lr8H":{"chainKey":{"counter":1,"key":"g9uYcZF2DCoNo1PkPE9DAao8WlA6m0I4b2L2XufjV7M="},"chainType":1,"messageKeys":{}}},"pendingPreKey":{"signedKeyId":2,"baseKey":"BYNIB/xjWLG1URCJzmf9nnELCIZl90tjHkTkhRBxWEcZ","preKeyId":3330812}}},"version":"v1"}