{"_sessions":{"BaIP7N0btNNWix5fm7Nbr54w9XG94sq3zfOWi8JNI78B":{"registrationId":196271961,"currentRatchet":{"ephemeralKeyPair":{"pubKey":"Bb5fVPc8dTmamA/tUwugTW8GiAbrHr1Kvh0CXaFLQ0hU","privKey":"CBcMz8bxcBm8XA6RF5VgxnQ9WJT+DnPsuStrfoE69VQ="},"lastRemoteEphemeralKey":"BU1S6TTkOONw77EL3Oig2GY/wu8ZvHmEEA9pzHR1oB9/","previousCounter":0,"rootKey":"BzJCr16EsogVqlmxcm1NJeXAkl0CH+enjHwIh2ZzYfQ="},"indexInfo":{"baseKey":"BaIP7N0btNNWix5fm7Nbr54w9XG94sq3zfOWi8JNI78B","baseKeyType":1,"closed":-1,"used":1689261767350,"created":1689261767350,"remoteIdentityKey":"BaIOoFaLjmPXVnAgAZchS0OC1KUffuUmjDElk4q9Fv4Q"},"_chains":{"Bb5fVPc8dTmamA/tUwugTW8GiAbrHr1Kvh0CXaFLQ0hU":{"chainKey":{"counter":0,"key":"cn/1XbtOHU8NDmWhPth3A6J1HVwmCIxoNdTWATlA+VU="},"chainType":1,"messageKeys":{}}},"pendingPreKey":{"signedKeyId":10,"baseKey":"BaIP7N0btNNWix5fm7Nbr54w9XG94sq3zfOWi8JNI78B"}}},"version":"v1"}