{"_sessions":{"BfqKAje82Blck2N9CdK3U0SkLEFDWG5kT8sWq+59wVly":{"registrationId":1946712508,"currentRatchet":{"ephemeralKeyPair":{"pubKey":"Bc3+GygTsnLNqYo+4Qdb+Jolz8E4lQn2hh1BpaMj5OFq","privKey":"ePpfnedr+1KP6y1qGcTWJd53p17UFAZ9TPnAXIsORWU="},"lastRemoteEphemeralKey":"BWNzL09M2EVQIqi0eKw5wDiEBUN0cF6KM7exH+doEuMe","previousCounter":0,"rootKey":"1dgaMjZK2sYVI5Wf6qYH+mObcSPELtQa8JP2xtyNC2I="},"indexInfo":{"baseKey":"BfqKAje82Blck2N9CdK3U0SkLEFDWG5kT8sWq+59wVly","baseKeyType":1,"closed":-1,"used":1689261767763,"created":1689261767763,"remoteIdentityKey":"BTuqTNEEHrwOVKagqtS/+0WFdDtYjoHVGIV2K/8k07Ec"},"_chains":{"Bc3+GygTsnLNqYo+4Qdb+Jolz8E4lQn2hh1BpaMj5OFq":{"chainKey":{"counter":0,"key":"/wzviW16ZnxRfSaOztaHbmyFi5rVzpB6dWVvAFWWJv4="},"chainType":1,"messageKeys":{}}},"pendingPreKey":{"signedKeyId":0,"baseKey":"BfqKAje82Blck2N9CdK3U0SkLEFDWG5kT8sWq+59wVly","preKeyId":14087070}}},"version":"v1"}