{"_sessions":{"BQ7RXsl+c8lOw7oCgbNV8hMsVbMC3ls1gCyk+86Hlat8":{"registrationId":574651570,"currentRatchet":{"ephemeralKeyPair":{"pubKey":"BcxYS9WbsnSWUQPNGs9o6AKuPna1vDcbyIo8CBBHY7tt","privKey":"CM/gw69ghsnaMtPsHbQTuK4ajEDoQXZtpRKDjMIbZUc="},"lastRemoteEphemeralKey":"Bf0Anw/SvMOYx2Zlw8cfu6IXkHQa4ZoWyZdHF3I9s1dn","previousCounter":0,"rootKey":"fJOz4DxJ1ctiEQ417EvThfiMMQrkj5g3P5YVpVbry4g="},"indexInfo":{"baseKey":"BQ7RXsl+c8lOw7oCgbNV8hMsVbMC3ls1gCyk+86Hlat8","baseKeyType":1,"closed":-1,"used":1689261767974,"created":1689261767974,"remoteIdentityKey":"BS8hkZD6V5yD9fWu8Zl9cANtFwCnIK841DJMJVu/m99q"},"_chains":{"BcxYS9WbsnSWUQPNGs9o6AKuPna1vDcbyIo8CBBHY7tt":{"chainKey":{"counter":0,"key":"EzOXGdmaepdjbgehePB1LmLEsgNflpeFYe1Nn2WAiHk="},"chainType":1,"messageKeys":{}}},"pendingPreKey":{"signedKeyId":0,"baseKey":"BQ7RXsl+c8lOw7oCgbNV8hMsVbMC3ls1gCyk+86Hlat8","preKeyId":15845054}}},"version":"v1"}