{"_sessions":{"BbtwPK8z60AGQEqxI8plbAwPwNUezrM2NIm14wHBD1Rd":{"registrationId":751710272,"currentRatchet":{"ephemeralKeyPair":{"pubKey":"BbCyOsMLft8R0/ImgtCJN4lNKZsbPzwtYetclUZRNiBM","privKey":"IB6a6Kgjuz0GNkBA1n3j7L7MK02M5NApVaARjd7nvmI="},"lastRemoteEphemeralKey":"BZS2nlpuvIqEFjJkljTx0IWJvA0V9UYE117mO6ipdcpJ","previousCounter":0,"rootKey":"t6ZYqtvqJ4XIjL7ZWBUnCos66XDwzfAjeYoThhnBgEE="},"indexInfo":{"baseKey":"BbtwPK8z60AGQEqxI8plbAwPwNUezrM2NIm14wHBD1Rd","baseKeyType":1,"closed":-1,"used":1689261768363,"created":1689261768363,"remoteIdentityKey":"BQ6/Q3Zz8uGhpBceqUsv1ILPK1a03YIV8G9wNSEvk+IX"},"_chains":{"BbCyOsMLft8R0/ImgtCJN4lNKZsbPzwtYetclUZRNiBM":{"chainKey":{"counter":0,"key":"2zP8idNNKcX266ebeRKLTosDL576bM4y0Ud7RQyLRd8="},"chainType":1,"messageKeys":{}}},"pendingPreKey":{"signedKeyId":1,"baseKey":"BbtwPK8z60AGQEqxI8plbAwPwNUezrM2NIm14wHBD1Rd","preKeyId":8721440}}},"version":"v1"}