{"_sessions":{"BZIZ5bfd7ZDDbBNyHvRajPuMdeTNuMKQsna/85yCyMQq":{"registrationId":750134550,"currentRatchet":{"ephemeralKeyPair":{"pubKey":"BZu3FKvbFD78JbQwZjtTOmsGdAfIt0QR0SF38bJ9LKh2","privKey":"kBp1WxRCqNvDDFl38/IhR9fuD3cnDqxWEOc5ZAfaGWQ="},"lastRemoteEphemeralKey":"BYT8SKRX6P0llluCLMkYfUILh82QUQCBC/5OVJrwVElA","previousCounter":0,"rootKey":"mJvfr5CN8j0NtSxZIeXnUitkzYh6vr6slMBXzzlEAx4="},"indexInfo":{"baseKey":"BZIZ5bfd7ZDDbBNyHvRajPuMdeTNuMKQsna/85yCyMQq","baseKeyType":1,"closed":-1,"used":1689261767068,"created":1689261767068,"remoteIdentityKey":"BVz6A2YUSJeStJpXG3KCNJ1H0TCt9Pjse62xHo7ygOkC"},"_chains":{"BZu3FKvbFD78JbQwZjtTOmsGdAfIt0QR0SF38bJ9LKh2":{"chainKey":{"counter":0,"key":"JVDoDcXRQK+mByzpxfzxSdvsn7kpyODsWI7krhwmAj4="},"chainType":1,"messageKeys":{}}},"pendingPreKey":{"signedKeyId":2,"baseKey":"BZIZ5bfd7ZDDbBNyHvRajPuMdeTNuMKQsna/85yCyMQq","preKeyId":1745518}}},"version":"v1"}