{"_sessions":{"BThJjH1wFK8hkGIoWuCyBrP/cIjQpXzWIM+BN5oUoptG":{"registrationId":349306999,"currentRatchet":{"ephemeralKeyPair":{"pubKey":"BWQcR7o+mP55GFYZSTKcyPxFlp8WLE6W1/Z8Ehvxq/t/","privKey":"UAnpaoRS43HQEzFA83nnR/AzX9pon4UkBb2THp6w7VU="},"lastRemoteEphemeralKey":"BYED0quagVkgEocwW/Syrj5C8rclQCJH2aBDMuX6b4RU","previousCounter":0,"rootKey":"exMcFf/2BM55SgPI2l3JgKFJMH3s5af+uIG9KWyjFXE="},"indexInfo":{"baseKey":"BThJjH1wFK8hkGIoWuCyBrP/cIjQpXzWIM+BN5oUoptG","baseKeyType":1,"closed":-1,"used":1689261768476,"created":1689261768476,"remoteIdentityKey":"BfAktLOphjR1ih6FLPO/wBhzctPhKrs17yJFtHEKxjRB"},"_chains":{"BWQcR7o+mP55GFYZSTKcyPxFlp8WLE6W1/Z8Ehvxq/t/":{"chainKey":{"counter":0,"key":"m/IMUVgSIZkv5vpHPGQrJmz9lWJ2f4Xg8do3hPMpJco="},"chainType":1,"messageKeys":{}}},"pendingPreKey":{"signedKeyId":0,"baseKey":"BThJjH1wFK8hkGIoWuCyBrP/cIjQpXzWIM+BN5oUoptG"}}},"version":"v1"}