{"_sessions":{"BUvcZIORjG0dOWMRguUKknONu5iQE/HEAkBwGhajMYZw":{"registrationId":795128777,"currentRatchet":{"ephemeralKeyPair":{"pubKey":"BVpQZsY0vUP41XAixCzHjzdvKeE28ip+KE5K38mG8acc","privKey":"eM1XVgJg9TUnHSJZuDAEGNVlBOgiFGtmqyk1vU6aHnA="},"lastRemoteEphemeralKey":"BUMLUD+57xkoV3IWiipfE2dGoYUX26XmXTOPAebWjCxo","previousCounter":0,"rootKey":"OLV4ZoQFnO86Rc9mSRiohC8K4/6yqN51rv80G3fYq1w="},"indexInfo":{"baseKey":"BUvcZIORjG0dOWMRguUKknONu5iQE/HEAkBwGhajMYZw","baseKeyType":1,"closed":-1,"used":1689261768171,"created":1689261768171,"remoteIdentityKey":"BcAfHSIPO6nzyqrMiHA+yAIvAU/ixt6S+aSbs5/5Jz01"},"_chains":{"BVpQZsY0vUP41XAixCzHjzdvKeE28ip+KE5K38mG8acc":{"chainKey":{"counter":0,"key":"OI46W56UrS9zrVB5dwj2lwSnsC3pU5cO/+IA7PPWGjQ="},"chainType":1,"messageKeys":{}}},"pendingPreKey":{"signedKeyId":3,"baseKey":"BUvcZIORjG0dOWMRguUKknONu5iQE/HEAkBwGhajMYZw"}}},"version":"v1"}