{"_sessions":{"BUmZCPq4XTBA2o4Xzlr27y3hCMRCHei/++Q4BmmRS/4I":{"registrationId":1329731087,"currentRatchet":{"ephemeralKeyPair":{"pubKey":"BXknAtD/GZmaNMgBnf5V4xVJ8CQlQ+nEY+l0AFBoESt7","privKey":"sJeDmnGnxIzhiIOQumKwoi5rsu1vZRY426hxQwgm82w="},"lastRemoteEphemeralKey":"Be8tQeTIVTlShQ2UIJJk+Oq8U6AbhLPz7oHNLxOkq18i","previousCounter":0,"rootKey":"WtsfW4nffESNkdVJ35eRZjdz/B+WtgpADmdTmtKOtWY="},"indexInfo":{"baseKey":"BUmZCPq4XTBA2o4Xzlr27y3hCMRCHei/++Q4BmmRS/4I","baseKeyType":1,"closed":-1,"used":1689261766955,"created":1689261766955,"remoteIdentityKey":"Ba6uPoubcdGZVQGHM2/b4y1iiUsxhdkg0Cdv6knEHdtF"},"_chains":{"BXknAtD/GZmaNMgBnf5V4xVJ8CQlQ+nEY+l0AFBoESt7":{"chainKey":{"counter":0,"key":"nu8WM3r/j0pcl+JkYV2z+Yby4rTSwBrLiMM/Y//UHxQ="},"chainType":1,"messageKeys":{}}},"pendingPreKey":{"signedKeyId":0,"baseKey":"BUmZCPq4XTBA2o4Xzlr27y3hCMRCHei/++Q4BmmRS/4I","preKeyId":5067130}}},"version":"v1"}