{"_sessions":{"BSH0Tx7dwpG3HBJPvfRJUAlh295+eIjj8+jn2h0nI6cC":{"registrationId":91,"currentRatchet":{"ephemeralKeyPair":{"pubKey":"BUJbxWwXSAd9BfLvb6nZL6+Hb6N3Ui0I/o0iVdHlBUAy","privKey":"sGZHxzL6SxvB76wdxWKN08Cd71lpaQwRHNjEi1tFs2M="},"lastRemoteEphemeralKey":"BbS058LYPOtWy+c2L+vd6P6+io0u3aMmgTWIvBabe+pQ","previousCounter":0,"rootKey":"hX+ySxposK7L3mBV0U2G1p9OaMkT/sWnGXhCOA6oDb8="},"indexInfo":{"baseKey":"BSH0Tx7dwpG3HBJPvfRJUAlh295+eIjj8+jn2h0nI6cC","baseKeyType":1,"closed":-1,"used":1689261766687,"created":1689261766687,"remoteIdentityKey":"BZGMPq281Jxml8cuQZbmSDiPdL9tg6AYl4yrtBhJzX48"},"_chains":{"BUJbxWwXSAd9BfLvb6nZL6+Hb6N3Ui0I/o0iVdHlBUAy":{"chainKey":{"counter":0,"key":"vR/NLjNLswYYRo/9nKJvMEmPpuVb7h/Oep3guWii6gs="},"chainType":1,"messageKeys":{}}},"pendingPreKey":{"signedKeyId":1,"baseKey":"BSH0Tx7dwpG3HBJPvfRJUAlh295+eIjj8+jn2h0nI6cC"}}},"version":"v1"}