{"_sessions":{"BQHk5Lod6Y+e/bGteb4q+0A+XopVgf6F2JU7lyQ+nw4x":{"registrationId":467926488,"currentRatchet":{"ephemeralKeyPair":{"pubKey":"Baq73wNYy46ADehU2efySdO6+iMD2o9TkE/U3tGzCYYv","privKey":"4BtXDH9WQ9BPRdB8UifhoBXkgBXBh8yQGLxhA5aCGW0="},"lastRemoteEphemeralKey":"BYylFALJ/jz74mC0H4Bs3emoTHcUUCq9mOSGOyfDwiR1","previousCounter":0,"rootKey":"DEeD3ztt3rztuoQYqtYmIL4noNhSTFlzcs6zaPiPGHU="},"indexInfo":{"baseKey":"BQHk5Lod6Y+e/bGteb4q+0A+XopVgf6F2JU7lyQ+nw4x","baseKeyType":1,"closed":-1,"used":1689261768188,"created":1689261768188,"remoteIdentityKey":"BV21NGUl6VisEJyzgjB5uqF/x21bxswF4TTZhbB2XAEK"},"_chains":{"Baq73wNYy46ADehU2efySdO6+iMD2o9TkE/U3tGzCYYv":{"chainKey":{"counter":0,"key":"DtIqYXIyQUS1nTKT+F/VCTuFxWII0FOHQlXB2M43ZIs="},"chainType":1,"messageKeys":{}}},"pendingPreKey":{"signedKeyId":1,"baseKey":"BQHk5Lod6Y+e/bGteb4q+0A+XopVgf6F2JU7lyQ+nw4x","preKeyId":1005341}}},"version":"v1"}