{"_sessions":{"BWX2Sv8o747mONpxnm7YqsVAPCdVcCz+6ga6MXY9rVI9":{"registrationId":1110336563,"currentRatchet":{"ephemeralKeyPair":{"pubKey":"BfiuLD4SAVwJVyNzGjwOszEgXt7F3gkcJoPkb7PleZcr","privKey":"qJGTtuh8cJZ15aDLOci8yVuUTnwm5sDocokbPSXSEU8="},"lastRemoteEphemeralKey":"BbDt4fopvpFubY49uCWS7Ia41yP6keMzxl50s5xmFqRY","previousCounter":0,"rootKey":"lrKm5OkXW8hZbsKZgQ2kFWUYi56VUR0eW+mhT7vxjOo="},"indexInfo":{"baseKey":"BWX2Sv8o747mONpxnm7YqsVAPCdVcCz+6ga6MXY9rVI9","baseKeyType":1,"closed":-1,"used":1689261768168,"created":1689261768168,"remoteIdentityKey":"BdR9w2QzUw9kPjr5J1LSJsouWyeXCBHjh5Y3U1jZbxk1"},"_chains":{"BfiuLD4SAVwJVyNzGjwOszEgXt7F3gkcJoPkb7PleZcr":{"chainKey":{"counter":0,"key":"0OqSNhKsBs9oOCy0cldLOW+CGfYiw8b6dI8jtm1+OSQ="},"chainType":1,"messageKeys":{}}},"pendingPreKey":{"signedKeyId":1,"baseKey":"BWX2Sv8o747mONpxnm7YqsVAPCdVcCz+6ga6MXY9rVI9"}}},"version":"v1"}