{"_sessions":{"BUc+N9SOUhoPXqKrpLbz3J9xXAQndIu0d2zBq6yQzHZe":{"registrationId":1520083069,"currentRatchet":{"ephemeralKeyPair":{"pubKey":"BapjPSU7OmEeCHI1ertg87Wgo4tEXXgRVsF6mnyKs7Mx","privKey":"ADG3xxIV5sbl/AMMTMu94qsXv6i4m5BeNMr4XrnuhnE="},"lastRemoteEphemeralKey":"BZ0IfMthdefp2oCEKjQyZV2agsLZlC4IkQI4C9Yyn9cD","previousCounter":0,"rootKey":"RRcwhkS6mSHvY78bmWVzPYlkZxO5xuajVot0jHY4tS8="},"indexInfo":{"baseKey":"BUc+N9SOUhoPXqKrpLbz3J9xXAQndIu0d2zBq6yQzHZe","baseKeyType":1,"closed":-1,"used":1689261925631,"created":1689261925631,"remoteIdentityKey":"BQ/DQ4VGzWpCv0I3vvbw2SH1I8Yqiw9FMeWuoW2+5wEU"},"_chains":{"BapjPSU7OmEeCHI1ertg87Wgo4tEXXgRVsF6mnyKs7Mx":{"chainKey":{"counter":1,"key":"xdbrqsKZJ6VF6pjKoRmxh//RYlOM0dcmQAB252PUSH0="},"chainType":1,"messageKeys":{}}},"pendingPreKey":{"signedKeyId":1,"baseKey":"BUc+N9SOUhoPXqKrpLbz3J9xXAQndIu0d2zBq6yQzHZe","preKeyId":11826465}}},"version":"v1"}