{"_sessions":{"BfQ3SNniAeH0YKWlmpedWnts2WoREjQpuOmbbl+cOjBH":{"registrationId":233,"currentRatchet":{"ephemeralKeyPair":{"pubKey":"BViuMIt0FM+jDoaQL3M+OdXAVhDiRbnSfQpGexz/6G99","privKey":"WDe+KR9svcAIAMjCAgIMc3WC+RQy2rXnL50jlMyPLGw="},"lastRemoteEphemeralKey":"BWnI1WdRGAikYctWHnKSP3ek17D1q4k9mD9JQXQdL5k7","previousCounter":0,"rootKey":"tBQR7Gm4RCPoZTCLzXmHvEqHSsOHdI9D+3XhrtYZRAI="},"indexInfo":{"baseKey":"BfQ3SNniAeH0YKWlmpedWnts2WoREjQpuOmbbl+cOjBH","baseKeyType":1,"closed":-1,"used":1689261766107,"created":1689261766107,"remoteIdentityKey":"BSPDtfSb5uKaZTUd5r+tmpmTzMiFyBy8pscO8v/LIrBe"},"_chains":{"BViuMIt0FM+jDoaQL3M+OdXAVhDiRbnSfQpGexz/6G99":{"chainKey":{"counter":0,"key":"Xmd6lQjZrOk7CU8ru6tcxXH29c6IogX92eF9lUQfjtg="},"chainType":1,"messageKeys":{}}},"pendingPreKey":{"signedKeyId":1,"baseKey":"BfQ3SNniAeH0YKWlmpedWnts2WoREjQpuOmbbl+cOjBH"}}},"version":"v1"}