{"_sessions":{"BT35kZpuLP7GiJN06fgsdBbAn01Tu4I1U+7ESRUf9/g8":{"registrationId":1618065044,"currentRatchet":{"ephemeralKeyPair":{"pubKey":"BexspniumIQ1ydGGgL4scvc1T09OBHk0QHZlVXpgZIID","privKey":"UK7JacZkM2TjggQvPTr5YK+5s/6bT2aGELbbHJmy9Xs="},"lastRemoteEphemeralKey":"BZv/ZSTrG0v1E3t67jYrhh3ApoB0tuhAihhXWr3GNost","previousCounter":0,"rootKey":"v/qM+ppuve0nziVFmVlsJKa8KTDEHIL6zqIbNLxxDok="},"indexInfo":{"baseKey":"BT35kZpuLP7GiJN06fgsdBbAn01Tu4I1U+7ESRUf9/g8","baseKeyType":1,"closed":-1,"used":1689261767387,"created":1689261767387,"remoteIdentityKey":"BXFV9NDjp05vtD/qUY6Po0gZY3vJ1VnuoiOQntKACyZj"},"_chains":{"BexspniumIQ1ydGGgL4scvc1T09OBHk0QHZlVXpgZIID":{"chainKey":{"counter":0,"key":"y53c4/OLAEdeVcaWiOGh5UtKpD1CwTmjI4GrbfKF/k4="},"chainType":1,"messageKeys":{}}},"pendingPreKey":{"signedKeyId":1,"baseKey":"BT35kZpuLP7GiJN06fgsdBbAn01Tu4I1U+7ESRUf9/g8","preKeyId":16771363}}},"version":"v1"}