{"_sessions":{"BYHau0+QR1vpdIjMBeL9mX3MRzN3UkvgnTaLIr437GVF":{"registrationId":3,"currentRatchet":{"ephemeralKeyPair":{"pubKey":"BZjVS9ncLBV7gKgZmGNbWL2smA0YHLuL9lmemGzEPM9j","privKey":"cPBxFd3KwMU6XyTr5uUQ206+kJeJZxGwEi4SJBDJZns="},"lastRemoteEphemeralKey":"BXsPJ5L3TOuPktO7WYLhb0Fm6vxL3nn4hxHU7juki3sS","previousCounter":0,"rootKey":"1NltkMNQvCdlvLaSxAX8jhQQwhy12jlC0V2f/LjthKE="},"indexInfo":{"baseKey":"BYHau0+QR1vpdIjMBeL9mX3MRzN3UkvgnTaLIr437GVF","baseKeyType":2,"closed":-1,"used":1689261708858,"created":1689261708858,"remoteIdentityKey":"BWzSBDib7wW2L6RVdHJ1o0XbpLvaAdhfosuE3POLuV0A"},"_chains":{"BXsPJ5L3TOuPktO7WYLhb0Fm6vxL3nn4hxHU7juki3sS":{"chainKey":{"counter":2,"key":"am9Ugpp5zztY7EUmVufMoeVsqLs8edGpUQr9neMJOR0="},"chainType":2,"messageKeys":{}},"BZjVS9ncLBV7gKgZmGNbWL2smA0YHLuL9lmemGzEPM9j":{"chainKey":{"counter":1,"key":"gm9eZLCf1kk/4sYLwkz1TRBDBPuJieyj1VvZzZtSKNs="},"chainType":1,"messageKeys":{}}}}},"version":"v1"}