{"_sessions":{"BTN0+5TUhaqzbkcFumhrn3LDb0C5C0ed1Lihxe7JXlVL":{"registrationId":96,"currentRatchet":{"ephemeralKeyPair":{"pubKey":"BeT7SOrwjxhdXDUrbuRKcdzN4Br9S0vus4B7Q5SBHucs","privKey":"KAkhv2VXSHQseANRIJTkVQQp175/mkXV2eN0dy6N9H8="},"lastRemoteEphemeralKey":"BQuyyFyqx0npZGN/KS8mq5VisdYHxWZlNtqFQKaQFJpR","previousCounter":0,"rootKey":"eAkiN7vC7n6VcG53J4BY5TzBG0ZxEXBLAmpbiX1ZvMk="},"indexInfo":{"baseKey":"BTN0+5TUhaqzbkcFumhrn3LDb0C5C0ed1Lihxe7JXlVL","baseKeyType":1,"closed":-1,"used":1689261766354,"created":1689261766354,"remoteIdentityKey":"BSRJlwJOlT4ZTlTg7oorVEHVRHeMIWp33fM7EwN0m7Ql"},"_chains":{"BeT7SOrwjxhdXDUrbuRKcdzN4Br9S0vus4B7Q5SBHucs":{"chainKey":{"counter":0,"key":"z/cIx4JmBvYxwoGesSA3ULofUjrS8NmQP91YFpPzAjI="},"chainType":1,"messageKeys":{}}},"pendingPreKey":{"signedKeyId":1,"baseKey":"BTN0+5TUhaqzbkcFumhrn3LDb0C5C0ed1Lihxe7JXlVL"}}},"version":"v1"}