{"_sessions":{"Bail12SgCATfEYNWq/KmVybZ8ui9+lvhaW5WJUqTFTNJ":{"registrationId":1657659136,"currentRatchet":{"ephemeralKeyPair":{"pubKey":"BS5UCiGCLa6q1gtIvrXbNMmNgVVugidXuLHO50r/iQU5","privKey":"+AjO2dv2ie3vgyV+eMj5YngEiholSMsEJI4q3devuWw="},"lastRemoteEphemeralKey":"BcRRkDehqdAyn5wTlgyY+Cg3DaVgxD9VGOJIMvdhNTgX","previousCounter":0,"rootKey":"amdacB9YTlo4tm8I1eycXPevkr+PFQ4efU11FZD2A9I="},"indexInfo":{"baseKey":"Bail12SgCATfEYNWq/KmVybZ8ui9+lvhaW5WJUqTFTNJ","baseKeyType":1,"closed":-1,"used":1689261926270,"created":1689261926270,"remoteIdentityKey":"BQmc/YPeh1ErV//kjd92l5coVHTe4JpY+Rj7Ah6xLmlW"},"_chains":{"BS5UCiGCLa6q1gtIvrXbNMmNgVVugidXuLHO50r/iQU5":{"chainKey":{"counter":1,"key":"9GUXejrTsYAdqQpRQ+ZHvQVq2K1dUgYYV7aZBH+pjq0="},"chainType":1,"messageKeys":{}}},"pendingPreKey":{"signedKeyId":1,"baseKey":"Bail12SgCATfEYNWq/KmVybZ8ui9+lvhaW5WJUqTFTNJ"}}},"version":"v1"}