{"_sessions":{"BTh8tYiaKsBinSV6QIQTSPerjl56yKDlhO/yr11SM/00":{"registrationId":943123681,"currentRatchet":{"ephemeralKeyPair":{"pubKey":"BWIqWfTkKpnPvy6QgUxA2h2S8opDOU9UwErmYWWsiI1R","privKey":"AG0H3nILcOHzYh++31a+q3f9+qjp2nMlmDNmNK05rHc="},"lastRemoteEphemeralKey":"Be51XkiA+E+NOY2vIdRf2OHDg6ePb8xs2RD+4nzDMQJg","previousCounter":0,"rootKey":"tZPAltDemKDPRl2B4vdBqLzPogfD1risKHjFNcceWrM="},"indexInfo":{"baseKey":"BTh8tYiaKsBinSV6QIQTSPerjl56yKDlhO/yr11SM/00","baseKeyType":1,"closed":-1,"used":1689261766973,"created":1689261766973,"remoteIdentityKey":"BXZy5l2wmtnPFDekneIPQfykvm51E2jDKKYuR9yij/RE"},"_chains":{"BWIqWfTkKpnPvy6QgUxA2h2S8opDOU9UwErmYWWsiI1R":{"chainKey":{"counter":0,"key":"Sz+0CuMNSgTcxmx55DuM2JfXLyyBDmdCeACoHI8jWBk="},"chainType":1,"messageKeys":{}}},"pendingPreKey":{"signedKeyId":1,"baseKey":"BTh8tYiaKsBinSV6QIQTSPerjl56yKDlhO/yr11SM/00","preKeyId":11250508}}},"version":"v1"}