{"_sessions":{"BYNixN0tduPwvEdL2v0gicI3WB/WXR/RObQvabxPz70Q":{"registrationId":1340694350,"currentRatchet":{"ephemeralKeyPair":{"pubKey":"Bbf8zM1uQilrsI2AnUtpDMqULM/OHsyGR/LvcnFA2Fxs","privKey":"8BD95npMvibJkEHarxA3AJEZzSCPiwrqPDWBW9a3Mls="},"lastRemoteEphemeralKey":"BQ/R2oeIIhiZ02U8Iy5Y6EzyI9YyJxNc0/GQ96x2bUkc","previousCounter":0,"rootKey":"U4eJhY8y1NiLt7kfchlVJ28hmTd9f0TIGfYMy3K9Uk4="},"indexInfo":{"baseKey":"BYNixN0tduPwvEdL2v0gicI3WB/WXR/RObQvabxPz70Q","baseKeyType":1,"closed":-1,"used":1689261768164,"created":1689261768164,"remoteIdentityKey":"BR/h23r1SnlQrGuM4PyCE8LKGe9jI1YMwGTV7Id3hdYu"},"_chains":{"Bbf8zM1uQilrsI2AnUtpDMqULM/OHsyGR/LvcnFA2Fxs":{"chainKey":{"counter":0,"key":"iAZTWbHfr62JqmYvDKkQL5hywhpytBhHDE2ZGCw0+d4="},"chainType":1,"messageKeys":{}}},"pendingPreKey":{"signedKeyId":1,"baseKey":"BYNixN0tduPwvEdL2v0gicI3WB/WXR/RObQvabxPz70Q","preKeyId":11722085}}},"version":"v1"}