{"_sessions":{"BRHEtD18q1FSoDp6d4uV5d4B+qsw7R6HCg5ugmYmmR0W":{"registrationId":2029079467,"currentRatchet":{"ephemeralKeyPair":{"pubKey":"BQ030BlRnjLNBgLqCMNFy7MMvVAFMrHT9ClhEZhAtWE0","privKey":"UNmya1QWRcs24rbxHBTIWLmfEEQf5SMbzj0pGudb9Vw="},"lastRemoteEphemeralKey":"BQawxz2sx61vxJa+9Z2DsfOxeb7W0yCwFwCxw7OFkilQ","previousCounter":0,"rootKey":"L3QMfEJO6IFKluqdltvLlH9kyEYH+COnQcUqn5tvPeE="},"indexInfo":{"baseKey":"BRHEtD18q1FSoDp6d4uV5d4B+qsw7R6HCg5ugmYmmR0W","baseKeyType":1,"closed":-1,"used":1689261766986,"created":1689261766986,"remoteIdentityKey":"BUbbc92n4hFR6d8KjC20TV6qskpt3OOG0RIJd6FNmMZA"},"_chains":{"BQ030BlRnjLNBgLqCMNFy7MMvVAFMrHT9ClhEZhAtWE0":{"chainKey":{"counter":0,"key":"1Y4/AO0zBjcBPaD+zNglt6BbPL6yJBIcg1+ncrBod7Y="},"chainType":1,"messageKeys":{}}},"pendingPreKey":{"signedKeyId":1,"baseKey":"BRHEtD18q1FSoDp6d4uV5d4B+qsw7R6HCg5ugmYmmR0W","preKeyId":13301270}}},"version":"v1"}