{"_sessions":{"BbFGIj+Di7tpxuHLshlsggjXDMgBFuqsQCSYPblApTNd":{"registrationId":1439563304,"currentRatchet":{"ephemeralKeyPair":{"pubKey":"BYLJZ+z1I/BQC91fzNkIUEvWyh0xzp3YfVp61LXYPlJP","privKey":"iBJNt4XsGA3/D0IuYiYtzW/i/aWYhyTDpanHsIk4L3Q="},"lastRemoteEphemeralKey":"BeMK5idW5d345RwmL+iTeJ877qxzFqVBss/wvV5aSU94","previousCounter":0,"rootKey":"HdWlzwr5n0Kguljc+jyuSCmdVjH6yoPqdpDRWxOOHKc="},"indexInfo":{"baseKey":"BbFGIj+Di7tpxuHLshlsggjXDMgBFuqsQCSYPblApTNd","baseKeyType":1,"closed":-1,"used":1689261768494,"created":1689261768494,"remoteIdentityKey":"Bf2kTkYeL8kNBZPAnN+X8+Xh+yUTwbFLy7FpnTgf8L8j"},"_chains":{"BYLJZ+z1I/BQC91fzNkIUEvWyh0xzp3YfVp61LXYPlJP":{"chainKey":{"counter":0,"key":"X8ytZL7q42XXMzEtD7zH/x1oHulGgFtvo8DuWohDq0c="},"chainType":1,"messageKeys":{}}},"pendingPreKey":{"signedKeyId":2,"baseKey":"BbFGIj+Di7tpxuHLshlsggjXDMgBFuqsQCSYPblApTNd"}}},"version":"v1"}