{"_sessions":{"Ba9GaudIOqm/fHx4RUdUaMzbFPVPOYFmwF/VJ/0K7rMT":{"registrationId":994562036,"currentRatchet":{"ephemeralKeyPair":{"pubKey":"BeFLOhRSaB99oq0okaeD7JAFQUI46whcdiurEh2aqLIE","privKey":"kGjMlaXo92bPPnQFNb27CwCeMgCvUUGAag62FbV59UU="},"lastRemoteEphemeralKey":"BR/Eo5pJfOqgGpmzf9c11o78SQsc1vydRo12QNFPSVJi","previousCounter":0,"rootKey":"vBBjEoLqIUWZvNjcJ0AvSbYmR3bJ/fw7sarKesSCpCY="},"indexInfo":{"baseKey":"Ba9GaudIOqm/fHx4RUdUaMzbFPVPOYFmwF/VJ/0K7rMT","baseKeyType":1,"closed":-1,"used":1689261767854,"created":1689261767854,"remoteIdentityKey":"BTpVsO9Rk6GJUFNwA0n0Jxtlg8KI1FNyoCiQc9qjq3cU"},"_chains":{"BeFLOhRSaB99oq0okaeD7JAFQUI46whcdiurEh2aqLIE":{"chainKey":{"counter":0,"key":"AGNFspXzfzx4BkkaeD/wNux4O1zx99Y6u/QXONtgZOk="},"chainType":1,"messageKeys":{}}},"pendingPreKey":{"signedKeyId":0,"baseKey":"Ba9GaudIOqm/fHx4RUdUaMzbFPVPOYFmwF/VJ/0K7rMT","preKeyId":1153017}}},"version":"v1"}