{"_sessions":{"Be6ha+p6l9hoDqRJ35+5wAbza/6UJl4+9FS8aCwiSK8T":{"registrationId":177,"currentRatchet":{"ephemeralKeyPair":{"pubKey":"BXn7Gf68b9hgrewqhRWVLey6sGlp6G1oedm8HuNq3g5e","privKey":"aN3rXz4DtJECD//Q50fsSaGiYMaUvlLYkI4x4Hz57Eo="},"lastRemoteEphemeralKey":"BU06vNu3qJPvD55TBKaPKX7ZIhARMhFp5dwmemb0LZ9+","previousCounter":0,"rootKey":"X/Cc2LOkISSLVc6mTFRDgMsRoHVDn9sXuS7xqqUCo4M="},"indexInfo":{"baseKey":"Be6ha+p6l9hoDqRJ35+5wAbza/6UJl4+9FS8aCwiSK8T","baseKeyType":1,"closed":-1,"used":1689261765787,"created":1689261765787,"remoteIdentityKey":"BZTV9L2nLr1YJsQGflvFhExqsNe0Tuhrb31ZPq+Q7zwf"},"_chains":{"BXn7Gf68b9hgrewqhRWVLey6sGlp6G1oedm8HuNq3g5e":{"chainKey":{"counter":0,"key":"VQUJLDOZzt/QqrbSaTGZJNscDztlmYkal+Of3NzGG5g="},"chainType":1,"messageKeys":{}}},"pendingPreKey":{"signedKeyId":1,"baseKey":"Be6ha+p6l9hoDqRJ35+5wAbza/6UJl4+9FS8aCwiSK8T","preKeyId":582}}},"version":"v1"}