{"_sessions":{"BSCD12+beaUEcBt6t3DOjfd/l4DJcKJpzaFQJuMtcUMz":{"registrationId":1182626991,"currentRatchet":{"ephemeralKeyPair":{"pubKey":"BV4sxZkflmXPvCVYRQsnNtOof2qWqTq4QXmQrzRGg8xl","privKey":"oLijR6lRkyt059cQ7D1Fqetz53/70RYTPg++2vN+xXo="},"lastRemoteEphemeralKey":"BZMjqBv1yvUAAphH8txabvYDlUaRrCyB2wxVNHP/dI8w","previousCounter":0,"rootKey":"w8sxLNJTcxsAsH6oX1xe2grsyPu78jProsRS9r1fvig="},"indexInfo":{"baseKey":"BSCD12+beaUEcBt6t3DOjfd/l4DJcKJpzaFQJuMtcUMz","baseKeyType":1,"closed":-1,"used":1689261767366,"created":1689261767366,"remoteIdentityKey":"Bar0Jx+Sxue+Cmtmz7sGc4IXvHWCxdIvKesvC6z+G9kZ"},"_chains":{"BV4sxZkflmXPvCVYRQsnNtOof2qWqTq4QXmQrzRGg8xl":{"chainKey":{"counter":0,"key":"dFIszPpwIq64PmCeMwFF7Rp0TTdaLS4wFZCcVRyYdvY="},"chainType":1,"messageKeys":{}}},"pendingPreKey":{"signedKeyId":1,"baseKey":"BSCD12+beaUEcBt6t3DOjfd/l4DJcKJpzaFQJuMtcUMz","preKeyId":9797218}}},"version":"v1"}