{"_sessions":{"BV3tpzFnodfTEGYvc2Zbhl84/t69bLTOCoDPWLLW7L55":{"registrationId":40,"currentRatchet":{"ephemeralKeyPair":{"pubKey":"BakW+cLZ8mya70AsxppPFSb+r60J5QyIwId9zX/EML98","privKey":"uAs8UIy+f1HY4xv1M/hHF8o29U6rc2giKRN5bf37/Vc="},"lastRemoteEphemeralKey":"BbuTKp9sMf4J9IItAUuKqGdEseNNSAMqrcx0r8y89R1A","previousCounter":0,"rootKey":"a1mJD2feZZ8LLva3Fhk05ilmtUCIf+XGyM1B8RScFzE="},"indexInfo":{"baseKey":"BV3tpzFnodfTEGYvc2Zbhl84/t69bLTOCoDPWLLW7L55","baseKeyType":1,"closed":-1,"used":1689261766451,"created":1689261766451,"remoteIdentityKey":"BShqVUKA3SbUh/EvoxIlZ7IYpmMRzQ5XTwZN6soIoWVK"},"_chains":{"BakW+cLZ8mya70AsxppPFSb+r60J5QyIwId9zX/EML98":{"chainKey":{"counter":0,"key":"lNwYdf081SYY+i7eFUaheTI/dkfWtp0KMHvn2Aq7jy8="},"chainType":1,"messageKeys":{}}},"pendingPreKey":{"signedKeyId":1,"baseKey":"BV3tpzFnodfTEGYvc2Zbhl84/t69bLTOCoDPWLLW7L55"}}},"version":"v1"}