{"_sessions":{"BaYZ6xVQ+PrUiTg3LaWf/S/Hyp0y1ZoUJuo3S1jrH8li":{"registrationId":141,"currentRatchet":{"ephemeralKeyPair":{"pubKey":"BV7M12ROdnQhjJpkswSHwyGM8npjtCmHa/n7x3LTevkB","privKey":"0P2VmrYIueWEg8Y6D1l6kbe1w32+NrK3yxkET3lIDks="},"lastRemoteEphemeralKey":"BZ6J7XqcO85UTkhnpLC6/T6dH9jy0vE465+Hhsua7LZ9","previousCounter":0,"rootKey":"OTefSEDnbkPWhCvh8OC/9QQHchUT0Y8PA4ubaIrm6T8="},"indexInfo":{"baseKey":"BaYZ6xVQ+PrUiTg3LaWf/S/Hyp0y1ZoUJuo3S1jrH8li","baseKeyType":1,"closed":-1,"used":1689261766387,"created":1689261766387,"remoteIdentityKey":"BYOYCheI6I2RlViSRok9Uvk+XjeBWcehnkBQnxwJetkY"},"_chains":{"BV7M12ROdnQhjJpkswSHwyGM8npjtCmHa/n7x3LTevkB":{"chainKey":{"counter":0,"key":"KakxpcEFdEy9sb5jTKgVOjftWLlLOAj0UC1wZPQT8I8="},"chainType":1,"messageKeys":{}}},"pendingPreKey":{"signedKeyId":1,"baseKey":"BaYZ6xVQ+PrUiTg3LaWf/S/Hyp0y1ZoUJuo3S1jrH8li"}}},"version":"v1"}