{"_sessions":{"BQLFOB+N+xILF+6ZO91MTN0ERjMZofcJh5C+FllA1Wo1":{"registrationId":1721940627,"currentRatchet":{"ephemeralKeyPair":{"pubKey":"BcMs4iabc6JDS19dg761mqxp34OhgZ3MzRJ4nVHGwmJ3","privKey":"aNOqrWoArZbcgTMq35mFIpbp0RctHLQT2D1Sc1Yzbl4="},"lastRemoteEphemeralKey":"BStSbj/vcv0a6HyVY6/6ZeOKR5Pj0id7GcpKX8L1X4pD","previousCounter":0,"rootKey":"JnNh+UXVgxYiZEC1bt0nhTjXDBjw20rCntU2ktmnbWU="},"indexInfo":{"baseKey":"BQLFOB+N+xILF+6ZO91MTN0ERjMZofcJh5C+FllA1Wo1","baseKeyType":1,"closed":-1,"used":1689261925720,"created":1689261925720,"remoteIdentityKey":"BclpOvFfinC4+NIrx29QBwD2tjkiOtdcpxiUfs1JxzBp"},"_chains":{"BcMs4iabc6JDS19dg761mqxp34OhgZ3MzRJ4nVHGwmJ3":{"chainKey":{"counter":1,"key":"PqL5lm+W9MB/ff2Uv5n26eZJrGRctUVc9dc8MqCaj6E="},"chainType":1,"messageKeys":{}}},"pendingPreKey":{"signedKeyId":0,"baseKey":"BQLFOB+N+xILF+6ZO91MTN0ERjMZofcJh5C+FllA1Wo1","preKeyId":11297903}}},"version":"v1"}