{"_sessions":{"BRS9OPNW7F5F4IFW7ENzUFsELDYHn75YAU00ylef4cM6":{"registrationId":1616869218,"currentRatchet":{"ephemeralKeyPair":{"pubKey":"BWuxPqxj3/MFIZG5X/FPJJ3E+fPefzqNnHVyLskz1Acx","privKey":"CLKE76qH8/Gr+f+aSYox5jxpqyXloiiUlxgKPTrr80Q="},"lastRemoteEphemeralKey":"BVfS63hDGicxhuiprnH7XtinvLFQUiNlOFpL2K0mkwYS","previousCounter":0,"rootKey":"lthPWT+4Loe/GMjRQIMGrORtZcLnAYK2H2A18SSC16Y="},"indexInfo":{"baseKey":"BRS9OPNW7F5F4IFW7ENzUFsELDYHn75YAU00ylef4cM6","baseKeyType":1,"closed":-1,"used":1689261767490,"created":1689261767490,"remoteIdentityKey":"BX7fJnBiP1y3vZDM9LSpcVdPCJgBLlWf82LEBTpAjtoS"},"_chains":{"BWuxPqxj3/MFIZG5X/FPJJ3E+fPefzqNnHVyLskz1Acx":{"chainKey":{"counter":0,"key":"eicftLr04CXe36IWdWaZx4DeIKwWTBbC7AVa8EMxjps="},"chainType":1,"messageKeys":{}}},"pendingPreKey":{"signedKeyId":0,"baseKey":"BRS9OPNW7F5F4IFW7ENzUFsELDYHn75YAU00ylef4cM6"}}},"version":"v1"}