{"_sessions":{"BYm/LqoPcYS8XdX4wedelw0xzOrAjsCzYM8tYBM+d8k6":{"registrationId":299067687,"currentRatchet":{"ephemeralKeyPair":{"pubKey":"BWAouLbBSIjwc5PA9F7guzgNxHJdeaAnEBraNPuNONAl","privKey":"+LFgyvvf7Z/Eulgi6z8D0chqMlYxXVQ1w+PkMHS7JHo="},"lastRemoteEphemeralKey":"BePBJprN0bJ7w8YOutB6pEj1xzN0yZ2qhnfNbVS7wmJc","previousCounter":0,"rootKey":"exMdy0kQAyABSCZXwUIG6BPLRAF8babxl0O1o56qHw8="},"indexInfo":{"baseKey":"BYm/LqoPcYS8XdX4wedelw0xzOrAjsCzYM8tYBM+d8k6","baseKeyType":1,"closed":-1,"used":1689261768378,"created":1689261768378,"remoteIdentityKey":"BV9HwY0NObm3SAqtDPBV/VzURsqF7SZgkTbqd8SC6mMl"},"_chains":{"BWAouLbBSIjwc5PA9F7guzgNxHJdeaAnEBraNPuNONAl":{"chainKey":{"counter":0,"key":"o8ums3ifyu+i+2u25C0GUWmEspOrS5htlrhoU6IzbwQ="},"chainType":1,"messageKeys":{}}},"pendingPreKey":{"signedKeyId":1,"baseKey":"BYm/LqoPcYS8XdX4wedelw0xzOrAjsCzYM8tYBM+d8k6","preKeyId":2129448}}},"version":"v1"}