{"_sessions":{"BZfwU4I/d2PeD5F8+GOQxAjxn0KTRiaPb05t5OV//HQh":{"registrationId":171030628,"currentRatchet":{"ephemeralKeyPair":{"pubKey":"BfIIdsH4DDMMGgyK98aQZAWbfDcyBG4vKNltLjhuRfE5","privKey":"8Ehr5PveJ4HpUbFbtw6mL/xz4qMoYUyDACUeDJPUVlI="},"lastRemoteEphemeralKey":"Bb/hwnqb95VcMjeifrj97HMOUaOS+I1n24xIeVue/nMi","previousCounter":0,"rootKey":"SJ5seH9q8tqsm9l/jA+WxYIyhe2+lcKmXg4uXyfdvnY="},"indexInfo":{"baseKey":"BZfwU4I/d2PeD5F8+GOQxAjxn0KTRiaPb05t5OV//HQh","baseKeyType":1,"closed":-1,"used":1689261767286,"created":1689261767286,"remoteIdentityKey":"BYlOPslNJMgx1+1lO1vPkmxelK5Mqaci1qBg6z7NO3BY"},"_chains":{"BfIIdsH4DDMMGgyK98aQZAWbfDcyBG4vKNltLjhuRfE5":{"chainKey":{"counter":0,"key":"sNui37S4QY64x0aGDAFlN0SvCHwMMTa9rwrvny4Idn4="},"chainType":1,"messageKeys":{}}},"pendingPreKey":{"signedKeyId":2,"baseKey":"BZfwU4I/d2PeD5F8+GOQxAjxn0KTRiaPb05t5OV//HQh","preKeyId":14571528}}},"version":"v1"}