{"_sessions":{"BR5PZGwrnFarH7uW+Z+/vyxjP7qybVsE7cysTuKlSYtw":{"registrationId":197,"currentRatchet":{"ephemeralKeyPair":{"pubKey":"BThjje7Var1NNHmsCHI6z/DD5tA0v8bIhDFNbgMCr6hG","privKey":"YOp52ocHEt8WK5jIwXr2qMg9b8SiCGVkjS94TCLJhE8="},"lastRemoteEphemeralKey":"BSUulja4XYltZuqox6HHu8NwpJ6grq3/4nK3BOa2hc9k","previousCounter":0,"rootKey":"uTMSWKl3iGCE0IIWu/27LjTcOHOaTK+0vsOQpjr5R2Y="},"indexInfo":{"baseKey":"BR5PZGwrnFarH7uW+Z+/vyxjP7qybVsE7cysTuKlSYtw","baseKeyType":1,"closed":-1,"used":1689261925377,"created":1689261925377,"remoteIdentityKey":"BRLJPKlAsdOo2CNsVUxoLXLlKxE4WlPLBqpvx+XixO8m"},"_chains":{"BThjje7Var1NNHmsCHI6z/DD5tA0v8bIhDFNbgMCr6hG":{"chainKey":{"counter":1,"key":"oNsZnukcueTT/OSj2ZKbqEfVcWnpmd9Dd7d6SFrUk2o="},"chainType":1,"messageKeys":{}}},"pendingPreKey":{"signedKeyId":1,"baseKey":"BR5PZGwrnFarH7uW+Z+/vyxjP7qybVsE7cysTuKlSYtw"}}},"version":"v1"}