{"_sessions":{"BTWSPf5KFYpFpiWTC8aJQQXW4EofHc5Kctf9i858crYE":{"registrationId":1192264565,"currentRatchet":{"ephemeralKeyPair":{"pubKey":"BcI/UZBuzDxMV7T5xfTn3/4cCUINRfVO5wf8/wNWUD96","privKey":"2F3cGBCvmNanYyeQEer+Ikx+d5iukotGZlyzF7G873A="},"lastRemoteEphemeralKey":"BZsdpso/FjIBkYqyFW4zIF3+UzcNwPIhmZA/fEBKVC59","previousCounter":0,"rootKey":"WOQtIGgEXgIUyUVri2VWS2lnk8JIabKIjBHdzLfIWNw="},"indexInfo":{"baseKey":"BTWSPf5KFYpFpiWTC8aJQQXW4EofHc5Kctf9i858crYE","baseKeyType":1,"closed":-1,"used":1689261766854,"created":1689261766854,"remoteIdentityKey":"BUDryR98CotUFoFiPGSlICbTr37xp8BKILKQWryYqGRQ"},"_chains":{"BcI/UZBuzDxMV7T5xfTn3/4cCUINRfVO5wf8/wNWUD96":{"chainKey":{"counter":0,"key":"NydaMYewAd3hB4hGzTQku5lIO/b5851Udd3pUL/0HvA="},"chainType":1,"messageKeys":{}}},"pendingPreKey":{"signedKeyId":1,"baseKey":"BTWSPf5KFYpFpiWTC8aJQQXW4EofHc5Kctf9i858crYE","preKeyId":2085139}}},"version":"v1"}