{"_sessions":{"BfHRA4VdndNREnj2nSNZbkCo1RuDLGTynOGDBiOWxzxX":{"registrationId":1857090936,"currentRatchet":{"ephemeralKeyPair":{"pubKey":"BbJ6OS4GENQEsFfNrcQApON2HAPDwZfbDiuS+kyWQ2sc","privKey":"OLymNccy4NyMdvlCy/FQxBNqwN3hk1Z7XeY3H1TsV1I="},"lastRemoteEphemeralKey":"Bd9+RL5FcliBWgDMOf1pCmnVqD9dnaZZYxbXOdwkXnAY","previousCounter":0,"rootKey":"/Y0Atnh7BUBfOrctakYNEKRbX+sVeq1s+T7DfxFEVqA="},"indexInfo":{"baseKey":"BfHRA4VdndNREnj2nSNZbkCo1RuDLGTynOGDBiOWxzxX","baseKeyType":1,"closed":-1,"used":1689261768200,"created":1689261768200,"remoteIdentityKey":"BWfhvcCWdd/OmAOK3K/8TMnB5nQ84X9lkUjoCscPUwcC"},"_chains":{"BbJ6OS4GENQEsFfNrcQApON2HAPDwZfbDiuS+kyWQ2sc":{"chainKey":{"counter":0,"key":"gKZF7v0DmJuutKgiVKd58vZegO5gGTyvPPeUfhwrCb8="},"chainType":1,"messageKeys":{}}},"pendingPreKey":{"signedKeyId":1,"baseKey":"BfHRA4VdndNREnj2nSNZbkCo1RuDLGTynOGDBiOWxzxX","preKeyId":818012}}},"version":"v1"}