{"_sessions":{"BfZU5YoaSNfN333Bu2KAuA6Joa/9h7Py9bhzF16h5ZsO":{"registrationId":1685945763,"currentRatchet":{"ephemeralKeyPair":{"pubKey":"BQUCkKxO3in8PekAK+pVETL2PYUpguh7NDRfe1623Wcm","privKey":"ALYQJJIsEBRXKxIqdpHt1jEBjm/M190m4Q50wzuB2XM="},"lastRemoteEphemeralKey":"Ba+e5/si/NFkGRfF44Rxs9IUwYVMUNnPcbljRa46or1k","previousCounter":0,"rootKey":"A2mdXft5mBCsYqb9l1wulOb67w4LFBteb9oPT4AaIJw="},"indexInfo":{"baseKey":"BfZU5YoaSNfN333Bu2KAuA6Joa/9h7Py9bhzF16h5ZsO","baseKeyType":1,"closed":-1,"used":1689261767072,"created":1689261767072,"remoteIdentityKey":"BTxc6ItVFyVy7onKddFMihtZfyx1onfseEAXiZR3Ck8v"},"_chains":{"BQUCkKxO3in8PekAK+pVETL2PYUpguh7NDRfe1623Wcm":{"chainKey":{"counter":0,"key":"a8q3zyWZ5nUZNxFQ/b93eNE86Icifvk8FcJ0HC1wDxE="},"chainType":1,"messageKeys":{}}},"pendingPreKey":{"signedKeyId":37,"baseKey":"BfZU5YoaSNfN333Bu2KAuA6Joa/9h7Py9bhzF16h5ZsO"}}},"version":"v1"}