{"_sessions":{"BY+fx0IQWPz/fbhW+EImd+1ptApTPsY2Npd2LRDN6ztK":{"registrationId":842320037,"currentRatchet":{"ephemeralKeyPair":{"pubKey":"BQoKfJOnsC4+HNFh9arCzyc8qHx36RN6KfSvN8bSatkh","privKey":"OAp5D8MACxOMyirL43XD0WjYU6EMtJ7UecOyCjkIjXw="},"lastRemoteEphemeralKey":"BQEGng3ZVym/baHTBQP1nPqA2Lhee62nGHJyuqhAGxNm","previousCounter":0,"rootKey":"FWOJaTg1OYcFVwvulwAnu5oD3E9jTNAYJC65xpxvxYU="},"indexInfo":{"baseKey":"BY+fx0IQWPz/fbhW+EImd+1ptApTPsY2Npd2LRDN6ztK","baseKeyType":1,"closed":-1,"used":1689261767697,"created":1689261767697,"remoteIdentityKey":"BesGHvsIlXdiuo9oyLdQhdJRdgigZwpwRyRJZ8t5qzE6"},"_chains":{"BQoKfJOnsC4+HNFh9arCzyc8qHx36RN6KfSvN8bSatkh":{"chainKey":{"counter":0,"key":"52S6YocLpAWRUEOvVOhmutgBC7IAN64nbOU/dbBI0rU="},"chainType":1,"messageKeys":{}}},"pendingPreKey":{"signedKeyId":0,"baseKey":"BY+fx0IQWPz/fbhW+EImd+1ptApTPsY2Npd2LRDN6ztK","preKeyId":12172506}}},"version":"v1"}